source_id,title,authors,publication_year,venue,doi,pmid,arxiv_id,other_identifier,source_url,pdf_url,local_path,access_date,license_type,license_url,usage_status,inclusion_status,inclusion_reason,exclusion_reason,expected_content_hash,source_type,study_type,population,intervention,comparator,outcome_notes,notes
oncology-benlaifaoui-2026-dietary-intervention-through-b,Dietary intervention through bacterial-derived butyrate elicits anti-tumor activity and increases anti-PD-1 response.,Myriam Benlaïfaoui; Corentin Richard; Sébastien Hunter; Eder Orlando Méndez-Salazar; Sylva Kourtian; Julie Malo; Diogjena Katerina Prifti; Mayra Ponce; Soumia Khalfi; Wiam Belkaïd; Meriem Messaoudene; Romain Boidot; Caroline Truntzer; François Girhinghelli; Catherine Lehoux-Duboix; Petronela Ancuta; Arielle Elkrief; Valérie Marcil; Bertrand Routy,2026,Gut microbes,10.1080/19490976.2026.2699457,42454784,,PMC13374751,https://pmc.ncbi.nlm.nih.gov/articles/PMC13374751/,https://pmc-oa-opendata.s3.amazonaws.com/PMC13374751.1/PMC13374751.1.pdf?md5=50523444b1f688bb923743a76b9d8b41,PMC13374751.pdf,2026-08-08,CC BY,https://creativecommons.org/licenses/by/4.0/,approved_open_access,included,"Bulk PMC Open Access Subset acquisition matching this corpus's scope vocabulary (NSCLC + PD-1/PD-L1 checkpoint-inhibitor terms), deterministic identity/license/full-text adjudication, and a documented rule-based title scope screen excluding wrong cancer types, preclinical/mechanism-only studies, off-topic diagnostic/surgical-technique papers, and single-patient case reports. Not yet individually reviewed for the golden evidence map.",,sha256:82766ed2a9e7d3e7ee51e8d4f4455bc77c7e4cdbbc2c21a6a91aab58e2ddceb5,paper,,,,,,"Acquired via bulk PMC OA ingestion pipeline (work/oncology/acquisition_receipt.json), not individually hand-curated. study_type/population/intervention/comparator left blank pending evidence-record-level review."
oncology-liu-2026-lenvatinib-potentiates-the-ant,Lenvatinib potentiates the antitumor efficacy of combined radiotherapy and PD-L1 blockade in lung adenocarcinoma.,Yudi Liu; Ling Xiao; Xinyu Nie; Jiahua Lyu; Chengxi Tang; Linjie Li; Xue Zhang; Tao Li; Jianming Huang; Shichuan Zhang,2026,Cancer biology & therapy,10.1080/15384047.2025.2610526,41481002,,PMC12773621,https://pmc.ncbi.nlm.nih.gov/articles/PMC12773621/,https://pmc-oa-opendata.s3.amazonaws.com/PMC12773621.1/PMC12773621.1.pdf?md5=7defd8fdefd6993e76b87839be0410f0,PMC12773621.pdf,2026-08-08,CC BY,https://creativecommons.org/licenses/by/4.0/,approved_open_access,included,"Bulk PMC Open Access Subset acquisition matching this corpus's scope vocabulary (NSCLC + PD-1/PD-L1 checkpoint-inhibitor terms), deterministic identity/license/full-text adjudication, and a documented rule-based title scope screen excluding wrong cancer types, preclinical/mechanism-only studies, off-topic diagnostic/surgical-technique papers, and single-patient case reports. Not yet individually reviewed for the golden evidence map.",,sha256:294b734b580811af5c5eefba2f10bab01c0adf9f745677644539eaeb58a57c5a,paper,,,,,,"Acquired via bulk PMC OA ingestion pipeline (work/oncology/acquisition_receipt.json), not individually hand-curated. study_type/population/intervention/comparator left blank pending evidence-record-level review."
oncology-niedermaier-2026-neoadjuvant-atezolizumab-and-c,"Neoadjuvant Atezolizumab and Chemotherapy for Non-Squamous Non-Small Cell Lung Cancer: Efficacy and Safety Results of an Open-Label, Single-Arm, Phase II Trial.",Benedikt Niedermaier; Tilmann Bochtler; Florian Eichhorn; Raffaella Griffo; Laura V Klotz; Michael Allgäuer; Albrecht Stenzinger; Helge Bischoff; Marc A Schneider; Petros Christopoulos; Uwe Haberkorn; Claus Peter Heussel; Inka Zoernig; Felix J F Herth; Michael Thomas; Alexander Rölle; Hauke Winter; Axel Benner; Dirk Jaeger; Martin E Eichhorn,2026,International journal of cancer,10.1002/ijc.70508,42003237,,PMC13397192,https://pmc.ncbi.nlm.nih.gov/articles/PMC13397192/,https://pmc-oa-opendata.s3.amazonaws.com/PMC13397192.1/PMC13397192.1.pdf?md5=0df3775963e89e849820c7043ff9b28a,PMC13397192.pdf,2026-08-08,CC BY,https://creativecommons.org/licenses/by/4.0/,approved_open_access,included,"Bulk PMC Open Access Subset acquisition matching this corpus's scope vocabulary (NSCLC + PD-1/PD-L1 checkpoint-inhibitor terms), deterministic identity/license/full-text adjudication, and a documented rule-based title scope screen excluding wrong cancer types, preclinical/mechanism-only studies, off-topic diagnostic/surgical-technique papers, and single-patient case reports. Not yet individually reviewed for the golden evidence map.",,sha256:5a222948138321b1a75ea909c4a58e8fb96bf0b77d3fc8773844a5770b60afa8,paper,,,,,,"Acquired via bulk PMC OA ingestion pipeline (work/oncology/acquisition_receipt.json), not individually hand-curated. study_type/population/intervention/comparator left blank pending evidence-record-level review."
oncology-peters-2026-real-world-outcomes-of-stage-i,Real-world outcomes of stage III non-small cell lung cancer in the durvalumab era: insights from a socioeconomically deprived population.,Adam L Peters; Harrison Douglas Stubbs; Sean F Duncan; Audrey Shaw; Karen Moore; Erin McGarry; Selina Tsim; Graeme Lumsden; Mark Stares; Iain Phillips; David Y Lewis; Kevin G Blyth; John D Maclay,2026,Clinical and translational radiation oncology,10.1016/j.ctro.2026.101232,42502457,,PMC13400429,https://pmc.ncbi.nlm.nih.gov/articles/PMC13400429/,https://pmc-oa-opendata.s3.amazonaws.com/PMC13400429.1/PMC13400429.1.pdf?md5=8559f112f5a9ac5f0f22cd4a1a54be6a,PMC13400429.pdf,2026-08-08,CC BY,https://creativecommons.org/licenses/by/4.0/,approved_open_access,included,"Bulk PMC Open Access Subset acquisition matching this corpus's scope vocabulary (NSCLC + PD-1/PD-L1 checkpoint-inhibitor terms), deterministic identity/license/full-text adjudication, and a documented rule-based title scope screen excluding wrong cancer types, preclinical/mechanism-only studies, off-topic diagnostic/surgical-technique papers, and single-patient case reports. Not yet individually reviewed for the golden evidence map.",,sha256:baae38499209f54fe7bd61bdca2cb3dc839df4eb446812951ecee828fc03e218,paper,,,,,,"Acquired via bulk PMC OA ingestion pipeline (work/oncology/acquisition_receipt.json), not individually hand-curated. study_type/population/intervention/comparator left blank pending evidence-record-level review."
oncology-ma-2026-pooled-safety-profiles-of-bisp,Pooled safety profiles of bispecific antibodies targeting PD-1/CTLA-4 or PD-1/VEGF in non-small cell lung cancer: a systematic review and single-arm meta-analysis.,Jiayun Ma; Weixing Zhao,2026,Journal of the Egyptian National Cancer Institute,10.1186/s43046-026-00387-2,42554769,,PMC13442781,https://pmc.ncbi.nlm.nih.gov/articles/PMC13442781/,https://pmc-oa-opendata.s3.amazonaws.com/PMC13442781.1/PMC13442781.1.pdf?md5=c9564dc52927bdf9b065a0ec55856a86,PMC13442781.pdf,2026-08-08,CC BY,https://creativecommons.org/licenses/by/4.0/,approved_open_access,included,"Bulk PMC Open Access Subset acquisition matching this corpus's scope vocabulary (NSCLC + PD-1/PD-L1 checkpoint-inhibitor terms), deterministic identity/license/full-text adjudication, and a documented rule-based title scope screen excluding wrong cancer types, preclinical/mechanism-only studies, off-topic diagnostic/surgical-technique papers, and single-patient case reports. Not yet individually reviewed for the golden evidence map.",,sha256:a9b5f60aee1554be124e4174de8a3230a8f6b7ed2f237cb5842dcfe572e0f4c4,paper,,,,,,"Acquired via bulk PMC OA ingestion pipeline (work/oncology/acquisition_receipt.json), not individually hand-curated. study_type/population/intervention/comparator left blank pending evidence-record-level review."
oncology-kwok-2026-ccl20-released-by-drug-toleran,CCL20 Released by Drug-Tolerant Persisters Impairs Immunotherapy in EGFR-Mutant Lung Adenocarcinoma.,Hoi-Hin Kwok; Jiashuang Yang; Nerissa Chui-Mei Lee; Junyang Deng; David Chi-Leung Lam,2026,MedComm,10.1002/mco2.70888,42549034,,PMC13430502,https://pmc.ncbi.nlm.nih.gov/articles/PMC13430502/,https://pmc-oa-opendata.s3.amazonaws.com/PMC13430502.1/PMC13430502.1.pdf?md5=fd6fc54e0b0809647fd92792fe5f05ed,PMC13430502.pdf,2026-08-08,CC BY,https://creativecommons.org/licenses/by/4.0/,approved_open_access,included,"Bulk PMC Open Access Subset acquisition matching this corpus's scope vocabulary (NSCLC + PD-1/PD-L1 checkpoint-inhibitor terms), deterministic identity/license/full-text adjudication, and a documented rule-based title scope screen excluding wrong cancer types, preclinical/mechanism-only studies, off-topic diagnostic/surgical-technique papers, and single-patient case reports. Not yet individually reviewed for the golden evidence map.",,sha256:4f2c2c5883c11b380ea58be8d0caa66a406804ead9677f727b22bfac710f820f,paper,,,,,,"Acquired via bulk PMC OA ingestion pipeline (work/oncology/acquisition_receipt.json), not individually hand-curated. study_type/population/intervention/comparator left blank pending evidence-record-level review."
oncology-wiest-2026-differential-effects-of-prior,"Differential effects of prior versus concomitant Steroid and Antibiotic Treatment on Immunotherapy Efficacy - A Pooled Analysis of the RAMONA, INTEGA, OPTIM, ELDORANDO, FORCE, TITAN-RCC and TITAN-TCC Trials of the German AIO Study Group.",Isabella C Wiest; Lena Dreikhausen; Ralph Keller; Marcos Marin-Galiano; Laurence Albiges; Johannes Meran; Katharina Leucht; Stefan Rieken; Emilio Esteban; Friedemann Zengerling; Joseph Tintelnot; Marc-Oliver Grimm; Farastuk Bozorgmehr; Petros Christopoulos; Alexander Stein; Mascha Binder; Nicolai Härtel; Konrad Klinghammer; Viktor Grünwald; Michael Pogorzelski; Matthias P Ebert,2026,British journal of cancer,10.1038/s41416-026-03428-8,42156980,,PMC13427731,https://pmc.ncbi.nlm.nih.gov/articles/PMC13427731/,https://pmc-oa-opendata.s3.amazonaws.com/PMC13427731.1/PMC13427731.1.pdf?md5=47342c5f69282bc00276a527c457e85f,PMC13427731.pdf,2026-08-08,CC BY,https://creativecommons.org/licenses/by/4.0/,approved_open_access,included,"Bulk PMC Open Access Subset acquisition matching this corpus's scope vocabulary (NSCLC + PD-1/PD-L1 checkpoint-inhibitor terms), deterministic identity/license/full-text adjudication, and a documented rule-based title scope screen excluding wrong cancer types, preclinical/mechanism-only studies, off-topic diagnostic/surgical-technique papers, and single-patient case reports. Not yet individually reviewed for the golden evidence map.",,sha256:3a92682eba38231f958da218a7f93686bf239eac1961d69af5af4250b951be3c,paper,,,,,,"Acquired via bulk PMC OA ingestion pipeline (work/oncology/acquisition_receipt.json), not individually hand-curated. study_type/population/intervention/comparator left blank pending evidence-record-level review."
oncology-huang-2026-safety-profile-of-camrelizumab,Safety profile of camrelizumab: An analysis based on literature and database review.,Yi Huang; Wei Li,2026,PloS one,10.1371/journal.pone.0354252,42490631,,PMC13395421,https://pmc.ncbi.nlm.nih.gov/articles/PMC13395421/,https://pmc-oa-opendata.s3.amazonaws.com/PMC13395421.1/PMC13395421.1.pdf?md5=d4426ac52d551032c46bc6bcda193e77,PMC13395421.pdf,2026-08-08,CC BY,https://creativecommons.org/licenses/by/4.0/,approved_open_access,included,"Bulk PMC Open Access Subset acquisition matching this corpus's scope vocabulary (NSCLC + PD-1/PD-L1 checkpoint-inhibitor terms), deterministic identity/license/full-text adjudication, and a documented rule-based title scope screen excluding wrong cancer types, preclinical/mechanism-only studies, off-topic diagnostic/surgical-technique papers, and single-patient case reports. Not yet individually reviewed for the golden evidence map.",,sha256:b184cc0496e4d643afb6de0b37b2d503bbd78686ce54f2a05cf54e32470f8570,paper,,,,,,"Acquired via bulk PMC OA ingestion pipeline (work/oncology/acquisition_receipt.json), not individually hand-curated. study_type/population/intervention/comparator left blank pending evidence-record-level review."
oncology-karatl-2026-proton-pump-inhibitor-use-and,Proton Pump Inhibitor Use and Survival Outcomes in Patients with Advanced Non-Small-Cell Lung Cancer Receiving Immunotherapy: A Real-World Study.,Salih Karatlı; Seher Kaya; Selahattin Çelik; Ayşegül İlhan; Özgen Ahmet Yıldırım,2026,"Medicina (Kaunas, Lithuania)",10.3390/medicina62071413,42512955,,PMC13413673,https://pmc.ncbi.nlm.nih.gov/articles/PMC13413673/,https://pmc-oa-opendata.s3.amazonaws.com/PMC13413673.1/PMC13413673.1.pdf?md5=e73fc2f4d9d34d3552b2186e79b99cd0,PMC13413673.pdf,2026-08-08,CC BY,https://creativecommons.org/licenses/by/4.0/,approved_open_access,included,"Bulk PMC Open Access Subset acquisition matching this corpus's scope vocabulary (NSCLC + PD-1/PD-L1 checkpoint-inhibitor terms), deterministic identity/license/full-text adjudication, and a documented rule-based title scope screen excluding wrong cancer types, preclinical/mechanism-only studies, off-topic diagnostic/surgical-technique papers, and single-patient case reports. Not yet individually reviewed for the golden evidence map.",,sha256:191e8f3c6552889492f1a87ab57d2fd0452e6a8f810fb3de42b74db819298f86,paper,,,,,,"Acquired via bulk PMC OA ingestion pipeline (work/oncology/acquisition_receipt.json), not individually hand-curated. study_type/population/intervention/comparator left blank pending evidence-record-level review."
oncology-meng-2026-plasticity-of-non-apoptotic-re,Plasticity of Non-Apoptotic Residual Tumor Cells After Neoadjuvant Immunochemotherapy: Epigenetic and Microenvironmental Determinants.,Wenjun Meng; Ruiyue Li; Peiliang Xie; Bangyi Xiang; Qing Li,2026,Biomolecules,10.3390/biom16071065,42509857,,PMC13406927,https://pmc.ncbi.nlm.nih.gov/articles/PMC13406927/,https://pmc-oa-opendata.s3.amazonaws.com/PMC13406927.1/PMC13406927.1.pdf?md5=45750c2745be9856dab5c3961632e131,PMC13406927.pdf,2026-08-08,CC BY,https://creativecommons.org/licenses/by/4.0/,approved_open_access,included,"Bulk PMC Open Access Subset acquisition matching this corpus's scope vocabulary (NSCLC + PD-1/PD-L1 checkpoint-inhibitor terms), deterministic identity/license/full-text adjudication, and a documented rule-based title scope screen excluding wrong cancer types, preclinical/mechanism-only studies, off-topic diagnostic/surgical-technique papers, and single-patient case reports. Not yet individually reviewed for the golden evidence map.",,sha256:b66f1f4261e24668c16b118931c466d782566e849d52846e5cb02ff09f96030c,paper,,,,,,"Acquired via bulk PMC OA ingestion pipeline (work/oncology/acquisition_receipt.json), not individually hand-curated. study_type/population/intervention/comparator left blank pending evidence-record-level review."
oncology-lin-2026-repurposed-ethoxzolamide-repro,Repurposed ethoxzolamide reprograms antitumor immunity through β-TrCP-dependent PD-L1 ubiquitination.,Xuwen Lin; Qun Wang; Mengting Xu; Dianping Yu; Hongmei Hu; Qing Zhang; Jiannan Yao; Mei Xie; Hanchi Xu; Xuefeng Zang; Jia Li; Yu Chen; Linyang Li; Xiaoyu Tao; Xinru Li; Simeng Li; Shize Xie; Yating Tian; Weidong Zhang; Sanhong Liu; Xinying Xue,2026,Cell reports. Medicine,10.1016/j.xcrm.2026.102920,42442361,,PMC13400190,https://pmc.ncbi.nlm.nih.gov/articles/PMC13400190/,https://pmc-oa-opendata.s3.amazonaws.com/PMC13400190.1/PMC13400190.1.pdf?md5=809d1129361716bfc628bad37c676fcc,PMC13400190.pdf,2026-08-08,CC BY,https://creativecommons.org/licenses/by/4.0/,approved_open_access,included,"Bulk PMC Open Access Subset acquisition matching this corpus's scope vocabulary (NSCLC + PD-1/PD-L1 checkpoint-inhibitor terms), deterministic identity/license/full-text adjudication, and a documented rule-based title scope screen excluding wrong cancer types, preclinical/mechanism-only studies, off-topic diagnostic/surgical-technique papers, and single-patient case reports. Not yet individually reviewed for the golden evidence map.",,sha256:53f93784c770b5da7e5f822e4e92aa32654c010d6b993ffc386d59fa029407eb,paper,,,,,,"Acquired via bulk PMC OA ingestion pipeline (work/oncology/acquisition_receipt.json), not individually hand-curated. study_type/population/intervention/comparator left blank pending evidence-record-level review."
oncology-rosas-2026-kras-g12c-targeted-therapy-in,KRAS G12C-Targeted Therapy in Non-Small Cell Lung Cancer: From Resistant Salvage to Potential First-Line Backbone.,Daniel Rosas; Priyanka Barad; Jervon Wright; Luis Raez,2026,International journal of molecular sciences,10.3390/ijms27146455,42511798,,PMC13411004,https://pmc.ncbi.nlm.nih.gov/articles/PMC13411004/,https://pmc-oa-opendata.s3.amazonaws.com/PMC13411004.1/PMC13411004.1.pdf?md5=1663d45c22e29bec8b1502a89787a045,PMC13411004.pdf,2026-08-08,CC BY,https://creativecommons.org/licenses/by/4.0/,approved_open_access,included,"Bulk PMC Open Access Subset acquisition matching this corpus's scope vocabulary (NSCLC + PD-1/PD-L1 checkpoint-inhibitor terms), deterministic identity/license/full-text adjudication, and a documented rule-based title scope screen excluding wrong cancer types, preclinical/mechanism-only studies, off-topic diagnostic/surgical-technique papers, and single-patient case reports. Not yet individually reviewed for the golden evidence map.",,sha256:a1afc2a6ad1aba35f6f66c2de4b398682d74a0978f2f5b5e3bdf5c9349f60bf8,paper,,,,,,"Acquired via bulk PMC OA ingestion pipeline (work/oncology/acquisition_receipt.json), not individually hand-curated. study_type/population/intervention/comparator left blank pending evidence-record-level review."
oncology-stuschke-2026-durvalumab-consolidation-after,"Durvalumab Consolidation After Definitive Chemoradiotherapy in Patients with Unresectable Stage III Non-Small Cell Lung Cancer: A Real-World Cohort Analysis from the German Prospective, Observational CRISP Registry (AIO-TRK-0315).",Martin Stuschke; Michael Thomas; Andreas Gröschel; Martin Sebastian; Martin Reck; Petra Hoffknecht; Christian Grah; Lisa Spring; Martina Jänicke; Carolin Lennartz; Paula Ludwig; Annika Groth; Parvis Sadjadian; Petros Christopoulos; Daniel Christian Christoph; Frank Griesinger; Bernward Passlick; Wilfried E E Eberhardt; CRISP Registry Group,2026,Cancers,10.3390/cancers18142316,42512379,,PMC13407345,https://pmc.ncbi.nlm.nih.gov/articles/PMC13407345/,https://pmc-oa-opendata.s3.amazonaws.com/PMC13407345.1/PMC13407345.1.pdf?md5=c6df7daa83857f793fdccf5cfbc3bbd9,PMC13407345.pdf,2026-08-08,CC BY,https://creativecommons.org/licenses/by/4.0/,approved_open_access,included,"Bulk PMC Open Access Subset acquisition matching this corpus's scope vocabulary (NSCLC + PD-1/PD-L1 checkpoint-inhibitor terms), deterministic identity/license/full-text adjudication, and a documented rule-based title scope screen excluding wrong cancer types, preclinical/mechanism-only studies, off-topic diagnostic/surgical-technique papers, and single-patient case reports. Not yet individually reviewed for the golden evidence map.",,sha256:d1fea5a5b53ab97f41d847ec719d8faec7f0511f3153d7b6f9632632b0bbe749,paper,,,,,,"Acquired via bulk PMC OA ingestion pipeline (work/oncology/acquisition_receipt.json), not individually hand-curated. study_type/population/intervention/comparator left blank pending evidence-record-level review."
oncology-stamopoulos-2026-shp-2-expression-is-a-positive,SHP-2 Expression Is a Positive Prognostic Biomarker in Non-Small-Cell Lung Carcinoma: Association with KRAS Mutation and Prolonged Survival.,Konstantinos Stamopoulos; Georgios Pilichos; Eleni Karatrasoglou; Penelope Korkolopoulou; Stratigoula Sakellariou,2026,Pathophysiology : the official journal of the International Society for Pathophysiology,10.3390/pathophysiology33030052,42496434,,PMC13397922,https://pmc.ncbi.nlm.nih.gov/articles/PMC13397922/,https://pmc-oa-opendata.s3.amazonaws.com/PMC13397922.1/PMC13397922.1.pdf?md5=bdf1e0dde6eff66f92435c383fff5e5e,PMC13397922.pdf,2026-08-08,CC BY,https://creativecommons.org/licenses/by/4.0/,approved_open_access,included,"Bulk PMC Open Access Subset acquisition matching this corpus's scope vocabulary (NSCLC + PD-1/PD-L1 checkpoint-inhibitor terms), deterministic identity/license/full-text adjudication, and a documented rule-based title scope screen excluding wrong cancer types, preclinical/mechanism-only studies, off-topic diagnostic/surgical-technique papers, and single-patient case reports. Not yet individually reviewed for the golden evidence map.",,sha256:99bafab66a9950959998be24b72a122e6fe3c221b5b949027cc9f18ff86fb840,paper,,,,,,"Acquired via bulk PMC OA ingestion pipeline (work/oncology/acquisition_receipt.json), not individually hand-curated. study_type/population/intervention/comparator left blank pending evidence-record-level review."
oncology-qie-2026-predicting-response-to-immune,Predicting response to immune checkpoint inhibitor plus chemotherapy in EGFR-mutant lung adenocarcinoma following first-generation TKI resistance: a multicenter deep learning study.,Shuai Qie; Yasong Shi; Jingyun Li; Sicong Jia; Xiaoping Yin,2026,Frontiers in immunology,10.3389/fimmu.2026.1760264,42539527,,PMC13423859,https://pmc.ncbi.nlm.nih.gov/articles/PMC13423859/,https://pmc-oa-opendata.s3.amazonaws.com/PMC13423859.1/PMC13423859.1.pdf?md5=dd2c9fdd4506dffcb6e40eed3606baa6,PMC13423859.pdf,2026-08-08,CC BY,https://creativecommons.org/licenses/by/4.0/,approved_open_access,included,"Bulk PMC Open Access Subset acquisition matching this corpus's scope vocabulary (NSCLC + PD-1/PD-L1 checkpoint-inhibitor terms), deterministic identity/license/full-text adjudication, and a documented rule-based title scope screen excluding wrong cancer types, preclinical/mechanism-only studies, off-topic diagnostic/surgical-technique papers, and single-patient case reports. Not yet individually reviewed for the golden evidence map.",,sha256:a89964edd95df34ab2b77ec3e9c23c7c78da483f8fa25b6ea7f9df597ae97733,paper,,,,,,"Acquired via bulk PMC OA ingestion pipeline (work/oncology/acquisition_receipt.json), not individually hand-curated. study_type/population/intervention/comparator left blank pending evidence-record-level review."
oncology-bruges-2026-molecular-testing-first-line-t,"Molecular testing, first-line treatment patterns, and survival in metastatic Colombian non-small cell lung cancer: the RECAPC multicenter registry.",Ricardo Brugés; Pedro Ramos; Milton Lombana; Anderson Osma; Néstor Llinás; Javier Cuello; Andrés Yepes; Ray Manneh; Anabelly Coronel; Rebeca Granadillo; Carolina López; Álvaro Osorio; Daniel Santa; Natalia Arango; William Mantilla; Diego Gómez,2026,Frontiers in oncology,10.3389/fonc.2026.1863940,42539508,,PMC13423713,https://pmc.ncbi.nlm.nih.gov/articles/PMC13423713/,https://pmc-oa-opendata.s3.amazonaws.com/PMC13423713.1/PMC13423713.1.pdf?md5=13beeaf4f55fdd7f85486fb8f278cb89,PMC13423713.pdf,2026-08-08,CC BY,https://creativecommons.org/licenses/by/4.0/,approved_open_access,included,"Bulk PMC Open Access Subset acquisition matching this corpus's scope vocabulary (NSCLC + PD-1/PD-L1 checkpoint-inhibitor terms), deterministic identity/license/full-text adjudication, and a documented rule-based title scope screen excluding wrong cancer types, preclinical/mechanism-only studies, off-topic diagnostic/surgical-technique papers, and single-patient case reports. Not yet individually reviewed for the golden evidence map.",,sha256:9c0d69898d94e0d41c0de12022f77c795a9f5ea1118c71e09a6525cc3af37c32,paper,,,,,,"Acquired via bulk PMC OA ingestion pipeline (work/oncology/acquisition_receipt.json), not individually hand-curated. study_type/population/intervention/comparator left blank pending evidence-record-level review."
oncology-ion-andrei-2026-chronic-air-pollution-exposure,Chronic Air Pollution Exposure and the Immunomolecular Profile of Lung Cancer: A Regional Cohort Study.,Denisa-Gabriela Ion-Andrei; Andreea Barde; Cristina Cioti; Izabela Ciofu; Ștefan Dumitrache-Rujinski; Oana Cristina Arghir; Cristian Opariuc-Dan; Elena Danteș,2026,Biomedicines,10.3390/biomedicines14071615,42512086,,PMC13406601,https://pmc.ncbi.nlm.nih.gov/articles/PMC13406601/,https://pmc-oa-opendata.s3.amazonaws.com/PMC13406601.1/PMC13406601.1.pdf?md5=deb0da5d1a99712ee4eba3b94ab213ad,PMC13406601.pdf,2026-08-08,CC BY,https://creativecommons.org/licenses/by/4.0/,approved_open_access,included,"Bulk PMC Open Access Subset acquisition matching this corpus's scope vocabulary (NSCLC + PD-1/PD-L1 checkpoint-inhibitor terms), deterministic identity/license/full-text adjudication, and a documented rule-based title scope screen excluding wrong cancer types, preclinical/mechanism-only studies, off-topic diagnostic/surgical-technique papers, and single-patient case reports. Not yet individually reviewed for the golden evidence map.",,sha256:94158a8be1a0c1fd0efa06992c5a0d635558400a73f1ea0a260ea547fa1aa885,paper,,,,,,"Acquired via bulk PMC OA ingestion pipeline (work/oncology/acquisition_receipt.json), not individually hand-curated. study_type/population/intervention/comparator left blank pending evidence-record-level review."
oncology-soliman-2026-efficacy-and-safety-of-metrono,Efficacy and safety of metronomic oral vinorelbine in elderly patients with locally advanced and metastatic non-small cell lung cancer.,Sharehan Hassan Soliman; Mahinour Mohamed Atef,2026,BMC cancer,10.1186/s12885-026-16517-x,42464189,,PMC13393617,https://pmc.ncbi.nlm.nih.gov/articles/PMC13393617/,https://pmc-oa-opendata.s3.amazonaws.com/PMC13393617.1/PMC13393617.1.pdf?md5=ac125969bcac2de4f233d881275cf25d,PMC13393617.pdf,2026-08-08,CC BY,https://creativecommons.org/licenses/by/4.0/,approved_open_access,included,"Bulk PMC Open Access Subset acquisition matching this corpus's scope vocabulary (NSCLC + PD-1/PD-L1 checkpoint-inhibitor terms), deterministic identity/license/full-text adjudication, and a documented rule-based title scope screen excluding wrong cancer types, preclinical/mechanism-only studies, off-topic diagnostic/surgical-technique papers, and single-patient case reports. Not yet individually reviewed for the golden evidence map.",,sha256:ffb69b79c064e7160c16549b6c01c1bdfe3264366f88953e6c67691f2c6e8bfa,paper,,,,,,"Acquired via bulk PMC OA ingestion pipeline (work/oncology/acquisition_receipt.json), not individually hand-curated. study_type/population/intervention/comparator left blank pending evidence-record-level review."
oncology-gumuzio-2026-immune-checkpoint-crosstalk-ct,Immune checkpoint crosstalk: CTLA-4/CD80 engagement as a predictor of anti-PD-1/PD-L1 therapy outcome in NSCLC.,Juan Gumuzio; James Miles; Nicole Quimi; Markel Rementeria; Cristina Cacho; Laura Camacho; Erica J Geraedts; Kim van Elst; Fernando Aguirre; Peter J Parker; Véronique Calleja,2026,Frontiers in immunology,10.3389/fimmu.2026.1783685,42535087,,PMC13422567,https://pmc.ncbi.nlm.nih.gov/articles/PMC13422567/,https://pmc-oa-opendata.s3.amazonaws.com/PMC13422567.1/PMC13422567.1.pdf?md5=db88184b42a7bb1f0155437eb48dde0a,PMC13422567.pdf,2026-08-08,CC BY,https://creativecommons.org/licenses/by/4.0/,approved_open_access,included,"Bulk PMC Open Access Subset acquisition matching this corpus's scope vocabulary (NSCLC + PD-1/PD-L1 checkpoint-inhibitor terms), deterministic identity/license/full-text adjudication, and a documented rule-based title scope screen excluding wrong cancer types, preclinical/mechanism-only studies, off-topic diagnostic/surgical-technique papers, and single-patient case reports. Not yet individually reviewed for the golden evidence map.",,sha256:ca61f5b1c50e9cf6bbab14657ea31f8fb9a2b62c2d01c96945b0552e3401dba3,paper,,,,,,"Acquired via bulk PMC OA ingestion pipeline (work/oncology/acquisition_receipt.json), not individually hand-curated. study_type/population/intervention/comparator left blank pending evidence-record-level review."
oncology-wang-2026-gpx4-defines-an-immune-cold-ph,GPX4 Defines an Immune-Cold Phenotype and Poor Prognosis in Resected Lung Adenocarcinoma.,Ganxin Wang; Zhongan Liu; Tian Zhou; Boting Yang; Jiaqin Chen; Jing Chen; Kai Huang; Yunqing Xu; Quan Tang; Xiangqian Yin; Guangqin Xiao; Sijia Zhang,2026,Oncology research,10.32604/or.2026.083840,42500575,,PMC13397352,https://pmc.ncbi.nlm.nih.gov/articles/PMC13397352/,https://pmc-oa-opendata.s3.amazonaws.com/PMC13397352.1/PMC13397352.1.pdf?md5=f6202ed4cc83fdd20e416b1bda0cc2a9,PMC13397352.pdf,2026-08-08,CC BY,https://creativecommons.org/licenses/by/4.0/,approved_open_access,included,"Bulk PMC Open Access Subset acquisition matching this corpus's scope vocabulary (NSCLC + PD-1/PD-L1 checkpoint-inhibitor terms), deterministic identity/license/full-text adjudication, and a documented rule-based title scope screen excluding wrong cancer types, preclinical/mechanism-only studies, off-topic diagnostic/surgical-technique papers, and single-patient case reports. Not yet individually reviewed for the golden evidence map.",,sha256:916c1331615dedfce7fc1f8cf9a50b40011d636f791e55d1df1d1cbfefded796,paper,,,,,,"Acquired via bulk PMC OA ingestion pipeline (work/oncology/acquisition_receipt.json), not individually hand-curated. study_type/population/intervention/comparator left blank pending evidence-record-level review."
oncology-gu-2026-stromal-derived-il-8-promotes,Stromal-Derived IL-8 Promotes M2 Macrophage Polarization via the RhoA/MRTF-A/SRF Transcriptional Axis to Impair CD8+ T Cell Cytotoxicity in Lung Cancer.,Xuyu Gu; Qiyu Fang; Jia Yu; Ting Yu; Huashan Shi; Kaiqi Jin; Lei Jiang; Wentian Zhang,2026,"Advanced science (Weinheim, Baden-Wurttemberg, Germany)",10.1002/advs.202508001,42460645,,PMC13373892,https://pmc.ncbi.nlm.nih.gov/articles/PMC13373892/,https://pmc-oa-opendata.s3.amazonaws.com/PMC13373892.1/PMC13373892.1.pdf?md5=459876f2bc88632909d08432949b8388,PMC13373892.pdf,2026-08-08,CC BY,https://creativecommons.org/licenses/by/4.0/,approved_open_access,included,"Bulk PMC Open Access Subset acquisition matching this corpus's scope vocabulary (NSCLC + PD-1/PD-L1 checkpoint-inhibitor terms), deterministic identity/license/full-text adjudication, and a documented rule-based title scope screen excluding wrong cancer types, preclinical/mechanism-only studies, off-topic diagnostic/surgical-technique papers, and single-patient case reports. Not yet individually reviewed for the golden evidence map.",,sha256:ca17dcdfed9b309110fb51c802ec902bb3caa9e5cc0d23e1906fb5f248837e14,paper,,,,,,"Acquired via bulk PMC OA ingestion pipeline (work/oncology/acquisition_receipt.json), not individually hand-curated. study_type/population/intervention/comparator left blank pending evidence-record-level review."
oncology-wu-2026-efficacy-of-first-line-treatme,Efficacy of first-line treatment in driver gene-negative non-small cell lung cancer with liver metastases: a Bayesian network meta-analysis.,Weiqian Wu; Xiaoyu Guo; Xueqi Dong; Hongyuan Liang; Lingyun Zhang,2026,Frontiers in immunology,10.3389/fimmu.2026.1791664,42529281,,PMC13416637,https://pmc.ncbi.nlm.nih.gov/articles/PMC13416637/,https://pmc-oa-opendata.s3.amazonaws.com/PMC13416637.1/PMC13416637.1.pdf?md5=458220684bfdeb03dc17c9a0b311e31a,PMC13416637.pdf,2026-08-08,CC BY,https://creativecommons.org/licenses/by/4.0/,approved_open_access,included,"Bulk PMC Open Access Subset acquisition matching this corpus's scope vocabulary (NSCLC + PD-1/PD-L1 checkpoint-inhibitor terms), deterministic identity/license/full-text adjudication, and a documented rule-based title scope screen excluding wrong cancer types, preclinical/mechanism-only studies, off-topic diagnostic/surgical-technique papers, and single-patient case reports. Not yet individually reviewed for the golden evidence map.",,sha256:7e375ed1b6e52c1ac687b019faaf0188f931717d60a68a8982df19bcb2d393ef,paper,,,,,,"Acquired via bulk PMC OA ingestion pipeline (work/oncology/acquisition_receipt.json), not individually hand-curated. study_type/population/intervention/comparator left blank pending evidence-record-level review."
oncology-goulielmaki-2026-peripheral-t-cell-receptor-rep,Peripheral T-Cell Receptor β Repertoire Dynamics Correlate with Response to Anti-PD-L1 Therapy in Non-Small Cell Lung Cancer.,Maria Goulielmaki; Sotirios P Fortis; Anastasia Xagara; Panagiota Batsaki; Theodoros Loupis; Giannis Vatsellas; Dimitrios M Vrachnos; Alexandra Voutsina; Filippos Koinis; Evangelia Chantzara; Katerina Oikonomaki; Stavroula Samara; Georgia Christopoulou; Pantelis Constantoulakis; Periklis Makrythanasis; Anna Koumarianou; Ioannis S Pateras; Vasilis Georgoulias; Athanasios Kotsakis; Constantin N Baxevanis; Angelos D Gritzapis,2026,Cancers,10.3390/cancers18142241,42512307,,PMC13406223,https://pmc.ncbi.nlm.nih.gov/articles/PMC13406223/,https://pmc-oa-opendata.s3.amazonaws.com/PMC13406223.1/PMC13406223.1.pdf?md5=89562140111d6b2b0ac450389dcacb75,PMC13406223.pdf,2026-08-08,CC BY,https://creativecommons.org/licenses/by/4.0/,approved_open_access,included,"Bulk PMC Open Access Subset acquisition matching this corpus's scope vocabulary (NSCLC + PD-1/PD-L1 checkpoint-inhibitor terms), deterministic identity/license/full-text adjudication, and a documented rule-based title scope screen excluding wrong cancer types, preclinical/mechanism-only studies, off-topic diagnostic/surgical-technique papers, and single-patient case reports. Not yet individually reviewed for the golden evidence map.",,sha256:d0b05959da4275e481ae35a1bf931540b2e14ff6152b6c2b04569b18a124ee7a,paper,,,,,,"Acquired via bulk PMC OA ingestion pipeline (work/oncology/acquisition_receipt.json), not individually hand-curated. study_type/population/intervention/comparator left blank pending evidence-record-level review."
oncology-honda-2026-stratification-of-prognosis-in,Stratification of Prognosis in Pulmonary Pleomorphic Carcinoma Based on Integrated PD-L1 and Multiparametric Biomarker Analysis.,Yohei Honda; Shohei Shimajiri; Takehiko Manabe; Yukiko Nemoto; Rintaro Oyama; Natsumasa Nishizawa; Hiroki Matsumiya; Yusuke Nabe; Masaru Takenaka; Koji Kuroda; Fumihiro Tanaka; Hidetaka Uramoto,2026,Cancers,10.3390/cancers18142240,42512306,,PMC13406615,https://pmc.ncbi.nlm.nih.gov/articles/PMC13406615/,https://pmc-oa-opendata.s3.amazonaws.com/PMC13406615.1/PMC13406615.1.pdf?md5=35b63002a8014c858539f9449ac3bae5,PMC13406615.pdf,2026-08-08,CC BY,https://creativecommons.org/licenses/by/4.0/,approved_open_access,included,"Bulk PMC Open Access Subset acquisition matching this corpus's scope vocabulary (NSCLC + PD-1/PD-L1 checkpoint-inhibitor terms), deterministic identity/license/full-text adjudication, and a documented rule-based title scope screen excluding wrong cancer types, preclinical/mechanism-only studies, off-topic diagnostic/surgical-technique papers, and single-patient case reports. Not yet individually reviewed for the golden evidence map.",,sha256:e6d44f770fedb4195d78464207fce3fdbace374700983aa2026bebed69aa3c4a,paper,,,,,,"Acquired via bulk PMC OA ingestion pipeline (work/oncology/acquisition_receipt.json), not individually hand-curated. study_type/population/intervention/comparator left blank pending evidence-record-level review."
oncology-zheng-2026-cisplatin-induced-rab27a-b-exo,Cisplatin-Induced Rab27A/B Exosomal PD-L1 Axis Suppresses Antitumor Immunity and Correlates with Poor 5-Year Survival in Lung Squamous Cell Carcinoma and Adenocarcinoma.,Jing-Quan Zheng; Chin-Hua You; Tung-Yu Tiong; Bo-Jung Chen; Jou-Chun Chou,2026,Current issues in molecular biology,10.3390/cimb48070697,42510937,,PMC13406751,https://pmc.ncbi.nlm.nih.gov/articles/PMC13406751/,https://pmc-oa-opendata.s3.amazonaws.com/PMC13406751.1/PMC13406751.1.pdf?md5=2437b540f297bd2dcfb6ddf68ca3ed17,PMC13406751.pdf,2026-08-08,CC BY,https://creativecommons.org/licenses/by/4.0/,approved_open_access,included,"Bulk PMC Open Access Subset acquisition matching this corpus's scope vocabulary (NSCLC + PD-1/PD-L1 checkpoint-inhibitor terms), deterministic identity/license/full-text adjudication, and a documented rule-based title scope screen excluding wrong cancer types, preclinical/mechanism-only studies, off-topic diagnostic/surgical-technique papers, and single-patient case reports. Not yet individually reviewed for the golden evidence map.",,sha256:914373a6d329212eaa4ffcfa09c35aadd274295581fc771d50c85bdda8d16723,paper,,,,,,"Acquired via bulk PMC OA ingestion pipeline (work/oncology/acquisition_receipt.json), not individually hand-curated. study_type/population/intervention/comparator left blank pending evidence-record-level review."
oncology-alan-2026-crosstalk-between-opioids-and,Crosstalk Between Opioids and the Anti-Tumour Immune Checkpoint Axis.,Parsa Alan; Marie-Odile Parat,2026,"Current oncology (Toronto, Ont.)",10.3390/curroncol33070411,42505213,,PMC13408039,https://pmc.ncbi.nlm.nih.gov/articles/PMC13408039/,https://pmc-oa-opendata.s3.amazonaws.com/PMC13408039.1/PMC13408039.1.pdf?md5=405e717794c8affd8c1a6cedaa056b04,PMC13408039.pdf,2026-08-08,CC BY,https://creativecommons.org/licenses/by/4.0/,approved_open_access,included,"Bulk PMC Open Access Subset acquisition matching this corpus's scope vocabulary (NSCLC + PD-1/PD-L1 checkpoint-inhibitor terms), deterministic identity/license/full-text adjudication, and a documented rule-based title scope screen excluding wrong cancer types, preclinical/mechanism-only studies, off-topic diagnostic/surgical-technique papers, and single-patient case reports. Not yet individually reviewed for the golden evidence map.",,sha256:d1e7b0a5a8e55d7e15e67b5d23d33a7769fea3ea913b5b65be3cd47e6dc95915,paper,,,,,,"Acquired via bulk PMC OA ingestion pipeline (work/oncology/acquisition_receipt.json), not individually hand-curated. study_type/population/intervention/comparator left blank pending evidence-record-level review."
oncology-demirkran-2026-prognostic-impact-of-the-syste,Prognostic Impact of the Systemic Immune-Inflammation Index According to Concurrent Chemotherapy Backbone in Stage III Non-Small Cell Lung Cancer.,Aykut Demirkıran; Murat Araz; Melek Karakurt Eryılmaz; Mustafa Karaağaç; Muhammed Muhiddin Er; Berrin Benli Yavuz; Mehmet Artaç,2026,"Current oncology (Toronto, Ont.)",10.3390/curroncol33070407,42505209,,PMC13409485,https://pmc.ncbi.nlm.nih.gov/articles/PMC13409485/,https://pmc-oa-opendata.s3.amazonaws.com/PMC13409485.1/PMC13409485.1.pdf?md5=3cfdf79929d326456837349b411600f9,PMC13409485.pdf,2026-08-08,CC BY,https://creativecommons.org/licenses/by/4.0/,approved_open_access,included,"Bulk PMC Open Access Subset acquisition matching this corpus's scope vocabulary (NSCLC + PD-1/PD-L1 checkpoint-inhibitor terms), deterministic identity/license/full-text adjudication, and a documented rule-based title scope screen excluding wrong cancer types, preclinical/mechanism-only studies, off-topic diagnostic/surgical-technique papers, and single-patient case reports. Not yet individually reviewed for the golden evidence map.",,sha256:f3b725466e67249459883236d6b52bcdd3461c8ba3526f9befe1637a37b737f4,paper,,,,,,"Acquired via bulk PMC OA ingestion pipeline (work/oncology/acquisition_receipt.json), not individually hand-curated. study_type/population/intervention/comparator left blank pending evidence-record-level review."
oncology-yuan-2026-primary-and-acquired-resistanc,Primary and acquired resistance to immunotherapy in NSCLC.,Bo Yuan; Wenzhi Deng; Juan Luo; Yu Xin; Xiulin Jiang; Xinrong Liu; Quan Cai,2026,Frontiers in immunology,10.3389/fimmu.2026.1864819,42495623,,PMC13391837,https://pmc.ncbi.nlm.nih.gov/articles/PMC13391837/,https://pmc-oa-opendata.s3.amazonaws.com/PMC13391837.1/PMC13391837.1.pdf?md5=fe28a717e766947c3eafcc6da52bcd05,PMC13391837.pdf,2026-08-08,CC BY,https://creativecommons.org/licenses/by/4.0/,approved_open_access,included,"Bulk PMC Open Access Subset acquisition matching this corpus's scope vocabulary (NSCLC + PD-1/PD-L1 checkpoint-inhibitor terms), deterministic identity/license/full-text adjudication, and a documented rule-based title scope screen excluding wrong cancer types, preclinical/mechanism-only studies, off-topic diagnostic/surgical-technique papers, and single-patient case reports. Not yet individually reviewed for the golden evidence map.",,sha256:ff5de50128923386c89735f5a5ad640ed8c4f3127daa29316fa61383208b0222,paper,,,,,,"Acquired via bulk PMC OA ingestion pipeline (work/oncology/acquisition_receipt.json), not individually hand-curated. study_type/population/intervention/comparator left blank pending evidence-record-level review."
oncology-buro-2026-metagenomic-and-metabolomic-co,Metagenomic and Metabolomic Correlates of Immunotherapy Response in Non-Small Cell Lung Cancer.,Acadia W Buro; Maria F Gomez; Yumi Kim; Nathan P Ward; Mark Umbarger; Lanying Ma; Ayin Vala; Stephanie Hogue; Wildson Viera Silva; Alexis Bailey; Christine M Pierce; Youngchul Kim; Gina M DeNicola; Doratha A Byrd; Lary A Robinson,2026,Research square,10.21203/rs.3.rs-10107631/v1,42466390,,PMC13370620,https://pmc.ncbi.nlm.nih.gov/articles/PMC13370620/,https://pmc-oa-opendata.s3.amazonaws.com/PMC13370620.1/PMC13370620.1.pdf?md5=0f51f8c7ccd531343488cbf8e3ae1877,PMC13370620.pdf,2026-08-08,CC BY,https://creativecommons.org/licenses/by/4.0/,approved_open_access,included,"Bulk PMC Open Access Subset acquisition matching this corpus's scope vocabulary (NSCLC + PD-1/PD-L1 checkpoint-inhibitor terms), deterministic identity/license/full-text adjudication, and a documented rule-based title scope screen excluding wrong cancer types, preclinical/mechanism-only studies, off-topic diagnostic/surgical-technique papers, and single-patient case reports. Not yet individually reviewed for the golden evidence map.",,sha256:a4c7b6cbf4882a767ffeacdaa605e5b9f1d745cdcfff5a4baecb28f5e4bf4a92,paper,,,,,,"Acquired via bulk PMC OA ingestion pipeline (work/oncology/acquisition_receipt.json), not individually hand-curated. study_type/population/intervention/comparator left blank pending evidence-record-level review."
oncology-jin-2026-feasibility-study-of-intratumo,Feasibility Study of Intratumoral NRF2 Expression as a Predictive Biomarker for the Effectiveness of Immunotherapy in Patients with Non-Small Cell Lung Cancer Treated with PD-1 Inhibitor.,Yasuto Jin; Yukihisa Inoue; Hiroyuki Shimada; Tetsu Hara; Shohei Yamashita; Mio Yamamoto; Osamu Matsubara,2026,Cancers,10.3390/cancers18142202,42512269,,PMC13406819,https://pmc.ncbi.nlm.nih.gov/articles/PMC13406819/,https://pmc-oa-opendata.s3.amazonaws.com/PMC13406819.1/PMC13406819.1.pdf?md5=3edf5b907bf40f7d05bdf37b635bfc0a,PMC13406819.pdf,2026-08-08,CC BY,https://creativecommons.org/licenses/by/4.0/,approved_open_access,included,"Bulk PMC Open Access Subset acquisition matching this corpus's scope vocabulary (NSCLC + PD-1/PD-L1 checkpoint-inhibitor terms), deterministic identity/license/full-text adjudication, and a documented rule-based title scope screen excluding wrong cancer types, preclinical/mechanism-only studies, off-topic diagnostic/surgical-technique papers, and single-patient case reports. Not yet individually reviewed for the golden evidence map.",,sha256:7e2f9155c5305254a7c7378988d4599519875ebb1b468025a9d20c71db5011de,paper,,,,,,"Acquired via bulk PMC OA ingestion pipeline (work/oncology/acquisition_receipt.json), not individually hand-curated. study_type/population/intervention/comparator left blank pending evidence-record-level review."
oncology-thrasher-2026-histone-methylation-and-chroma,Histone Methylation and Chromatin Remodeling in Non-Small Cell Lung Cancer: Mechanisms of Oncogenesis and Emerging Therapeutic Strategies.,A Josephine Thrasher; Omar Bushara; Amy Gladstein; Katherine R Doerig; Keren Adler; John Nathaniel Diehl; Sunil Singhal,2026,Biomedicines,10.3390/biomedicines14071529,42512002,,PMC13405803,https://pmc.ncbi.nlm.nih.gov/articles/PMC13405803/,https://pmc-oa-opendata.s3.amazonaws.com/PMC13405803.1/PMC13405803.1.pdf?md5=ff41a40f2edeb492116c770d0977e783,PMC13405803.pdf,2026-08-08,CC BY,https://creativecommons.org/licenses/by/4.0/,approved_open_access,included,"Bulk PMC Open Access Subset acquisition matching this corpus's scope vocabulary (NSCLC + PD-1/PD-L1 checkpoint-inhibitor terms), deterministic identity/license/full-text adjudication, and a documented rule-based title scope screen excluding wrong cancer types, preclinical/mechanism-only studies, off-topic diagnostic/surgical-technique papers, and single-patient case reports. Not yet individually reviewed for the golden evidence map.",,sha256:1f19b9e44bb66a8a7363df58dc9acdb227c2d834d453e1be09637d554fa72e91,paper,,,,,,"Acquired via bulk PMC OA ingestion pipeline (work/oncology/acquisition_receipt.json), not individually hand-curated. study_type/population/intervention/comparator left blank pending evidence-record-level review."
oncology-tomechko-2026-fertility-treatment-using-assi,Fertility treatment using assisted reproductive technology during immune checkpoint inhibition: report of two cases.,Keri Tomechko; Tali Azenkot; Deirdre A Conway; Sandip Pravin Patel; H Irene Su,2026,The oncologist,10.1093/oncolo/oyag273,42458205,,PMC13387161,https://pmc.ncbi.nlm.nih.gov/articles/PMC13387161/,https://pmc-oa-opendata.s3.amazonaws.com/PMC13387161.1/PMC13387161.1.pdf?md5=356670560234bd2f8be0f071f3d5a07a,PMC13387161.pdf,2026-08-08,CC BY,https://creativecommons.org/licenses/by/4.0/,approved_open_access,included,"Bulk PMC Open Access Subset acquisition matching this corpus's scope vocabulary (NSCLC + PD-1/PD-L1 checkpoint-inhibitor terms), deterministic identity/license/full-text adjudication, and a documented rule-based title scope screen excluding wrong cancer types, preclinical/mechanism-only studies, off-topic diagnostic/surgical-technique papers, and single-patient case reports. Not yet individually reviewed for the golden evidence map.",,sha256:805621c0a77eb64da7c2952db66903d3086f0f6b3a5689e0a71c770d2c83470a,paper,,,,,,"Acquired via bulk PMC OA ingestion pipeline (work/oncology/acquisition_receipt.json), not individually hand-curated. study_type/population/intervention/comparator left blank pending evidence-record-level review."
oncology-zhao-2026-diagnostic-and-prognostic-role,Diagnostic and Prognostic Roles of Blood-Based Immune Biomarkers in Non-Small Cell Lung Cancer: An Umbrella Review of Systematic Reviews and Meta-Analyses.,Panpinhan Zhao; Rui Ling; Ruitong Li; Yiu-Wing Kam,2026,"Life (Basel, Switzerland)",10.3390/life16071130,42514200,,PMC13412772,https://pmc.ncbi.nlm.nih.gov/articles/PMC13412772/,https://pmc-oa-opendata.s3.amazonaws.com/PMC13412772.1/PMC13412772.1.pdf?md5=3a3584a1e20df7907cd1bc3738eca8bb,PMC13412772.pdf,2026-08-08,CC BY,https://creativecommons.org/licenses/by/4.0/,approved_open_access,included,"Bulk PMC Open Access Subset acquisition matching this corpus's scope vocabulary (NSCLC + PD-1/PD-L1 checkpoint-inhibitor terms), deterministic identity/license/full-text adjudication, and a documented rule-based title scope screen excluding wrong cancer types, preclinical/mechanism-only studies, off-topic diagnostic/surgical-technique papers, and single-patient case reports. Not yet individually reviewed for the golden evidence map.",,sha256:809d78b30a18531339f913f423e509dfa942ff24303ff9ae2c7165d18a518f43,paper,,,,,,"Acquired via bulk PMC OA ingestion pipeline (work/oncology/acquisition_receipt.json), not individually hand-curated. study_type/population/intervention/comparator left blank pending evidence-record-level review."
oncology-dang-2026-efficacy-and-safety-of-program,Efficacy and safety of Programmed Death Ligand 1 inhibitors versus Programmed Death 1 inhibitors in the first-line treatment of advanced non-small cell lung cancer: a meta-analysis of randomized controlled trials.,Cui Dang; Jingzhang Li; Hong Chen; Zoujie Luo,2026,PeerJ,10.7717/peerj.21402,42433386,,PMC13353234,https://pmc.ncbi.nlm.nih.gov/articles/PMC13353234/,https://pmc-oa-opendata.s3.amazonaws.com/PMC13353234.1/PMC13353234.1.pdf?md5=d71017a356339c097682ff1220bc80a8,PMC13353234.pdf,2026-08-08,CC BY,https://creativecommons.org/licenses/by/4.0/,approved_open_access,included,"Bulk PMC Open Access Subset acquisition matching this corpus's scope vocabulary (NSCLC + PD-1/PD-L1 checkpoint-inhibitor terms), deterministic identity/license/full-text adjudication, and a documented rule-based title scope screen excluding wrong cancer types, preclinical/mechanism-only studies, off-topic diagnostic/surgical-technique papers, and single-patient case reports. Not yet individually reviewed for the golden evidence map.",,sha256:56198348c1b5bb520708e5fde4e307a0455c84ef4b8d00e4c41f0621e0fa7c0f,paper,,,,,,"Acquired via bulk PMC OA ingestion pipeline (work/oncology/acquisition_receipt.json), not individually hand-curated. study_type/population/intervention/comparator left blank pending evidence-record-level review."
oncology-hosoya-2026-anti-pd-1-plus-anti-ctla-4-blo,Anti-PD-1 plus anti-CTLA-4 blockade overcomes immune exclusion in NSCLC brain metastases by enhancing CD8+ T cell responses and promoting tertiary lymphoid structure formation.,Kazutaka Hosoya; Hiroaki Ozasa; Takahiro Tsuji; Masahiro Oi; Yusuke Shima; Keiichiro Suminaga; Kentaro Hashimoto; Hiroshi Yoshida; Tomoko Funazo; Hitomi Ajimizu; Takashi Nomizo; Hironori Yoshida; Hiroyuki Katsuragawa; Kentaro Tsuji; Noritaka Sano; Shigeki Takada; Yohei Mineharu; Shigeto Nishikawa; Toshi Menju; Akihiko Yoshizawa; Yoshiki Arakawa; Hiroaki Wake; Toyohiro Hirai,2026,Nature communications,10.1038/s41467-026-74782-7,42414284,,PMC13342341,https://pmc.ncbi.nlm.nih.gov/articles/PMC13342341/,https://pmc-oa-opendata.s3.amazonaws.com/PMC13342341.1/PMC13342341.1.pdf?md5=40d93ba9478a7a547193b260517db775,PMC13342341.pdf,2026-08-08,CC BY,https://creativecommons.org/licenses/by/4.0/,approved_open_access,included,"Bulk PMC Open Access Subset acquisition matching this corpus's scope vocabulary (NSCLC + PD-1/PD-L1 checkpoint-inhibitor terms), deterministic identity/license/full-text adjudication, and a documented rule-based title scope screen excluding wrong cancer types, preclinical/mechanism-only studies, off-topic diagnostic/surgical-technique papers, and single-patient case reports. Not yet individually reviewed for the golden evidence map.",,sha256:4dbf2ab4beb21ac404b6e27b5aac705aac60df366ff200d8316e1f9ab597dc25,paper,,,,,,"Acquired via bulk PMC OA ingestion pipeline (work/oncology/acquisition_receipt.json), not individually hand-curated. study_type/population/intervention/comparator left blank pending evidence-record-level review."
oncology-yan-2026-paired-comparison-of-tumor-cor,Paired comparison of tumor core and airway lumen (BALF) microbiomes in lung adenocarcinoma: deciphering specific Bacillus enrichment and immunomodulation.,Lingyu Yan; HaoShuai Yang; Hongxiang Feng; Fei Qi; Fanjia Kong; Qiduo Yu; Weijie Zhu; Jin Zhang; Chang Liu; Zhenrong Zhang,2026,Frontiers in cellular and infection microbiology,10.3389/fcimb.2026.1768287,42518859,,PMC13381187,https://pmc.ncbi.nlm.nih.gov/articles/PMC13381187/,https://pmc-oa-opendata.s3.amazonaws.com/PMC13381187.1/PMC13381187.1.pdf?md5=b05bbb39d3cbfd0e5cb878651fa24207,PMC13381187.pdf,2026-08-08,CC BY,https://creativecommons.org/licenses/by/4.0/,approved_open_access,included,"Bulk PMC Open Access Subset acquisition matching this corpus's scope vocabulary (NSCLC + PD-1/PD-L1 checkpoint-inhibitor terms), deterministic identity/license/full-text adjudication, and a documented rule-based title scope screen excluding wrong cancer types, preclinical/mechanism-only studies, off-topic diagnostic/surgical-technique papers, and single-patient case reports. Not yet individually reviewed for the golden evidence map.",,sha256:5f41539295c7b18830e72a0f095b9dcea453ab439599f4115e54feac8333d31d,paper,,,,,,"Acquired via bulk PMC OA ingestion pipeline (work/oncology/acquisition_receipt.json), not individually hand-curated. study_type/population/intervention/comparator left blank pending evidence-record-level review."
oncology-zhang-2026-the-effects-of-brain-radiother,The effects of brain radiotherapy combined with immunotherapy and chemotherapy for driver gene-negative non-small-cell lung cancer with brain metastases.,Xiaoyu Zhang; Jiayi Huang; Xuan Liang; Zhiping Ruan; Yu Yao; Xiao Fu; Tao Tian,2026,Frontiers in oncology,10.3389/fonc.2026.1763685,42518814,,PMC13381212,https://pmc.ncbi.nlm.nih.gov/articles/PMC13381212/,https://pmc-oa-opendata.s3.amazonaws.com/PMC13381212.1/PMC13381212.1.pdf?md5=2e15faff3518c14db2f935a4d8398fc0,PMC13381212.pdf,2026-08-08,CC BY,https://creativecommons.org/licenses/by/4.0/,approved_open_access,included,"Bulk PMC Open Access Subset acquisition matching this corpus's scope vocabulary (NSCLC + PD-1/PD-L1 checkpoint-inhibitor terms), deterministic identity/license/full-text adjudication, and a documented rule-based title scope screen excluding wrong cancer types, preclinical/mechanism-only studies, off-topic diagnostic/surgical-technique papers, and single-patient case reports. Not yet individually reviewed for the golden evidence map.",,sha256:5b1ae0225dd4deba36e5a585a0f82d7c20ad974e982a002ce0ba2378a72b0a07,paper,,,,,,"Acquired via bulk PMC OA ingestion pipeline (work/oncology/acquisition_receipt.json), not individually hand-curated. study_type/population/intervention/comparator left blank pending evidence-record-level review."
oncology-li-2026-integrated-genomic-transcripto,"Integrated Genomic, Transcriptomic, and Circulating Biomarkers Predict Benefit to Immune Checkpoint Inhibitor Plus Chemotherapy in Advanced Non-Small Cell Lung Cancer.",Lailing Li; Dandan Han; Xiaoliang Zhang; Hui Zhou; Jiajun Li; Tian Tian; Rubing Bai; Ke Xu; Yehong Xu; Cheng He; Linjuan Xu; Hao Wang; Hao Tang; Song Wei; Jun Li; Rui He; Shicheng Niu; Xi Gao; Fufeng Wang; Qifan Jing; Jiani Yin; Ling Xu; Lingling Xu; Zhi-Hong Zhang,2026,MedComm,10.1002/mco2.70846,42415854,,PMC13338630,https://pmc.ncbi.nlm.nih.gov/articles/PMC13338630/,https://pmc-oa-opendata.s3.amazonaws.com/PMC13338630.1/PMC13338630.1.pdf?md5=4905dd91030607ad9f76fa985345e99b,PMC13338630.pdf,2026-08-08,CC BY,https://creativecommons.org/licenses/by/4.0/,approved_open_access,included,"Bulk PMC Open Access Subset acquisition matching this corpus's scope vocabulary (NSCLC + PD-1/PD-L1 checkpoint-inhibitor terms), deterministic identity/license/full-text adjudication, and a documented rule-based title scope screen excluding wrong cancer types, preclinical/mechanism-only studies, off-topic diagnostic/surgical-technique papers, and single-patient case reports. Not yet individually reviewed for the golden evidence map.",,sha256:1c992c02d771413fe7ab5f82525727ea85b106a2099fe30c8de3e5ef59c10d08,paper,,,,,,"Acquired via bulk PMC OA ingestion pipeline (work/oncology/acquisition_receipt.json), not individually hand-curated. study_type/population/intervention/comparator left blank pending evidence-record-level review."
oncology-andre-2026-seminal-vesicle-mass-fistulisi,Seminal Vesicle Mass Fistulising to the Rectum: A Rare Urological Presentation of Lung Cancer Metastasis.,Margarida André; Francisco Vara-Luiz; Luísa Moreira; João Paulo Rosa; Miguel Carvalho,2026,Reports (MDPI),10.3390/reports9030213,42496510,,PMC13398176,https://pmc.ncbi.nlm.nih.gov/articles/PMC13398176/,https://pmc-oa-opendata.s3.amazonaws.com/PMC13398176.1/PMC13398176.1.pdf?md5=4572d6d7102f59051300164aa8384328,PMC13398176.pdf,2026-08-08,CC BY,https://creativecommons.org/licenses/by/4.0/,approved_open_access,included,"Bulk PMC Open Access Subset acquisition matching this corpus's scope vocabulary (NSCLC + PD-1/PD-L1 checkpoint-inhibitor terms), deterministic identity/license/full-text adjudication, and a documented rule-based title scope screen excluding wrong cancer types, preclinical/mechanism-only studies, off-topic diagnostic/surgical-technique papers, and single-patient case reports. Not yet individually reviewed for the golden evidence map.",,sha256:1bef65a495a49644ce05865162957139fdc1eb4ff7b450fcd6da4636bc3905de,paper,,,,,,"Acquired via bulk PMC OA ingestion pipeline (work/oncology/acquisition_receipt.json), not individually hand-curated. study_type/population/intervention/comparator left blank pending evidence-record-level review."
oncology-gurcay-2026-kras-mutation-subtypes-co-muta,"KRAS Mutation Subtypes, Co-Mutations, PD-L1 Expression, and Survival Outcomes in Non-Small Cell Lung Cancer.",Nesrin Gürçay; Funda Demirağ; Müzeyyen Burcu Kaplan Yılmaz; İlknur Öz; Tuba İnal Cengiz; Abdulkadir Koçanoğlu; Serdar Karakaya; Ömer Faruk Demir,2026,Journal of clinical medicine,10.3390/jcm15135236,42452696,,PMC13362781,https://pmc.ncbi.nlm.nih.gov/articles/PMC13362781/,https://pmc-oa-opendata.s3.amazonaws.com/PMC13362781.1/PMC13362781.1.pdf?md5=fc11f6483fcfc8aef5a5ba514b96e0a9,PMC13362781.pdf,2026-08-08,CC BY,https://creativecommons.org/licenses/by/4.0/,approved_open_access,included,"Bulk PMC Open Access Subset acquisition matching this corpus's scope vocabulary (NSCLC + PD-1/PD-L1 checkpoint-inhibitor terms), deterministic identity/license/full-text adjudication, and a documented rule-based title scope screen excluding wrong cancer types, preclinical/mechanism-only studies, off-topic diagnostic/surgical-technique papers, and single-patient case reports. Not yet individually reviewed for the golden evidence map.",,sha256:a605eacab4f706a47efe4240f2dcfb119361a8704aec3c08660941a4690f108a,paper,,,,,,"Acquired via bulk PMC OA ingestion pipeline (work/oncology/acquisition_receipt.json), not individually hand-curated. study_type/population/intervention/comparator left blank pending evidence-record-level review."
oncology-nodbrant-2026-overall-survival-following-pal,Overall survival following palliative immune checkpoint inhibitor treatment according to ECOG performance status: a large registry-based study.,Per Nodbrant; Eva Ulff; Magnus Lagerlund; Sander Ellegård; Olle Eriksson; Freddi Lewin; Kristina Engvall,2026,"Acta oncologica (Stockholm, Sweden)",10.2340/1651-226X.2026.45827,42397290,,PMC13343466,https://pmc.ncbi.nlm.nih.gov/articles/PMC13343466/,https://pmc-oa-opendata.s3.amazonaws.com/PMC13343466.1/PMC13343466.1.pdf?md5=2760bd7e2e055e4ced7a56a63ef00665,PMC13343466.pdf,2026-08-08,CC BY,https://creativecommons.org/licenses/by/4.0/,approved_open_access,included,"Bulk PMC Open Access Subset acquisition matching this corpus's scope vocabulary (NSCLC + PD-1/PD-L1 checkpoint-inhibitor terms), deterministic identity/license/full-text adjudication, and a documented rule-based title scope screen excluding wrong cancer types, preclinical/mechanism-only studies, off-topic diagnostic/surgical-technique papers, and single-patient case reports. Not yet individually reviewed for the golden evidence map.",,sha256:5778a742aad9a389a6e1bf9b1da12a1b77c127c707949a6b044cfc1ad7f7680b,paper,,,,,,"Acquired via bulk PMC OA ingestion pipeline (work/oncology/acquisition_receipt.json), not individually hand-curated. study_type/population/intervention/comparator left blank pending evidence-record-level review."
oncology-mun-2026-epcam-extracellular-vesicle-pd,EpCAM+ Extracellular Vesicle PD-L1 Dynamics as a Predictive Biomarker of Immune Checkpoint Blockade Response.,Byeonggeol Mun; Jinyoung Kim; Chang Gon Kim; Seokhyeong Go; Mina Han; Yujin Ouck; Soojin Jang; Seong Uk Son; Gamin Kim; Wonrak Son; Eunjung Kim; Min Hee Hong; Ja Hyun Yeo; Eun-Kyung Lim; Hye Ryun Kim; Seungjoo Haam,2026,"Advanced science (Weinheim, Baden-Wurttemberg, Germany)",10.1002/advs.76389,42397059,,PMC13334590,https://pmc.ncbi.nlm.nih.gov/articles/PMC13334590/,https://pmc-oa-opendata.s3.amazonaws.com/PMC13334590.1/PMC13334590.1.pdf?md5=dc6dfbd83e7090b80204c21de23911d1,PMC13334590.pdf,2026-08-08,CC BY,https://creativecommons.org/licenses/by/4.0/,approved_open_access,included,"Bulk PMC Open Access Subset acquisition matching this corpus's scope vocabulary (NSCLC + PD-1/PD-L1 checkpoint-inhibitor terms), deterministic identity/license/full-text adjudication, and a documented rule-based title scope screen excluding wrong cancer types, preclinical/mechanism-only studies, off-topic diagnostic/surgical-technique papers, and single-patient case reports. Not yet individually reviewed for the golden evidence map.",,sha256:2fb63eacbddc3a2cb8f5c72ece60e1e4096cfb5ca2c532c5e371d2d2a87e75d3,paper,,,,,,"Acquired via bulk PMC OA ingestion pipeline (work/oncology/acquisition_receipt.json), not individually hand-curated. study_type/population/intervention/comparator left blank pending evidence-record-level review."
oncology-porush-2026-entinostat-enhances-antigen-sp,Entinostat Enhances Antigen-Specific CD8 T-Cell Response to Immunotherapies in Lung Cancer Models.,Esti Porush; Johnathan Arnon; Baruch Pinchover; Esther Stern; Oz M Shapira; Didier Jean; Galia Blum; Evalyn Yakobovich; Hanna Wald; Amnon Peled; Zhangmang Wang; Elmehdi Belbaraka; Christian Friese; Thomas Blankenstein; Thomas Kammertoens; Ori Wald,2026,"Pharmaceuticals (Basel, Switzerland)",10.3390/ph19071034,42515717,,PMC13416286,https://pmc.ncbi.nlm.nih.gov/articles/PMC13416286/,https://pmc-oa-opendata.s3.amazonaws.com/PMC13416286.1/PMC13416286.1.pdf?md5=6e9b7c1455910b07f6a7e3f2bcc79fcb,PMC13416286.pdf,2026-08-08,CC BY,https://creativecommons.org/licenses/by/4.0/,approved_open_access,included,"Bulk PMC Open Access Subset acquisition matching this corpus's scope vocabulary (NSCLC + PD-1/PD-L1 checkpoint-inhibitor terms), deterministic identity/license/full-text adjudication, and a documented rule-based title scope screen excluding wrong cancer types, preclinical/mechanism-only studies, off-topic diagnostic/surgical-technique papers, and single-patient case reports. Not yet individually reviewed for the golden evidence map.",,sha256:fb53b31abf55cab06987eeac33da919e28198e0aef904487b11d063718ffcf0d,paper,,,,,,"Acquired via bulk PMC OA ingestion pipeline (work/oncology/acquisition_receipt.json), not individually hand-curated. study_type/population/intervention/comparator left blank pending evidence-record-level review."
oncology-cabezon-gutierrez-2026-integrating-chemokine-signatur,Integrating chemokine signatures and multi-omic biomarkers to predict immunotherapy response in non-small cell lung cancer: a comprehensive narrative review.,Luis Cabezón-Gutiérrez; Magda Palka-Kotlowska; Sara Custodio-Cabello; Adriana Carolina Rosero-Rodriguez; Beatriz Chacón-Ovejero,2026,Frontiers in oncology,10.3389/fonc.2026.1830731,42465572,,PMC13372898,https://pmc.ncbi.nlm.nih.gov/articles/PMC13372898/,https://pmc-oa-opendata.s3.amazonaws.com/PMC13372898.1/PMC13372898.1.pdf?md5=7ddba2ecb8e0d832bb331cf7c18385d1,PMC13372898.pdf,2026-08-08,CC BY,https://creativecommons.org/licenses/by/4.0/,approved_open_access,included,"Bulk PMC Open Access Subset acquisition matching this corpus's scope vocabulary (NSCLC + PD-1/PD-L1 checkpoint-inhibitor terms), deterministic identity/license/full-text adjudication, and a documented rule-based title scope screen excluding wrong cancer types, preclinical/mechanism-only studies, off-topic diagnostic/surgical-technique papers, and single-patient case reports. Not yet individually reviewed for the golden evidence map.",,sha256:92fd816a8f5f04e461e6ee1113ba076c1abec9817097a207ad445f5804a2717a,paper,,,,,,"Acquired via bulk PMC OA ingestion pipeline (work/oncology/acquisition_receipt.json), not individually hand-curated. study_type/population/intervention/comparator left blank pending evidence-record-level review."
oncology-zhou-2026-pacific-5-trial-refining-patie,PACIFIC-5 Trial: Refining Patient Selection for Consolidation Durvalumab in Unresectable Stage III NSCLC.,Shiqiong Zhou; Qinghua Ke,2026,Thoracic cancer,10.1111/1759-7714.70305,42503466,,PMC13402098,https://pmc.ncbi.nlm.nih.gov/articles/PMC13402098/,https://pmc-oa-opendata.s3.amazonaws.com/PMC13402098.1/PMC13402098.1.pdf?md5=e2923f5817598d3a8746856c3b5841a2,PMC13402098.pdf,2026-08-08,CC BY,https://creativecommons.org/licenses/by/4.0/,approved_open_access,included,"Bulk PMC Open Access Subset acquisition matching this corpus's scope vocabulary (NSCLC + PD-1/PD-L1 checkpoint-inhibitor terms), deterministic identity/license/full-text adjudication, and a documented rule-based title scope screen excluding wrong cancer types, preclinical/mechanism-only studies, off-topic diagnostic/surgical-technique papers, and single-patient case reports. Not yet individually reviewed for the golden evidence map.",,sha256:206940d82a8d91ae89642eb918cb1d522c3bf0299960031d0a96c66a3c98f7f7,paper,,,,,,"Acquired via bulk PMC OA ingestion pipeline (work/oncology/acquisition_receipt.json), not individually hand-curated. study_type/population/intervention/comparator left blank pending evidence-record-level review."
oncology-takeuchi-2026-tumor-necrosis-on-routine-pret,Tumor Necrosis on Routine Pretreatment CT as a Potential Prognostic Marker in Advanced NSCLC Treated With Immune Checkpoint Inhibitor Monotherapy: A Two-Center Retrospective Study.,Eiji Takeuchi; Hirokazu Ogino; Kensuke Kondo; Yoshio Okano; Hiroki Takahashi; Kaori Nii; Yugo Matsumura; Takuya Ishida; Seiya Ichihara; Michihiro Kunishige; Naoki Kadota; Hisanori Machida; Nobuo Hatakeyama; Keishi Naruse; Seidai Sato; Hiroshi Nokihara; Tsutomu Shinohara; Yasuhiko Nishioka,2026,Thoracic cancer,10.1111/1759-7714.70363,42502949,,PMC13401793,https://pmc.ncbi.nlm.nih.gov/articles/PMC13401793/,https://pmc-oa-opendata.s3.amazonaws.com/PMC13401793.1/PMC13401793.1.pdf?md5=92efe69fcaa2023b187111af188d5276,PMC13401793.pdf,2026-08-08,CC BY,https://creativecommons.org/licenses/by/4.0/,approved_open_access,included,"Bulk PMC Open Access Subset acquisition matching this corpus's scope vocabulary (NSCLC + PD-1/PD-L1 checkpoint-inhibitor terms), deterministic identity/license/full-text adjudication, and a documented rule-based title scope screen excluding wrong cancer types, preclinical/mechanism-only studies, off-topic diagnostic/surgical-technique papers, and single-patient case reports. Not yet individually reviewed for the golden evidence map.",,sha256:335cfe59e9b177463362c835ba36da18387f8ac63e83f30e1150b7a0094d0938,paper,,,,,,"Acquired via bulk PMC OA ingestion pipeline (work/oncology/acquisition_receipt.json), not individually hand-curated. study_type/population/intervention/comparator left blank pending evidence-record-level review."
oncology-izadpanah-2026-efficacy-and-safety-of-canakin,Efficacy and Safety of Canakinumab Compared With Standard Therapy for the Treatment of Non-Small Cell Lung Cancer (NSCLC): A Systematic Review.,Kamiar Izadpanah; Masoud Rezaei; Seyed Aria Nejadghaderi; Hamid Sharifi,2026,"Cancer reports (Hoboken, N.J.)",10.1002/cnr2.70627,42486074,,PMC13391215,https://pmc.ncbi.nlm.nih.gov/articles/PMC13391215/,https://pmc-oa-opendata.s3.amazonaws.com/PMC13391215.1/PMC13391215.1.pdf?md5=ed9e1e520e0660da6dd6b9a3d12489d2,PMC13391215.pdf,2026-08-08,CC BY,https://creativecommons.org/licenses/by/4.0/,approved_open_access,included,"Bulk PMC Open Access Subset acquisition matching this corpus's scope vocabulary (NSCLC + PD-1/PD-L1 checkpoint-inhibitor terms), deterministic identity/license/full-text adjudication, and a documented rule-based title scope screen excluding wrong cancer types, preclinical/mechanism-only studies, off-topic diagnostic/surgical-technique papers, and single-patient case reports. Not yet individually reviewed for the golden evidence map.",,sha256:073101b3a77efd8be989ed04c558fde4edcac12dce4dbb5e198dd04b2f922610,paper,,,,,,"Acquired via bulk PMC OA ingestion pipeline (work/oncology/acquisition_receipt.json), not individually hand-curated. study_type/population/intervention/comparator left blank pending evidence-record-level review."
oncology-silva-2026-extracellular-vesicles-as-prog,Extracellular vesicles as prognostic biomarkers: results of a neoadjuvant chemoimmunotherapy clinical trial in stage IIIA (N2) non-small-cell lung cancer (SAKK 16/14).,Yannik da Silva; Dapi Menglin Chiang; Laura Benecke; Michael W Pfaffl; Stefanie Hayoz; Sabrina Chiquet; Spasenija Savic Prince; Adrienne Bettini; Martin Früh; Laetitia A Mauti; Christian Britschgi; Solange Peters; Michael Mark; Adrian F Ochsenbein; Wolf-Dieter Janthur; Christine Waibel; Nicolas Mach; Patrizia Froesch; Martin Buess; Pierre Bohanes; Michel Gonzalez; Alfred Zippelius; Miklos Pless; Sacha I Rothschild; Laurent Muller,2026,Frontiers in immunology,10.3389/fimmu.2026.1807542,42459666,,PMC13369264,https://pmc.ncbi.nlm.nih.gov/articles/PMC13369264/,https://pmc-oa-opendata.s3.amazonaws.com/PMC13369264.1/PMC13369264.1.pdf?md5=f2b15a84e9629304c0ca065cff1ddd60,PMC13369264.pdf,2026-08-08,CC BY,https://creativecommons.org/licenses/by/4.0/,approved_open_access,included,"Bulk PMC Open Access Subset acquisition matching this corpus's scope vocabulary (NSCLC + PD-1/PD-L1 checkpoint-inhibitor terms), deterministic identity/license/full-text adjudication, and a documented rule-based title scope screen excluding wrong cancer types, preclinical/mechanism-only studies, off-topic diagnostic/surgical-technique papers, and single-patient case reports. Not yet individually reviewed for the golden evidence map.",,sha256:34b2a1bba9be1bdbc11347dc28b3e24a8c305b47f066d50f3a2b64c76273119e,paper,,,,,,"Acquired via bulk PMC OA ingestion pipeline (work/oncology/acquisition_receipt.json), not individually hand-curated. study_type/population/intervention/comparator left blank pending evidence-record-level review."
oncology-chen-2026-efficacy-and-safety-of-first-l,Efficacy and safety of first-line chemoimmunotherapy versus chemotherapy alone for advanced pulmonary lymphoepithelioma-like carcinoma: a systematic review and real-world cohort study.,Feng Chen; Yan Su; Xiandong Zeng; Ming Jiang; Yu Huang; Liuye Pan; Linlin Xiao; Yi Rao Qin; Xiangyuan Cen; Jing Bai,2026,Frontiers in immunology,10.3389/fimmu.2026.1872713,42459654,,PMC13369242,https://pmc.ncbi.nlm.nih.gov/articles/PMC13369242/,https://pmc-oa-opendata.s3.amazonaws.com/PMC13369242.1/PMC13369242.1.pdf?md5=af3a9032a2173b9ebe333f4cc8fc13de,PMC13369242.pdf,2026-08-08,CC BY,https://creativecommons.org/licenses/by/4.0/,approved_open_access,included,"Bulk PMC Open Access Subset acquisition matching this corpus's scope vocabulary (NSCLC + PD-1/PD-L1 checkpoint-inhibitor terms), deterministic identity/license/full-text adjudication, and a documented rule-based title scope screen excluding wrong cancer types, preclinical/mechanism-only studies, off-topic diagnostic/surgical-technique papers, and single-patient case reports. Not yet individually reviewed for the golden evidence map.",,sha256:59e933a60ade202330470cfaf87cad1eee21020803f2251faaa34cc626be49ef,paper,,,,,,"Acquired via bulk PMC OA ingestion pipeline (work/oncology/acquisition_receipt.json), not individually hand-curated. study_type/population/intervention/comparator left blank pending evidence-record-level review."
oncology-ben-ami-2026-hyperspectral-imaging-system-f,Hyperspectral imaging system for multiplexed cancer marker detection: design and clinical evaluation.,Oren Ben-Ami; Shmoolik Mangan; Tal Keidar Haran; Raz Ben-Uri; Efrat Ofek; Yuval Garini; Leeat Keren; Iris Barshack; Boaz Brill,2026,Journal of biomedical optics,10.1117/1.JBO.31.7.076504,42428947,,PMC13349328,https://pmc.ncbi.nlm.nih.gov/articles/PMC13349328/,https://pmc-oa-opendata.s3.amazonaws.com/PMC13349328.1/PMC13349328.1.pdf?md5=ce3d978fb537943a13e0213a6dba9bdf,PMC13349328.pdf,2026-08-08,CC BY,https://creativecommons.org/licenses/by/4.0/,approved_open_access,included,"Bulk PMC Open Access Subset acquisition matching this corpus's scope vocabulary (NSCLC + PD-1/PD-L1 checkpoint-inhibitor terms), deterministic identity/license/full-text adjudication, and a documented rule-based title scope screen excluding wrong cancer types, preclinical/mechanism-only studies, off-topic diagnostic/surgical-technique papers, and single-patient case reports. Not yet individually reviewed for the golden evidence map.",,sha256:aea6685ffce86a20038ebc4699496ab6304152000a4e552ae8a9ece14f5af23e,paper,,,,,,"Acquired via bulk PMC OA ingestion pipeline (work/oncology/acquisition_receipt.json), not individually hand-curated. study_type/population/intervention/comparator left blank pending evidence-record-level review."
oncology-li-2026-marked-response-to-immunochemo,Marked Response to Immunochemotherapy in Airway Mucosal Recurrence of Lung Squamous Cell Carcinoma.,Zijian Li; Chudong Wang; YenZhir Tay; Shuben Li,2026,Interdisciplinary cardiovascular and thoracic surgery,10.1093/icvts/ivag193,42406420,,PMC13378447,https://pmc.ncbi.nlm.nih.gov/articles/PMC13378447/,https://pmc-oa-opendata.s3.amazonaws.com/PMC13378447.1/PMC13378447.1.pdf?md5=f76bd34564db1bd7c0ffe7dabfa072ba,PMC13378447.pdf,2026-08-08,CC BY,https://creativecommons.org/licenses/by/4.0/,approved_open_access,included,"Bulk PMC Open Access Subset acquisition matching this corpus's scope vocabulary (NSCLC + PD-1/PD-L1 checkpoint-inhibitor terms), deterministic identity/license/full-text adjudication, and a documented rule-based title scope screen excluding wrong cancer types, preclinical/mechanism-only studies, off-topic diagnostic/surgical-technique papers, and single-patient case reports. Not yet individually reviewed for the golden evidence map.",,sha256:62daa590250036f3a14793b4b9f64d0e938cbc9773d782f268ff3c2c81437c72,paper,,,,,,"Acquired via bulk PMC OA ingestion pipeline (work/oncology/acquisition_receipt.json), not individually hand-curated. study_type/population/intervention/comparator left blank pending evidence-record-level review."
oncology-kamada-2026-impact-of-thyroid-transcriptio,Impact of Thyroid Transcription Factor-1 Expression on Outcomes of Platinum-Based Chemoimmunotherapy in Advanced or Recurrent Non-Squamous Non-Small Cell Lung Cancer.,Ryohei Kamada; Hiroshi Yokouchi; Shohei Mizobuchi; Ken Kuwahara; Yasushi Mizukami; Hidenori Mizugaki; Noriyuki Yamada; Hajime Asahina; Hirofumi Adachi; Yoshihiro Matsuno; Satoshi Oizumi,2026,Thoracic cancer,10.1111/1759-7714.70335,42381237,,PMC13319406,https://pmc.ncbi.nlm.nih.gov/articles/PMC13319406/,https://pmc-oa-opendata.s3.amazonaws.com/PMC13319406.1/PMC13319406.1.pdf?md5=ac5d629f31796d9254b9f5465193f62e,PMC13319406.pdf,2026-08-08,CC BY,https://creativecommons.org/licenses/by/4.0/,approved_open_access,included,"Bulk PMC Open Access Subset acquisition matching this corpus's scope vocabulary (NSCLC + PD-1/PD-L1 checkpoint-inhibitor terms), deterministic identity/license/full-text adjudication, and a documented rule-based title scope screen excluding wrong cancer types, preclinical/mechanism-only studies, off-topic diagnostic/surgical-technique papers, and single-patient case reports. Not yet individually reviewed for the golden evidence map.",,sha256:4d4b0d9bfd1e42fc7398cfc60ebd2c3fc1b829f0228d15f20470ca58b2cd7cb9,paper,,,,,,"Acquired via bulk PMC OA ingestion pipeline (work/oncology/acquisition_receipt.json), not individually hand-curated. study_type/population/intervention/comparator left blank pending evidence-record-level review."
oncology-landre-2026-brief-report-real-world-compar,Brief Report: Real-World Comparative Effectiveness of First-Line Immune Checkpoint Inhibitor Monotherapy Versus Chemo-Immunotherapy in Metastatic NSCLC With PD-L1 More Than or Equal to 50%: A Meta-Analysis.,Thierry Landre; Jean-Baptiste Assié; Kader Chouahnia; Jean-Bernard Auliac; Gaëtan Des Guetz; Christos Chouaïd,2026,JTO clinical and research reports,10.1016/j.jtocrr.2026.101011,42293287,,PMC13253113,https://pmc.ncbi.nlm.nih.gov/articles/PMC13253113/,https://pmc-oa-opendata.s3.amazonaws.com/PMC13253113.1/PMC13253113.1.pdf?md5=03fef8923c6e6062a2370759205f2440,PMC13253113.pdf,2026-08-08,CC BY,https://creativecommons.org/licenses/by/4.0/,approved_open_access,included,"Bulk PMC Open Access Subset acquisition matching this corpus's scope vocabulary (NSCLC + PD-1/PD-L1 checkpoint-inhibitor terms), deterministic identity/license/full-text adjudication, and a documented rule-based title scope screen excluding wrong cancer types, preclinical/mechanism-only studies, off-topic diagnostic/surgical-technique papers, and single-patient case reports. Not yet individually reviewed for the golden evidence map.",,sha256:431e56be40231923f39e2bd915d1b8952d55b01f4ed6a6b1d34fbf266f4a38ed,paper,,,,,,"Acquired via bulk PMC OA ingestion pipeline (work/oncology/acquisition_receipt.json), not individually hand-curated. study_type/population/intervention/comparator left blank pending evidence-record-level review."
oncology-bradova-2026-clinicopathologic-features-of,Clinicopathologic features of KRAS G12C-mutated non-small cell lung carcinomas:insights from 279 retrospective cases.,Martina Bradová; Petr Slavík; Tomáš Vaněček; Petr Martínek; Petr Grossmann; Stanislav Kormunda; Kristýna Behenská; Martin Svatoň; Miloš Pešek; Tomáš Jirásek; Zuzana Špůrková; Petra Hroudová; Hana Mrázková; Barbora Hořavová; Jaromír Roubec; Martin Baník; Petr Mukenšnábl; Michal Michal; Marián Švajdler,2026,Virchows Archiv : an international journal of pathology,10.1007/s00428-026-04526-x,41986521,,PMC13369689,https://pmc.ncbi.nlm.nih.gov/articles/PMC13369689/,https://pmc-oa-opendata.s3.amazonaws.com/PMC13369689.1/PMC13369689.1.pdf?md5=89fafe92b05eb76791c7d00c54321c3c,PMC13369689.pdf,2026-08-08,CC BY,https://creativecommons.org/licenses/by/4.0/,approved_open_access,included,"Bulk PMC Open Access Subset acquisition matching this corpus's scope vocabulary (NSCLC + PD-1/PD-L1 checkpoint-inhibitor terms), deterministic identity/license/full-text adjudication, and a documented rule-based title scope screen excluding wrong cancer types, preclinical/mechanism-only studies, off-topic diagnostic/surgical-technique papers, and single-patient case reports. Not yet individually reviewed for the golden evidence map.",,sha256:bb37743d91741ea58a184c6bfdee9d39de131cdb3e347582fee951b444120f10,paper,,,,,,"Acquired via bulk PMC OA ingestion pipeline (work/oncology/acquisition_receipt.json), not individually hand-curated. study_type/population/intervention/comparator left blank pending evidence-record-level review."
oncology-fan-2026-clinical-implications-of-pd-l1,Clinical implications of PD-L1 expression in oncogene-driven NSCLC: Differential responses to targeted agents and immune checkpoint inhibitors.,Xiaoxiao Fan; Chenxi Wei; Minjun Rong; Shengnan Wang; Jiaying Wang; Xiaohan Wang; Xiao Han; Xue Meng,2026,International journal of cancer,10.1002/ijc.70413,41872688,,PMC13140019,https://pmc.ncbi.nlm.nih.gov/articles/PMC13140019/,https://pmc-oa-opendata.s3.amazonaws.com/PMC13140019.1/PMC13140019.1.pdf?md5=0dc8c0dd7f919540d22aef27ea902a89,PMC13140019.pdf,2026-08-08,CC BY,https://creativecommons.org/licenses/by/4.0/,approved_open_access,included,"Bulk PMC Open Access Subset acquisition matching this corpus's scope vocabulary (NSCLC + PD-1/PD-L1 checkpoint-inhibitor terms), deterministic identity/license/full-text adjudication, and a documented rule-based title scope screen excluding wrong cancer types, preclinical/mechanism-only studies, off-topic diagnostic/surgical-technique papers, and single-patient case reports. Not yet individually reviewed for the golden evidence map.",,sha256:eec7777be73ea01d481bed5e6660d7e5f32c97bc65175bbf00b5012e60698160,paper,,,,,,"Acquired via bulk PMC OA ingestion pipeline (work/oncology/acquisition_receipt.json), not individually hand-curated. study_type/population/intervention/comparator left blank pending evidence-record-level review."
oncology-rustamov-2026-prevalence-and-clinico-morphol,Prevalence and clinico-morphological correlates of STK11 mutations in a large cohort of NSCLC lung adenocarcinomas.,Rizvan Rustamov; László Füzesi; Thomas Lesser; Dagmar Täuscher; Uwe Funke; Peter Elsner; Masoud Mireskandari; Glen Kristiansen; Iver Petersen,2026,Virchows Archiv : an international journal of pathology,10.1007/s00428-025-04392-z,41549133,,PMC13369655,https://pmc.ncbi.nlm.nih.gov/articles/PMC13369655/,https://pmc-oa-opendata.s3.amazonaws.com/PMC13369655.1/PMC13369655.1.pdf?md5=dfac55988b85c61b8a0e050b891ee726,PMC13369655.pdf,2026-08-08,CC BY,https://creativecommons.org/licenses/by/4.0/,approved_open_access,included,"Bulk PMC Open Access Subset acquisition matching this corpus's scope vocabulary (NSCLC + PD-1/PD-L1 checkpoint-inhibitor terms), deterministic identity/license/full-text adjudication, and a documented rule-based title scope screen excluding wrong cancer types, preclinical/mechanism-only studies, off-topic diagnostic/surgical-technique papers, and single-patient case reports. Not yet individually reviewed for the golden evidence map.",,sha256:4f91a01886d6715640d321476c33ed4e585ff1e727756dbf587ffdfc6c1d1ca4,paper,,,,,,"Acquired via bulk PMC OA ingestion pipeline (work/oncology/acquisition_receipt.json), not individually hand-curated. study_type/population/intervention/comparator left blank pending evidence-record-level review."
oncology-elantably-2026-her2-alterations-in-squamous-c,"HER2 Alterations in Squamous Cell Lung Cancer: Biology, Therapeutic Landscape, and Emerging Precision Approaches.",Dina Elantably; Isabella Meerzaman; Alicia Y Hou; Ahmed Abdelhakeem; Yanyan Lou,2026,Cancers,10.3390/cancers18132121,42449663,,PMC13360100,https://pmc.ncbi.nlm.nih.gov/articles/PMC13360100/,https://pmc-oa-opendata.s3.amazonaws.com/PMC13360100.1/PMC13360100.1.pdf?md5=a41f86a29dd0fd3bbbf89ff015929b8c,PMC13360100.pdf,2026-08-08,CC BY,https://creativecommons.org/licenses/by/4.0/,approved_open_access,included,"Bulk PMC Open Access Subset acquisition matching this corpus's scope vocabulary (NSCLC + PD-1/PD-L1 checkpoint-inhibitor terms), deterministic identity/license/full-text adjudication, and a documented rule-based title scope screen excluding wrong cancer types, preclinical/mechanism-only studies, off-topic diagnostic/surgical-technique papers, and single-patient case reports. Not yet individually reviewed for the golden evidence map.",,sha256:a117b443ca4d4bb3bc5906932a4bfdea8bf29c57911ff6699a1aa3b3443cd2e9,paper,,,,,,"Acquired via bulk PMC OA ingestion pipeline (work/oncology/acquisition_receipt.json), not individually hand-curated. study_type/population/intervention/comparator left blank pending evidence-record-level review."
oncology-agbarya-2026-social-network-clustering-anal,Social Network Clustering Analysis for Detection of Associated Genetic Co-Mutations in Patients with Actionable Driver Mutations in NSCLC.,Abed Agbarya; Haitham Nasrallah; Kamel Mhameed; Edmond Sabo; Walid Shalata; Esti Liani; Salam Mazareb; Mohammad Sheikh-Ahmad; Leonard Saiegh; Dejan Radonjic; Viktor Sebek; Dan Levy-Faber,2026,"Life (Basel, Switzerland)",10.3390/life16071071,42514140,,PMC13412184,https://pmc.ncbi.nlm.nih.gov/articles/PMC13412184/,https://pmc-oa-opendata.s3.amazonaws.com/PMC13412184.1/PMC13412184.1.pdf?md5=695e977362bc59adb9200b09c2be737b,PMC13412184.pdf,2026-08-08,CC BY,https://creativecommons.org/licenses/by/4.0/,approved_open_access,included,"Bulk PMC Open Access Subset acquisition matching this corpus's scope vocabulary (NSCLC + PD-1/PD-L1 checkpoint-inhibitor terms), deterministic identity/license/full-text adjudication, and a documented rule-based title scope screen excluding wrong cancer types, preclinical/mechanism-only studies, off-topic diagnostic/surgical-technique papers, and single-patient case reports. Not yet individually reviewed for the golden evidence map.",,sha256:e72c3ce9e651077ce19dfa79bea69b345f3ed19b42bfb89756205b9c0b80a429,paper,,,,,,"Acquired via bulk PMC OA ingestion pipeline (work/oncology/acquisition_receipt.json), not individually hand-curated. study_type/population/intervention/comparator left blank pending evidence-record-level review."
oncology-yang-2026-optimal-treatment-strategies-f,Optimal treatment strategies for unresectable stage III EGFR-mutated non-small cell lung cancer: a systematic review and Bayesian network meta-analysis.,Yang Yang; Jinhan Sun; Ting Luo; Xinfu Liu; Yanyang Wang,2026,Frontiers in oncology,10.3389/fonc.2026.1852617,42434745,,PMC13349829,https://pmc.ncbi.nlm.nih.gov/articles/PMC13349829/,https://pmc-oa-opendata.s3.amazonaws.com/PMC13349829.1/PMC13349829.1.pdf?md5=53777120eddc65ed45ba1515247880b6,PMC13349829.pdf,2026-08-08,CC BY,https://creativecommons.org/licenses/by/4.0/,approved_open_access,included,"Bulk PMC Open Access Subset acquisition matching this corpus's scope vocabulary (NSCLC + PD-1/PD-L1 checkpoint-inhibitor terms), deterministic identity/license/full-text adjudication, and a documented rule-based title scope screen excluding wrong cancer types, preclinical/mechanism-only studies, off-topic diagnostic/surgical-technique papers, and single-patient case reports. Not yet individually reviewed for the golden evidence map.",,sha256:4959ad829eb34084897c800b3ca9172755643f16878dd8db5e58f7aa43d29d06,paper,,,,,,"Acquired via bulk PMC OA ingestion pipeline (work/oncology/acquisition_receipt.json), not individually hand-curated. study_type/population/intervention/comparator left blank pending evidence-record-level review."
oncology-ogata-2026-simultaneous-evaluation-of-egf,"Simultaneous evaluation of EGFR, ALK, and PD-L1 in lung adenocarcinomas: the largest single-center experience from southern Brazil.",Daniel Cury Ogata; Matheus Mariotti Daniel; Bruno Vargas; Kauí Lebarbenchon; Guilherme Zappelini Zanette; Rafael Simas; Luciana Depiere Lanzarin; Fernanda Herbstrith Sampaio,2026,Genetics and molecular biology,10.1590/1678-4685-GMB-2025-0150,42378004,,PMC13317434,https://pmc.ncbi.nlm.nih.gov/articles/PMC13317434/,https://pmc-oa-opendata.s3.amazonaws.com/PMC13317434.1/PMC13317434.1.pdf?md5=e422cd4018cce4293d2b8f951d64cd94,PMC13317434.pdf,2026-08-08,CC BY,https://creativecommons.org/licenses/by/4.0/,approved_open_access,included,"Bulk PMC Open Access Subset acquisition matching this corpus's scope vocabulary (NSCLC + PD-1/PD-L1 checkpoint-inhibitor terms), deterministic identity/license/full-text adjudication, and a documented rule-based title scope screen excluding wrong cancer types, preclinical/mechanism-only studies, off-topic diagnostic/surgical-technique papers, and single-patient case reports. Not yet individually reviewed for the golden evidence map.",,sha256:231150ed09b775b6d7fbef50960d54a0471ae7f0bd8ea972486cabf5d8786510,paper,,,,,,"Acquired via bulk PMC OA ingestion pipeline (work/oncology/acquisition_receipt.json), not individually hand-curated. study_type/population/intervention/comparator left blank pending evidence-record-level review."
oncology-zeljkovic-2026-genetic-variability-of-immune,Genetic variability of immune checkpoints in asbestos-related diseases.,Irma Zeljkovic; Katja Goricar; Tanja Blagus; Alenka Franko; Viljem Kovac; Vita Dolzan,2026,Radiology and oncology,10.2478/raon-2026-0035,42359755,,PMC13307012,https://pmc.ncbi.nlm.nih.gov/articles/PMC13307012/,https://pmc-oa-opendata.s3.amazonaws.com/PMC13307012.1/PMC13307012.1.pdf?md5=0dfe742e522dd2c6c95099f9008c8954,PMC13307012.pdf,2026-08-08,CC BY,https://creativecommons.org/licenses/by/4.0/,approved_open_access,included,"Bulk PMC Open Access Subset acquisition matching this corpus's scope vocabulary (NSCLC + PD-1/PD-L1 checkpoint-inhibitor terms), deterministic identity/license/full-text adjudication, and a documented rule-based title scope screen excluding wrong cancer types, preclinical/mechanism-only studies, off-topic diagnostic/surgical-technique papers, and single-patient case reports. Not yet individually reviewed for the golden evidence map.",,sha256:3d2f33d0f97a91f2e82fbec69a1c9806457ed5243a5d90fbf71744f8b8f9129e,paper,,,,,,"Acquired via bulk PMC OA ingestion pipeline (work/oncology/acquisition_receipt.json), not individually hand-curated. study_type/population/intervention/comparator left blank pending evidence-record-level review."
oncology-guo-2026-body-mass-index-and-fasting-in,Body mass index and fasting insulin predict survival and EGFR-TKI benefit in Stage IV lung adenocarcinoma.,Huiru Guo; Lingshuang Liu; Jan P A Baak,2026,Frontiers in oncology,10.3389/fonc.2026.1742177,42428144,,PMC13347122,https://pmc.ncbi.nlm.nih.gov/articles/PMC13347122/,https://pmc-oa-opendata.s3.amazonaws.com/PMC13347122.1/PMC13347122.1.pdf?md5=42b199a829ee1eb77ef9eea38b6b03fc,PMC13347122.pdf,2026-08-08,CC BY,https://creativecommons.org/licenses/by/4.0/,approved_open_access,included,"Bulk PMC Open Access Subset acquisition matching this corpus's scope vocabulary (NSCLC + PD-1/PD-L1 checkpoint-inhibitor terms), deterministic identity/license/full-text adjudication, and a documented rule-based title scope screen excluding wrong cancer types, preclinical/mechanism-only studies, off-topic diagnostic/surgical-technique papers, and single-patient case reports. Not yet individually reviewed for the golden evidence map.",,sha256:d8727f3ddb7df2387a85e1734d2df69ee2902d00813df1db161c7fcdd78fdf87,paper,,,,,,"Acquired via bulk PMC OA ingestion pipeline (work/oncology/acquisition_receipt.json), not individually hand-curated. study_type/population/intervention/comparator left blank pending evidence-record-level review."
oncology-gajewski-2026-prolactin-as-a-candidate-bioma,Prolactin as a Candidate Biomarker in Non-Small Cell Lung Cancer: Implications for Personalized Medicine and Post-Treatment Risk Stratification.,Filip Gajewski; Grzegorz Kurec; Aleksandra Litkowska; Joanna Pec; Jakub Kleinrok; Weronika Pająk; Oliwia Burdan; Paweł Krawczyk; Agnieszka Korolczuk,2026,Journal of personalized medicine,10.3390/jpm16070342,42506069,,PMC13413349,https://pmc.ncbi.nlm.nih.gov/articles/PMC13413349/,https://pmc-oa-opendata.s3.amazonaws.com/PMC13413349.1/PMC13413349.1.pdf?md5=f81d0c98439fea6b0d28c8a813418360,PMC13413349.pdf,2026-08-08,CC BY,https://creativecommons.org/licenses/by/4.0/,approved_open_access,included,"Bulk PMC Open Access Subset acquisition matching this corpus's scope vocabulary (NSCLC + PD-1/PD-L1 checkpoint-inhibitor terms), deterministic identity/license/full-text adjudication, and a documented rule-based title scope screen excluding wrong cancer types, preclinical/mechanism-only studies, off-topic diagnostic/surgical-technique papers, and single-patient case reports. Not yet individually reviewed for the golden evidence map.",,sha256:80a1c6724bba609d84f7b04c579a551bcdc4b0d8c6c388b74cc6545d4ae3e2d9,paper,,,,,,"Acquired via bulk PMC OA ingestion pipeline (work/oncology/acquisition_receipt.json), not individually hand-curated. study_type/population/intervention/comparator left blank pending evidence-record-level review."
oncology-chen-2026-cost-effectiveness-of-first-li,Cost-Effectiveness of First-Line Immunochemotherapy Versus BRAF Plus MEK Inhibitors in BRAFV600E-Mutated Metastatic Lung Cancer.,Chian-Wei Chen; Jui-Hung Tsai; Sheng-Han Tsai; Li-Jun Chen; Szu-Chun Yang,2026,"Current oncology (Toronto, Ont.)",10.3390/curroncol33070384,42505186,,PMC13408117,https://pmc.ncbi.nlm.nih.gov/articles/PMC13408117/,https://pmc-oa-opendata.s3.amazonaws.com/PMC13408117.1/PMC13408117.1.pdf?md5=375cf196a9d2b89ee8fa856b022311a5,PMC13408117.pdf,2026-08-08,CC BY,https://creativecommons.org/licenses/by/4.0/,approved_open_access,included,"Bulk PMC Open Access Subset acquisition matching this corpus's scope vocabulary (NSCLC + PD-1/PD-L1 checkpoint-inhibitor terms), deterministic identity/license/full-text adjudication, and a documented rule-based title scope screen excluding wrong cancer types, preclinical/mechanism-only studies, off-topic diagnostic/surgical-technique papers, and single-patient case reports. Not yet individually reviewed for the golden evidence map.",,sha256:4541e6c430dd87f80095de36197fd553b7f9e3ea90081f1f2ed36adfe843c3ee,paper,,,,,,"Acquired via bulk PMC OA ingestion pipeline (work/oncology/acquisition_receipt.json), not individually hand-curated. study_type/population/intervention/comparator left blank pending evidence-record-level review."
oncology-ma-2026-hepatic-safety-of-sintilimab-v,Hepatic safety of sintilimab versus pembrolizumab in advanced non-small cell lung cancer: a retrospective observational cohort study.,Pan Ma; Yumeng Zhou; Xin Zhang; Quanfeng Zhao; Yu Peng; Hailong Jiang; Linli Xie; Yan Liao,2026,Frontiers in immunology,10.3389/fimmu.2026.1808972,42421963,,PMC13341631,https://pmc.ncbi.nlm.nih.gov/articles/PMC13341631/,https://pmc-oa-opendata.s3.amazonaws.com/PMC13341631.1/PMC13341631.1.pdf?md5=4363e83963403ad6c18e8689ae89372b,PMC13341631.pdf,2026-08-08,CC BY,https://creativecommons.org/licenses/by/4.0/,approved_open_access,included,"Bulk PMC Open Access Subset acquisition matching this corpus's scope vocabulary (NSCLC + PD-1/PD-L1 checkpoint-inhibitor terms), deterministic identity/license/full-text adjudication, and a documented rule-based title scope screen excluding wrong cancer types, preclinical/mechanism-only studies, off-topic diagnostic/surgical-technique papers, and single-patient case reports. Not yet individually reviewed for the golden evidence map.",,sha256:054f5b1c0eedf2447c23175fba559e76d4faf216850d318678ba8daabe8b83a2,paper,,,,,,"Acquired via bulk PMC OA ingestion pipeline (work/oncology/acquisition_receipt.json), not individually hand-curated. study_type/population/intervention/comparator left blank pending evidence-record-level review."
oncology-zheng-2026-short-term-quantitative-ct-cha,Short-term quantitative CT changes in synchronous ground-glass nodules during immune checkpoint inhibitor therapy in patients with lung cancer.,Yuting Zheng; Shiqi Li; Tingting Guo; Qinyue Luo; Yimeng He; Mengting Huang; Heshui Shi; Xiaoyu Han,2026,Frontiers in immunology,10.3389/fimmu.2026.1810440,42421934,,PMC13341620,https://pmc.ncbi.nlm.nih.gov/articles/PMC13341620/,https://pmc-oa-opendata.s3.amazonaws.com/PMC13341620.1/PMC13341620.1.pdf?md5=b3d2beee9405d802dc64575cbbc016c5,PMC13341620.pdf,2026-08-08,CC BY,https://creativecommons.org/licenses/by/4.0/,approved_open_access,included,"Bulk PMC Open Access Subset acquisition matching this corpus's scope vocabulary (NSCLC + PD-1/PD-L1 checkpoint-inhibitor terms), deterministic identity/license/full-text adjudication, and a documented rule-based title scope screen excluding wrong cancer types, preclinical/mechanism-only studies, off-topic diagnostic/surgical-technique papers, and single-patient case reports. Not yet individually reviewed for the golden evidence map.",,sha256:a51437a80c96d84967f44a6402385e5f9344440ce9013511df170d9de0b294d2,paper,,,,,,"Acquired via bulk PMC OA ingestion pipeline (work/oncology/acquisition_receipt.json), not individually hand-curated. study_type/population/intervention/comparator left blank pending evidence-record-level review."
oncology-xue-2026-real-world-efficacy-and-safety,Real-world efficacy and safety of PD-1 inhibitors in patients living with HIV and cancer: a retrospective cohort study.,Xiaola Xue; Juyi Wu; Zhenpeng Tan; Chunyu Tian; Qiong Li; Shujuan Zhou; Yuchao Xia; Shaojie Yang; Xuan Yang,2026,Frontiers in oncology,10.3389/fonc.2026.1846602,42421691,,PMC13341521,https://pmc.ncbi.nlm.nih.gov/articles/PMC13341521/,https://pmc-oa-opendata.s3.amazonaws.com/PMC13341521.1/PMC13341521.1.pdf?md5=ca56396fff14aa5b847b9e6ec4488c40,PMC13341521.pdf,2026-08-08,CC BY,https://creativecommons.org/licenses/by/4.0/,approved_open_access,included,"Bulk PMC Open Access Subset acquisition matching this corpus's scope vocabulary (NSCLC + PD-1/PD-L1 checkpoint-inhibitor terms), deterministic identity/license/full-text adjudication, and a documented rule-based title scope screen excluding wrong cancer types, preclinical/mechanism-only studies, off-topic diagnostic/surgical-technique papers, and single-patient case reports. Not yet individually reviewed for the golden evidence map.",,sha256:919866a439ca9bb067f99ad69cb170ce5257bff4b890f69c5da6edb42a43e1a9,paper,,,,,,"Acquired via bulk PMC OA ingestion pipeline (work/oncology/acquisition_receipt.json), not individually hand-curated. study_type/population/intervention/comparator left blank pending evidence-record-level review."
oncology-oduah-2026-alirocumab-plus-cemiplimab-in,Alirocumab Plus Cemiplimab in Immunorefractory NSCLC: A Single Arm Phase 2 Study.,Eziafa Oduah; Jhanelle Gray; Thomas Stinchcombe; Steven Wolf; Xiaodi Qin; Abbie Ireland; Joel Rivera-Concepcion; Jeffrey Clarke; Jeffrey Crawford; Laura Alder; Cameron Oswalt; Alan Chen; Liliana Lyniv; Aamna Abbasi; Andreas Saltos; Sin-Ho Jung; Kouros Owzar; Neal Ready; Trudy Oliver; Scott Antonia,2026,Research square,10.21203/rs.3.rs-10011569/v1,42396524,,PMC13321338,https://pmc.ncbi.nlm.nih.gov/articles/PMC13321338/,https://pmc-oa-opendata.s3.amazonaws.com/PMC13321338.1/PMC13321338.1.pdf?md5=116f93812718912202e3a48edba823f5,PMC13321338.pdf,2026-08-08,CC BY,https://creativecommons.org/licenses/by/4.0/,approved_open_access,included,"Bulk PMC Open Access Subset acquisition matching this corpus's scope vocabulary (NSCLC + PD-1/PD-L1 checkpoint-inhibitor terms), deterministic identity/license/full-text adjudication, and a documented rule-based title scope screen excluding wrong cancer types, preclinical/mechanism-only studies, off-topic diagnostic/surgical-technique papers, and single-patient case reports. Not yet individually reviewed for the golden evidence map.",,sha256:39cee278eab2f6a38c8450f8506b77c27c29506ea279fd87b3eaa09f6e53c30c,paper,,,,,,"Acquired via bulk PMC OA ingestion pipeline (work/oncology/acquisition_receipt.json), not individually hand-curated. study_type/population/intervention/comparator left blank pending evidence-record-level review."
oncology-esen-2026-induction-chemoimmunotherapy-f,Induction Chemoimmunotherapy Followed by Consolidative Hypofractionated Radiotherapy for Unresectable Locally Advanced NSCLC: A Real-World Outcomes Analysis.,Caglayan Selenge Beduk Esen; Sukran Celikarslan; Duygu Sezen; Fatih Selcukbiricik; Kerim Kaban; Metin Kanitez; Perran Fulden Yumuk; Nil Molinas Mandel; Levent Tabak; Ezgi Cesur; Suat Erus; Serhan Tanju; Sukru Dilege; Terman Gumus; Cetin Atasoy; Cengiz Demirkurek; Okan Falay; Mehmet Onur Demirkol; Pinar Bulutay; Pinar Firat; Melis Selek; Merve Duman; Sepideh Mohammadipour; Saliha Ezgi Oymak; Nulifer Kilic Durankus; Yasemin Atagun; Ugur Selek,2026,Cancers,10.3390/cancers18132036,42449582,,PMC13360162,https://pmc.ncbi.nlm.nih.gov/articles/PMC13360162/,https://pmc-oa-opendata.s3.amazonaws.com/PMC13360162.1/PMC13360162.1.pdf?md5=df4ddaee5db14c8df87d0f7e78dc9515,PMC13360162.pdf,2026-08-08,CC BY,https://creativecommons.org/licenses/by/4.0/,approved_open_access,included,"Bulk PMC Open Access Subset acquisition matching this corpus's scope vocabulary (NSCLC + PD-1/PD-L1 checkpoint-inhibitor terms), deterministic identity/license/full-text adjudication, and a documented rule-based title scope screen excluding wrong cancer types, preclinical/mechanism-only studies, off-topic diagnostic/surgical-technique papers, and single-patient case reports. Not yet individually reviewed for the golden evidence map.",,sha256:60d40801df5086f42373e1d37e468ab464fdccbae10a021d9f31cb87d5cd4540,paper,,,,,,"Acquired via bulk PMC OA ingestion pipeline (work/oncology/acquisition_receipt.json), not individually hand-curated. study_type/population/intervention/comparator left blank pending evidence-record-level review."
oncology-zhou-2026-endobody-genetically-encodable,Endobody: Genetically Encodable Nanobody-CPP Chimeras for Degradation of Membrane and Extracellular Proteins.,Chengjian Zhou; Huiping He; Simin Xia; Xi Chen,2026,"Advanced science (Weinheim, Baden-Wurttemberg, Germany)",10.1002/advs.76075,42335400,,PMC13336368,https://pmc.ncbi.nlm.nih.gov/articles/PMC13336368/,https://pmc-oa-opendata.s3.amazonaws.com/PMC13336368.1/PMC13336368.1.pdf?md5=e63bde79fd71aae68a2b9fedf7521c54,PMC13336368.pdf,2026-08-08,CC BY,https://creativecommons.org/licenses/by/4.0/,approved_open_access,included,"Bulk PMC Open Access Subset acquisition matching this corpus's scope vocabulary (NSCLC + PD-1/PD-L1 checkpoint-inhibitor terms), deterministic identity/license/full-text adjudication, and a documented rule-based title scope screen excluding wrong cancer types, preclinical/mechanism-only studies, off-topic diagnostic/surgical-technique papers, and single-patient case reports. Not yet individually reviewed for the golden evidence map.",,sha256:86cc8221e93ace91a3ffe57e4a82b69465277e34ca5296035f9458a6902262b4,paper,,,,,,"Acquired via bulk PMC OA ingestion pipeline (work/oncology/acquisition_receipt.json), not individually hand-curated. study_type/population/intervention/comparator left blank pending evidence-record-level review."
oncology-xue-2026-ube2o-drives-immune-evasion-an,UBE2O Drives Immune Evasion and Radioimmunotherapy Resistance in Lung Cancer by Degrading CDKL1 to Induce PD-L1 Transcription.,Huichan Xue; Xiaohua Jie; Zhiwei Liu; Ruoxin Fang; Shuo Wu; Xiaorong Dong; Shuangbing Xu,2026,"Advanced science (Weinheim, Baden-Wurttemberg, Germany)",10.1002/advs.76223,42325185,,PMC13336739,https://pmc.ncbi.nlm.nih.gov/articles/PMC13336739/,https://pmc-oa-opendata.s3.amazonaws.com/PMC13336739.1/PMC13336739.1.pdf?md5=c23b4ce926bb28da8bc28f0991cdec11,PMC13336739.pdf,2026-08-08,CC BY,https://creativecommons.org/licenses/by/4.0/,approved_open_access,included,"Bulk PMC Open Access Subset acquisition matching this corpus's scope vocabulary (NSCLC + PD-1/PD-L1 checkpoint-inhibitor terms), deterministic identity/license/full-text adjudication, and a documented rule-based title scope screen excluding wrong cancer types, preclinical/mechanism-only studies, off-topic diagnostic/surgical-technique papers, and single-patient case reports. Not yet individually reviewed for the golden evidence map.",,sha256:c82f73b8dab5360d567f81dd630d53fe463b423fbd918694230592a1f9968047,paper,,,,,,"Acquired via bulk PMC OA ingestion pipeline (work/oncology/acquisition_receipt.json), not individually hand-curated. study_type/population/intervention/comparator left blank pending evidence-record-level review."
oncology-tan-2026-an-ihc-derived-tls-cd8-macroph,An IHC-derived TLS-CD8-macrophage immune niche score predicts major pathological response to neoadjuvant chemoimmunotherapy in resectable NSCLC.,Jingyu Tan; Yan Liu; Binbin Wang; Haiwen Liu,2026,Frontiers in immunology,10.3389/fimmu.2026.1871411,42404907,,PMC13328394,https://pmc.ncbi.nlm.nih.gov/articles/PMC13328394/,https://pmc-oa-opendata.s3.amazonaws.com/PMC13328394.1/PMC13328394.1.pdf?md5=aeb1dcd501dac531c7fbf0ad1706554f,PMC13328394.pdf,2026-08-08,CC BY,https://creativecommons.org/licenses/by/4.0/,approved_open_access,included,"Bulk PMC Open Access Subset acquisition matching this corpus's scope vocabulary (NSCLC + PD-1/PD-L1 checkpoint-inhibitor terms), deterministic identity/license/full-text adjudication, and a documented rule-based title scope screen excluding wrong cancer types, preclinical/mechanism-only studies, off-topic diagnostic/surgical-technique papers, and single-patient case reports. Not yet individually reviewed for the golden evidence map.",,sha256:78badb7914bd7bf5aed0aa6143655eeb9e16ac56a9930fccf96f41b7defa9baf,paper,,,,,,"Acquired via bulk PMC OA ingestion pipeline (work/oncology/acquisition_receipt.json), not individually hand-curated. study_type/population/intervention/comparator left blank pending evidence-record-level review."
oncology-gan-2026-single-cell-reveal-galnt7-depe,Single-Cell Reveal GALNT7-Dependent Ferroptosis Suppression as a Mechanism of Immunotherapy Resistance in Non-Small Cell Lung Cancer.,Jiadi Gan; Qian Zheng; Deng Liu; Ruichao Nie; Menglin Yao; Xiaolong Tang; Renjie Xu; Jinghong Xian; Wenjun Meng; Wenxin Luo; Dan Liu; Guiyi Ji,2026,"Advanced science (Weinheim, Baden-Wurttemberg, Germany)",10.1002/advs.76082,42318657,,PMC13336806,https://pmc.ncbi.nlm.nih.gov/articles/PMC13336806/,https://pmc-oa-opendata.s3.amazonaws.com/PMC13336806.1/PMC13336806.1.pdf?md5=202969b68491e200a0dbfe3426e36bb5,PMC13336806.pdf,2026-08-08,CC BY,https://creativecommons.org/licenses/by/4.0/,approved_open_access,included,"Bulk PMC Open Access Subset acquisition matching this corpus's scope vocabulary (NSCLC + PD-1/PD-L1 checkpoint-inhibitor terms), deterministic identity/license/full-text adjudication, and a documented rule-based title scope screen excluding wrong cancer types, preclinical/mechanism-only studies, off-topic diagnostic/surgical-technique papers, and single-patient case reports. Not yet individually reviewed for the golden evidence map.",,sha256:753e001da69bd79bd2e10b5e9f790c261528074bac4321e4d6b9ff6f4e0b7f61,paper,,,,,,"Acquired via bulk PMC OA ingestion pipeline (work/oncology/acquisition_receipt.json), not individually hand-curated. study_type/population/intervention/comparator left blank pending evidence-record-level review."
oncology-figueiredo-2026-circulating-cell-populations-a,Circulating cell populations as response predictors and targets to improve immunotherapy in metastatic lung cancer.,Amanda B Figueiredo; Guilherme F B Evangelista; Stephanie M I Ferreira; Larissa M Kuil; Gabriela Barbeta; Lukas C Iohan; Andrea T Faccio; Karina H M Cardozo; Valdemir M Carvalho; Clara M Cavalcanti; Robert Balderas; Rodrigo P Lopes; James Turner; Thaiany G Souza-Silva; Juan C S Silva; Jonathan P Avila; Helder T I Nakaya; Nayane A L Galdino; Ananda D Lopes; Kátia L P Morais; Iasmim P Santos; Helano C Freitas; Jefferson L Gross; Clóvis A L Pinto; Rubens Chojniak; Walderez O Dutra; Vladmir C Cordeiro-de-Lima; Kenneth J Gollob,2026,iScience,10.1016/j.isci.2026.116124,42291216,,PMC13264123,https://pmc.ncbi.nlm.nih.gov/articles/PMC13264123/,https://pmc-oa-opendata.s3.amazonaws.com/PMC13264123.1/PMC13264123.1.pdf?md5=1fa3ee8c4531004f8b9eb6481b036249,PMC13264123.pdf,2026-08-08,CC BY,https://creativecommons.org/licenses/by/4.0/,approved_open_access,included,"Bulk PMC Open Access Subset acquisition matching this corpus's scope vocabulary (NSCLC + PD-1/PD-L1 checkpoint-inhibitor terms), deterministic identity/license/full-text adjudication, and a documented rule-based title scope screen excluding wrong cancer types, preclinical/mechanism-only studies, off-topic diagnostic/surgical-technique papers, and single-patient case reports. Not yet individually reviewed for the golden evidence map.",,sha256:db942ecdf1562b387b2e3bd9620414e4d00c2bbd3e4b1a3ab07e81015b7c3968,paper,,,,,,"Acquired via bulk PMC OA ingestion pipeline (work/oncology/acquisition_receipt.json), not individually hand-curated. study_type/population/intervention/comparator left blank pending evidence-record-level review."
oncology-koren-2026-real-world-outcomes-of-first-l,Real-World Outcomes of First-Line Pembrolizumab-Based Therapy in Advanced Non-Small-Cell Lung Cancer: A Retrospective Single-Center Study.,Einav Koren; Adar Yaacov; Jamal Zidan; Laila C Roisman; Nir Peled; Noam Asna,2026,Journal of clinical medicine,10.3390/jcm15124757,42355925,,PMC13302034,https://pmc.ncbi.nlm.nih.gov/articles/PMC13302034/,https://pmc-oa-opendata.s3.amazonaws.com/PMC13302034.1/PMC13302034.1.pdf?md5=bfc672105b9131b9f8faef90d112b74f,PMC13302034.pdf,2026-08-08,CC BY,https://creativecommons.org/licenses/by/4.0/,approved_open_access,included,"Bulk PMC Open Access Subset acquisition matching this corpus's scope vocabulary (NSCLC + PD-1/PD-L1 checkpoint-inhibitor terms), deterministic identity/license/full-text adjudication, and a documented rule-based title scope screen excluding wrong cancer types, preclinical/mechanism-only studies, off-topic diagnostic/surgical-technique papers, and single-patient case reports. Not yet individually reviewed for the golden evidence map.",,sha256:c3764371e6a4e3f8c76150c2f5fd8183ecdd4222333a8e07c63e9eb111b80cf0,paper,,,,,,"Acquired via bulk PMC OA ingestion pipeline (work/oncology/acquisition_receipt.json), not individually hand-curated. study_type/population/intervention/comparator left blank pending evidence-record-level review."
oncology-kakouri-2026-the-predictive-role-of-ctdna-a,The Predictive Role of ctDNA and CTCs in Patients with Advanced Non-Small Cell Lung Cancer Receiving Immunotherapy: A Systematic Review and Meta-Analysis.,Andrea C Kakouri; Maria Spiliotaki; Constantinos Deltas; Gregory Papagregoriou; Haris Charalambous,2026,International journal of molecular sciences,10.3390/ijms27125518,42353230,,PMC13300314,https://pmc.ncbi.nlm.nih.gov/articles/PMC13300314/,https://pmc-oa-opendata.s3.amazonaws.com/PMC13300314.1/PMC13300314.1.pdf?md5=d5a3ada8011a3616d5d0b8c26c3f2c4c,PMC13300314.pdf,2026-08-08,CC BY,https://creativecommons.org/licenses/by/4.0/,approved_open_access,included,"Bulk PMC Open Access Subset acquisition matching this corpus's scope vocabulary (NSCLC + PD-1/PD-L1 checkpoint-inhibitor terms), deterministic identity/license/full-text adjudication, and a documented rule-based title scope screen excluding wrong cancer types, preclinical/mechanism-only studies, off-topic diagnostic/surgical-technique papers, and single-patient case reports. Not yet individually reviewed for the golden evidence map.",,sha256:a6fde0551dd44b322ab0020bd44ffeeaf6f13f98eaa78ecef892089135e4b149,paper,,,,,,"Acquired via bulk PMC OA ingestion pipeline (work/oncology/acquisition_receipt.json), not individually hand-curated. study_type/population/intervention/comparator left blank pending evidence-record-level review."
oncology-cao-2026-allosteric-inhibition-of-polyc,Allosteric Inhibition of Polycomb Repressive Complex 2 by an EZH2-Selective Small Molecule Inhibitor.,Ting Cao; Dongdong Liu; Haishan Gao; Chenyang Qin; Wen Zhang; Ziyun Lu; Dongxia Tan; Yuxiu Qu; Yusong Liu; Zhiran Zou; Hongtao Yu; Wei Qi,2026,"Advanced science (Weinheim, Baden-Wurttemberg, Germany)",10.1002/advs.76025,42314051,,PMC13337107,https://pmc.ncbi.nlm.nih.gov/articles/PMC13337107/,https://pmc-oa-opendata.s3.amazonaws.com/PMC13337107.1/PMC13337107.1.pdf?md5=38168f8116d3a724fb58d1f5eea3d560,PMC13337107.pdf,2026-08-08,CC BY,https://creativecommons.org/licenses/by/4.0/,approved_open_access,included,"Bulk PMC Open Access Subset acquisition matching this corpus's scope vocabulary (NSCLC + PD-1/PD-L1 checkpoint-inhibitor terms), deterministic identity/license/full-text adjudication, and a documented rule-based title scope screen excluding wrong cancer types, preclinical/mechanism-only studies, off-topic diagnostic/surgical-technique papers, and single-patient case reports. Not yet individually reviewed for the golden evidence map.",,sha256:8b7f6ccc67da968e246b6fa5bbcba37e5f80aa9404d4ee7ce3e5172b1cbb6941,paper,,,,,,"Acquired via bulk PMC OA ingestion pipeline (work/oncology/acquisition_receipt.json), not individually hand-curated. study_type/population/intervention/comparator left blank pending evidence-record-level review."
oncology-chen-2026-ero1a-as-a-novel-biomarker-for,ERO1A as a novel biomarker for risk stratification and immunotherapeutic guidance in early-stage lung adenocarcinoma.,Wangyu Chen; Haiming Li; Jie Zeng; Guijing Xie; Zhibo Chen; Xie Xu; Wenjie Bai; Gang Xiao; Jianjiang Xie,2026,PeerJ,10.7717/peerj.21347,42328676,,PMC13282948,https://pmc.ncbi.nlm.nih.gov/articles/PMC13282948/,https://pmc-oa-opendata.s3.amazonaws.com/PMC13282948.1/PMC13282948.1.pdf?md5=22b1fcafc8c90145a79381d6f2407618,PMC13282948.pdf,2026-08-08,CC BY,https://creativecommons.org/licenses/by/4.0/,approved_open_access,included,"Bulk PMC Open Access Subset acquisition matching this corpus's scope vocabulary (NSCLC + PD-1/PD-L1 checkpoint-inhibitor terms), deterministic identity/license/full-text adjudication, and a documented rule-based title scope screen excluding wrong cancer types, preclinical/mechanism-only studies, off-topic diagnostic/surgical-technique papers, and single-patient case reports. Not yet individually reviewed for the golden evidence map.",,sha256:01072b6d3d6f9987a4c04e87f0b62f6c7aba7801f22a277b91dcb9d8bd827148,paper,,,,,,"Acquired via bulk PMC OA ingestion pipeline (work/oncology/acquisition_receipt.json), not individually hand-curated. study_type/population/intervention/comparator left blank pending evidence-record-level review."
oncology-wang-2026-factors-affecting-the-efficacy,Factors Affecting the Efficacy and Safety of First-Line Anti-PD-1 Therapy in Advanced Non-Small Cell Lung Cancer.,Zhen Wang; Qian Xie; Yu Luo; Chuan Li; Wenqiang Guan; Yanling Zhang; Jidong Miao,2026,Oncology research,10.32604/or.2026.079813,42358826,,PMC13292038,https://pmc.ncbi.nlm.nih.gov/articles/PMC13292038/,https://pmc-oa-opendata.s3.amazonaws.com/PMC13292038.1/PMC13292038.1.pdf?md5=5568abd2eac42999652217dc53d20341,PMC13292038.pdf,2026-08-08,CC BY,https://creativecommons.org/licenses/by/4.0/,approved_open_access,included,"Bulk PMC Open Access Subset acquisition matching this corpus's scope vocabulary (NSCLC + PD-1/PD-L1 checkpoint-inhibitor terms), deterministic identity/license/full-text adjudication, and a documented rule-based title scope screen excluding wrong cancer types, preclinical/mechanism-only studies, off-topic diagnostic/surgical-technique papers, and single-patient case reports. Not yet individually reviewed for the golden evidence map.",,sha256:afb8ad32cca2047bbdf8290fa3fa17ce7b68d4626ef8e43347b7661dd7689fc4,paper,,,,,,"Acquired via bulk PMC OA ingestion pipeline (work/oncology/acquisition_receipt.json), not individually hand-curated. study_type/population/intervention/comparator left blank pending evidence-record-level review."
oncology-azua-romeo-2026-real-world-evaluation-of-next,Real-World Evaluation of Next-Generation Sequencing in Lung Cancer: Associations Between Histological Subtypes and Genomic Alterations.,Javier Azúa-Romeo; Maria Cabetas; Irene Rodriguez; Bárbara Angulo; Arantxa Andueza,2026,Current issues in molecular biology,10.3390/cimb48060628,42353631,,PMC13298032,https://pmc.ncbi.nlm.nih.gov/articles/PMC13298032/,https://pmc-oa-opendata.s3.amazonaws.com/PMC13298032.1/PMC13298032.1.pdf?md5=0d4078b3203a5eac0a603fd7c2b7f126,PMC13298032.pdf,2026-08-08,CC BY,https://creativecommons.org/licenses/by/4.0/,approved_open_access,included,"Bulk PMC Open Access Subset acquisition matching this corpus's scope vocabulary (NSCLC + PD-1/PD-L1 checkpoint-inhibitor terms), deterministic identity/license/full-text adjudication, and a documented rule-based title scope screen excluding wrong cancer types, preclinical/mechanism-only studies, off-topic diagnostic/surgical-technique papers, and single-patient case reports. Not yet individually reviewed for the golden evidence map.",,sha256:cbb7c340c3b3976d7bf2770be95264c40321b1a4a2955eb3d629e1e70b51bd0c,paper,,,,,,"Acquired via bulk PMC OA ingestion pipeline (work/oncology/acquisition_receipt.json), not individually hand-curated. study_type/population/intervention/comparator left blank pending evidence-record-level review."
oncology-ali-2026-microbial-influence-on-immune,Microbial Influence on Immune Checkpoint Inhibitor Therapy in Non-Small Cell Carcinoma: The Gut-Lung-Immune Axis.,Haroon Ali; Bingqing Xie; Jun Yang; Urooba Nadeem,2026,Cancers,10.3390/cancers18121948,42352482,,PMC13296512,https://pmc.ncbi.nlm.nih.gov/articles/PMC13296512/,https://pmc-oa-opendata.s3.amazonaws.com/PMC13296512.1/PMC13296512.1.pdf?md5=ca351aeb8f6f8c2dcc1f5cedff2f8c3b,PMC13296512.pdf,2026-08-08,CC BY,https://creativecommons.org/licenses/by/4.0/,approved_open_access,included,"Bulk PMC Open Access Subset acquisition matching this corpus's scope vocabulary (NSCLC + PD-1/PD-L1 checkpoint-inhibitor terms), deterministic identity/license/full-text adjudication, and a documented rule-based title scope screen excluding wrong cancer types, preclinical/mechanism-only studies, off-topic diagnostic/surgical-technique papers, and single-patient case reports. Not yet individually reviewed for the golden evidence map.",,sha256:cea4d2f75a0844842115e9605f974363373dd78feae829d71ca6d4a9c1bd1e28,paper,,,,,,"Acquired via bulk PMC OA ingestion pipeline (work/oncology/acquisition_receipt.json), not individually hand-curated. study_type/population/intervention/comparator left blank pending evidence-record-level review."
oncology-roy-2026-long-term-complete-radiologica,Long-term complete radiological response to immunotherapy in a patient with metastatic NSCLC and active rheumatoid arthritis.,Eleanor Roy; Amir Arshia Emam Jomeh; Eleni Xenophontos; Haris Charalambous,2026,Oxford medical case reports,10.1093/omcr/omag100,42306558,,PMC13267891,https://pmc.ncbi.nlm.nih.gov/articles/PMC13267891/,https://pmc-oa-opendata.s3.amazonaws.com/PMC13267891.1/PMC13267891.1.pdf?md5=1f58690cea40e31078049558df5e05fa,PMC13267891.pdf,2026-08-08,CC BY,https://creativecommons.org/licenses/by/4.0/,approved_open_access,included,"Bulk PMC Open Access Subset acquisition matching this corpus's scope vocabulary (NSCLC + PD-1/PD-L1 checkpoint-inhibitor terms), deterministic identity/license/full-text adjudication, and a documented rule-based title scope screen excluding wrong cancer types, preclinical/mechanism-only studies, off-topic diagnostic/surgical-technique papers, and single-patient case reports. Not yet individually reviewed for the golden evidence map.",,sha256:5df168b2245c9ec79253b2e25aead3ce0f086658b7d7971b9e37a4aff94d063c,paper,,,,,,"Acquired via bulk PMC OA ingestion pipeline (work/oncology/acquisition_receipt.json), not individually hand-curated. study_type/population/intervention/comparator left blank pending evidence-record-level review."
oncology-huang-2026-a-radio-pathological-fusion-mo,A radio-pathological fusion model for predicting PD-L1 expression and immunotherapy response in non-small cell lung cancer.,Dingpin Huang; Fangyi Xu; Yi Gan; Liya Ding; Kaihua Lou; Yongcen Li; Dong Xie; Haiping Zhang; Lei Shi; Rui Xu; Hongjie Hu,2026,Insights into imaging,10.1186/s13244-026-02322-4,42295571,,PMC13269606,https://pmc.ncbi.nlm.nih.gov/articles/PMC13269606/,https://pmc-oa-opendata.s3.amazonaws.com/PMC13269606.1/PMC13269606.1.pdf?md5=ce9634b35d36cb859e0d153c873e3fb3,PMC13269606.pdf,2026-08-08,CC BY,https://creativecommons.org/licenses/by/4.0/,approved_open_access,included,"Bulk PMC Open Access Subset acquisition matching this corpus's scope vocabulary (NSCLC + PD-1/PD-L1 checkpoint-inhibitor terms), deterministic identity/license/full-text adjudication, and a documented rule-based title scope screen excluding wrong cancer types, preclinical/mechanism-only studies, off-topic diagnostic/surgical-technique papers, and single-patient case reports. Not yet individually reviewed for the golden evidence map.",,sha256:82939d7dc7bc1bff1aa73facd5d0cfb34ea283ae38846e89dbe21d5268014bff,paper,,,,,,"Acquired via bulk PMC OA ingestion pipeline (work/oncology/acquisition_receipt.json), not individually hand-curated. study_type/population/intervention/comparator left blank pending evidence-record-level review."
oncology-liu-2026-advances-in-neoadjuvant-immuno,Advances in neoadjuvant immunotherapy for non-small cell lung cancer.,Xuehui Liu; Huasheng Li; Guangqi Dong; Yuyan Liu; Maobiao Ran; Dongbin Wang,2026,Frontiers in immunology,10.3389/fimmu.2026.1878102,42367815,,PMC13303923,https://pmc.ncbi.nlm.nih.gov/articles/PMC13303923/,https://pmc-oa-opendata.s3.amazonaws.com/PMC13303923.1/PMC13303923.1.pdf?md5=065210fa68b415ed2c1d6a2add88d162,PMC13303923.pdf,2026-08-08,CC BY,https://creativecommons.org/licenses/by/4.0/,approved_open_access,included,"Bulk PMC Open Access Subset acquisition matching this corpus's scope vocabulary (NSCLC + PD-1/PD-L1 checkpoint-inhibitor terms), deterministic identity/license/full-text adjudication, and a documented rule-based title scope screen excluding wrong cancer types, preclinical/mechanism-only studies, off-topic diagnostic/surgical-technique papers, and single-patient case reports. Not yet individually reviewed for the golden evidence map.",,sha256:8a5c98612116d6ec64d67ed5d1dd2733803c447b981f62b9951daf3eb04e0050,paper,,,,,,"Acquired via bulk PMC OA ingestion pipeline (work/oncology/acquisition_receipt.json), not individually hand-curated. study_type/population/intervention/comparator left blank pending evidence-record-level review."
oncology-querzoli-2026-hla-g-expression-in-non-small,HLA-G expression in non-small cell lung cancer: prognostic significance and interplay with PD-L1 and CD8+ tumor-infiltrating lymphocytes.,Giulia Querzoli; Giuseppe Bogina; Marcella Marconi; Nicola Tumino; Paola Vacca; Luisella Righi; Sara Pilotto; Anna Caliò; Luca Cima; Stefano Gobbo; Matthew J Cecchini; Gaetano Paolino; Francesco Ciompi; Roberto S Accolla; Aldo Scarpa; Gianluigi Lunardi; Emanuela Marcenaro; Lorenzo Moretta; Giuseppe Zamboni; Enrico Munari,2026,Frontiers in immunology,10.3389/fimmu.2026.1732852,42367769,,PMC13303491,https://pmc.ncbi.nlm.nih.gov/articles/PMC13303491/,https://pmc-oa-opendata.s3.amazonaws.com/PMC13303491.1/PMC13303491.1.pdf?md5=0696161c51cca641dd0569e8fc23bc03,PMC13303491.pdf,2026-08-08,CC BY,https://creativecommons.org/licenses/by/4.0/,approved_open_access,included,"Bulk PMC Open Access Subset acquisition matching this corpus's scope vocabulary (NSCLC + PD-1/PD-L1 checkpoint-inhibitor terms), deterministic identity/license/full-text adjudication, and a documented rule-based title scope screen excluding wrong cancer types, preclinical/mechanism-only studies, off-topic diagnostic/surgical-technique papers, and single-patient case reports. Not yet individually reviewed for the golden evidence map.",,sha256:3cbdfbbd9ea5ca99b67e27efbf60deca6a64c6938c3cee39f330d6808bdf61a6,paper,,,,,,"Acquired via bulk PMC OA ingestion pipeline (work/oncology/acquisition_receipt.json), not individually hand-curated. study_type/population/intervention/comparator left blank pending evidence-record-level review."
oncology-lococo-2026-from-clinical-trials-to-real-w,From Clinical Trials to Real-World Practice: Surgical Feasibility and Postoperative Outcomes After Neoadjuvant Chemoimmunotherapy for Locally Advanced NSCLC in a Single-Center Experience.,Filippo Lococo; Dania Nachira; Khrystyna Kuzmych; Carolina Sassorossi; Chiara Scognamiglio; Leonardo Petracca Ciavarella; Maria Letizia Vita; Virginia Proietti; Alessio Stefani; Elisa Meacci; Guru Tudimella; Maria Teresa Congedo; Alessandra Cancellieri; Emanuele Vita; Emilio Bria; Stefano Margaritora,2026,Cancers,10.3390/cancers18121914,42352448,,PMC13296458,https://pmc.ncbi.nlm.nih.gov/articles/PMC13296458/,https://pmc-oa-opendata.s3.amazonaws.com/PMC13296458.1/PMC13296458.1.pdf?md5=83caabac67237dc6e30af74bcf140993,PMC13296458.pdf,2026-08-08,CC BY,https://creativecommons.org/licenses/by/4.0/,approved_open_access,included,"Bulk PMC Open Access Subset acquisition matching this corpus's scope vocabulary (NSCLC + PD-1/PD-L1 checkpoint-inhibitor terms), deterministic identity/license/full-text adjudication, and a documented rule-based title scope screen excluding wrong cancer types, preclinical/mechanism-only studies, off-topic diagnostic/surgical-technique papers, and single-patient case reports. Not yet individually reviewed for the golden evidence map.",,sha256:e301c0c909c3eb3c2841c4c343a0d038bfc7b1d2ac6aa2dfa27921c869a7818e,paper,,,,,,"Acquired via bulk PMC OA ingestion pipeline (work/oncology/acquisition_receipt.json), not individually hand-curated. study_type/population/intervention/comparator left blank pending evidence-record-level review."
oncology-yang-2026-efficacy-and-patient-selection,Efficacy and patient selection of consolidative thoracic radiotherapy following chemoimmunotherapy in ES-SCLC.,Donghong Yang; Ruqi Chen; Tongtong Xia; Guohu Zhang; Junhong Jiang; Guanbin Huang; Yiping Luo; Muwen Lin; Xiaolin Li; Dongxiao Yang; Yuying Chen; Hualin Chen,2026,Frontiers in cell and developmental biology,10.3389/fcell.2026.1850317,42368445,,PMC13293915,https://pmc.ncbi.nlm.nih.gov/articles/PMC13293915/,https://pmc-oa-opendata.s3.amazonaws.com/PMC13293915.1/PMC13293915.1.pdf?md5=b5f768cf11afbef3dd9a103178b7d40f,PMC13293915.pdf,2026-08-08,CC BY,https://creativecommons.org/licenses/by/4.0/,approved_open_access,included,"Bulk PMC Open Access Subset acquisition matching this corpus's scope vocabulary (NSCLC + PD-1/PD-L1 checkpoint-inhibitor terms), deterministic identity/license/full-text adjudication, and a documented rule-based title scope screen excluding wrong cancer types, preclinical/mechanism-only studies, off-topic diagnostic/surgical-technique papers, and single-patient case reports. Not yet individually reviewed for the golden evidence map.",,sha256:3f54cac9d4eead8ccabc779cf50f5a12baae541b0723414c4f9832a47b8c9227,paper,,,,,,"Acquired via bulk PMC OA ingestion pipeline (work/oncology/acquisition_receipt.json), not individually hand-curated. study_type/population/intervention/comparator left blank pending evidence-record-level review."
oncology-devnath-2026-fusion-of-clinical-and-deep-le,Fusion of Clinical and Deep Learning Features for Predicting Pembrolizumab Monotherapy Response in Advanced Non-Small Cell Lung Cancer.,Liton Devnath; Ian Janzen; Cheryl Ho; Barbara Melosky; Stephen Lam; Calum MacAulay; Ren Yuan,2026,Journal of clinical medicine,10.3390/jcm15124536,42355704,,PMC13300846,https://pmc.ncbi.nlm.nih.gov/articles/PMC13300846/,https://pmc-oa-opendata.s3.amazonaws.com/PMC13300846.1/PMC13300846.1.pdf?md5=8a00b5df636dcbabfce56bd4ee30c4b7,PMC13300846.pdf,2026-08-08,CC BY,https://creativecommons.org/licenses/by/4.0/,approved_open_access,included,"Bulk PMC Open Access Subset acquisition matching this corpus's scope vocabulary (NSCLC + PD-1/PD-L1 checkpoint-inhibitor terms), deterministic identity/license/full-text adjudication, and a documented rule-based title scope screen excluding wrong cancer types, preclinical/mechanism-only studies, off-topic diagnostic/surgical-technique papers, and single-patient case reports. Not yet individually reviewed for the golden evidence map.",,sha256:ca5b357744ae4733079b84c4322eb7f73afd864eab7b6637cb95394fe85ba7b1,paper,,,,,,"Acquired via bulk PMC OA ingestion pipeline (work/oncology/acquisition_receipt.json), not individually hand-curated. study_type/population/intervention/comparator left blank pending evidence-record-level review."
oncology-wang-2026-ctsl-loss-leads-to-anti-pd-1-i,CTSL loss leads to anti-PD-1 immunotherapy resistance in lung cancer by suppressing the anti-tumor function of peripheral CD8+ T cells.,Ying Wang; Jing Huang; Xueyang Zou; Jiancheng Xu,2026,Frontiers in immunology,10.3389/fimmu.2026.1863563,42358957,,PMC13290973,https://pmc.ncbi.nlm.nih.gov/articles/PMC13290973/,https://pmc-oa-opendata.s3.amazonaws.com/PMC13290973.1/PMC13290973.1.pdf?md5=d8fa30cc8dfa5a98a22f85ca989edce8,PMC13290973.pdf,2026-08-08,CC BY,https://creativecommons.org/licenses/by/4.0/,approved_open_access,included,"Bulk PMC Open Access Subset acquisition matching this corpus's scope vocabulary (NSCLC + PD-1/PD-L1 checkpoint-inhibitor terms), deterministic identity/license/full-text adjudication, and a documented rule-based title scope screen excluding wrong cancer types, preclinical/mechanism-only studies, off-topic diagnostic/surgical-technique papers, and single-patient case reports. Not yet individually reviewed for the golden evidence map.",,sha256:3a8fcb9cac6ff33b3d19c18f362f348181d1a82d48259282180ae0bc1d8b1984,paper,,,,,,"Acquired via bulk PMC OA ingestion pipeline (work/oncology/acquisition_receipt.json), not individually hand-curated. study_type/population/intervention/comparator left blank pending evidence-record-level review."
oncology-manap-2026-from-mechanisms-to-therapeutic,From Mechanisms to Therapeutic Innovation in Non-Small Cell Lung Cancer: A Knowledge-Depth Translational Mapping with Experimental Validation.,Aimi Syamima Abdul Manap,2026,International journal of molecular sciences,10.3390/ijms27125245,42352967,,PMC13299734,https://pmc.ncbi.nlm.nih.gov/articles/PMC13299734/,https://pmc-oa-opendata.s3.amazonaws.com/PMC13299734.1/PMC13299734.1.pdf?md5=b4437bd5617b8e654e6031bca2ce9a1d,PMC13299734.pdf,2026-08-08,CC BY,https://creativecommons.org/licenses/by/4.0/,approved_open_access,included,"Bulk PMC Open Access Subset acquisition matching this corpus's scope vocabulary (NSCLC + PD-1/PD-L1 checkpoint-inhibitor terms), deterministic identity/license/full-text adjudication, and a documented rule-based title scope screen excluding wrong cancer types, preclinical/mechanism-only studies, off-topic diagnostic/surgical-technique papers, and single-patient case reports. Not yet individually reviewed for the golden evidence map.",,sha256:ddc88f89194c34dcb83d03ec5ae810d9c60de40ecca2b352b30f3379a69a21e0,paper,,,,,,"Acquired via bulk PMC OA ingestion pipeline (work/oncology/acquisition_receipt.json), not individually hand-curated. study_type/population/intervention/comparator left blank pending evidence-record-level review."
oncology-selke-2026-real-world-survival-outcomes-f,Real-World Survival Outcomes Following Chemoradiotherapy with or Without Durvalumab in PD-L1-Defined Subgroups of Stage III Unresectable NSCLC.,Janne Selke; Yvonne Dzierma; Katrin Manda; Guido Hildebrandt; Bernd Frerker; Paul Kalata; Christin Ackermann; Felix Bock,2026,"Current oncology (Toronto, Ont.)",10.3390/curroncol33060351,42346251,,PMC13297644,https://pmc.ncbi.nlm.nih.gov/articles/PMC13297644/,https://pmc-oa-opendata.s3.amazonaws.com/PMC13297644.1/PMC13297644.1.pdf?md5=4e2baaee639493838c2bdbf020fa4b44,PMC13297644.pdf,2026-08-08,CC BY,https://creativecommons.org/licenses/by/4.0/,approved_open_access,included,"Bulk PMC Open Access Subset acquisition matching this corpus's scope vocabulary (NSCLC + PD-1/PD-L1 checkpoint-inhibitor terms), deterministic identity/license/full-text adjudication, and a documented rule-based title scope screen excluding wrong cancer types, preclinical/mechanism-only studies, off-topic diagnostic/surgical-technique papers, and single-patient case reports. Not yet individually reviewed for the golden evidence map.",,sha256:e352eded858f0c5a99ff96c6ba56b0f909b0eb622e836eb823b8a77afaf0dee4,paper,,,,,,"Acquired via bulk PMC OA ingestion pipeline (work/oncology/acquisition_receipt.json), not individually hand-curated. study_type/population/intervention/comparator left blank pending evidence-record-level review."
oncology-sassorossi-2026-lantern-2-association-between,LANTERN 2: Association Between Gene Molecular Profile and STAS in Lung Adenocarcinoma: A Comparative Analysis in a Prospective Real-World Population.,Carolina Sassorossi; Davide Dalfovo; Elisa De Paolis; Jessica Evangelista; Alessandra Cancellieri; Annalisa Campanella; Luca Boldrini; Esther G C Troost; Róza Ádány; Núria Farré; Ece Öztürk; Angelo Minucci; Rocco Trisolini; Emilio Bria; Stefano Margaritora; Steffen Löck; Filippo Lococo,2026,Genes,10.3390/genes17060677,42353836,,PMC13300064,https://pmc.ncbi.nlm.nih.gov/articles/PMC13300064/,https://pmc-oa-opendata.s3.amazonaws.com/PMC13300064.1/PMC13300064.1.pdf?md5=7505bad2d2bc7be78308ee0f4967d8be,PMC13300064.pdf,2026-08-08,CC BY,https://creativecommons.org/licenses/by/4.0/,approved_open_access,included,"Bulk PMC Open Access Subset acquisition matching this corpus's scope vocabulary (NSCLC + PD-1/PD-L1 checkpoint-inhibitor terms), deterministic identity/license/full-text adjudication, and a documented rule-based title scope screen excluding wrong cancer types, preclinical/mechanism-only studies, off-topic diagnostic/surgical-technique papers, and single-patient case reports. Not yet individually reviewed for the golden evidence map.",,sha256:937cdf65977b0ef36a3733322343a693f8179e4be68f7534cc9f375336c87f26,paper,,,,,,"Acquired via bulk PMC OA ingestion pipeline (work/oncology/acquisition_receipt.json), not individually hand-curated. study_type/population/intervention/comparator left blank pending evidence-record-level review."
oncology-mao-2026-antibody-based-regimens-target,Antibody-based regimens targeting PD-1/PD-L1 and VEGF/VEGFR in advanced or metastatic NSCLC: a meta-analysis of RCTs.,Wenjie Mao; Zeqi Tang; Yu Chen; Yixia Chen; Shiyan Zhang; Xiaoling Feng; Shengying Zhang,2026,Frontiers in immunology,10.3389/fimmu.2026.1847913,42344916,,PMC13287054,https://pmc.ncbi.nlm.nih.gov/articles/PMC13287054/,https://pmc-oa-opendata.s3.amazonaws.com/PMC13287054.1/PMC13287054.1.pdf?md5=8b30ce6e2763393397a02ee58d740032,PMC13287054.pdf,2026-08-08,CC BY,https://creativecommons.org/licenses/by/4.0/,approved_open_access,included,"Bulk PMC Open Access Subset acquisition matching this corpus's scope vocabulary (NSCLC + PD-1/PD-L1 checkpoint-inhibitor terms), deterministic identity/license/full-text adjudication, and a documented rule-based title scope screen excluding wrong cancer types, preclinical/mechanism-only studies, off-topic diagnostic/surgical-technique papers, and single-patient case reports. Not yet individually reviewed for the golden evidence map.",,sha256:268b2c87999bdc5b2d41fcec72e3bd1c850e9a38a59c4d6d75891732d9c33f5d,paper,,,,,,"Acquired via bulk PMC OA ingestion pipeline (work/oncology/acquisition_receipt.json), not individually hand-curated. study_type/population/intervention/comparator left blank pending evidence-record-level review."
oncology-wang-2026-prognostic-utility-of-circulat,Prognostic utility of circulating tumor DNA assessment in immune checkpoint inhibitor-treated advanced non-small cell lung cancer: a systematic review and meta-analysis.,Yulin Wang; Shuang Wu; Yanfang Wei; Shize Fan; Zihui Xu; Dongyang Li; Zan Teng; Jin Wang,2026,Frontiers in immunology,10.3389/fimmu.2026.1812209,42344896,,PMC13287079,https://pmc.ncbi.nlm.nih.gov/articles/PMC13287079/,https://pmc-oa-opendata.s3.amazonaws.com/PMC13287079.1/PMC13287079.1.pdf?md5=e59709fc29127a7643e71dd009946127,PMC13287079.pdf,2026-08-08,CC BY,https://creativecommons.org/licenses/by/4.0/,approved_open_access,included,"Bulk PMC Open Access Subset acquisition matching this corpus's scope vocabulary (NSCLC + PD-1/PD-L1 checkpoint-inhibitor terms), deterministic identity/license/full-text adjudication, and a documented rule-based title scope screen excluding wrong cancer types, preclinical/mechanism-only studies, off-topic diagnostic/surgical-technique papers, and single-patient case reports. Not yet individually reviewed for the golden evidence map.",,sha256:37da5560a41281abbb1dde1b1583f60d1d3d548c56e17e50af14759d1d0d4449,paper,,,,,,"Acquired via bulk PMC OA ingestion pipeline (work/oncology/acquisition_receipt.json), not individually hand-curated. study_type/population/intervention/comparator left blank pending evidence-record-level review."
oncology-karaseva-2026-a-multi-level-mirna-regulatory,A Multi-Level miRNA Regulatory Network Associated with IRF1 Expression in Non-Small Cell Lung Cancer: In Silico Identification of Candidate Biomarkers for Immunotherapy Response.,Dariya V Karaseva; Alina M Perevalova; Tatiana S Kalinina; Vladislav V Kononchuk; Vadim V Kozlov; Lyudmila F Gulyaeva; Vladimir O Pustylnyak,2026,International journal of molecular sciences,10.3390/ijms27125192,42352916,,PMC13300628,https://pmc.ncbi.nlm.nih.gov/articles/PMC13300628/,https://pmc-oa-opendata.s3.amazonaws.com/PMC13300628.1/PMC13300628.1.pdf?md5=3d88fe93ecfdc1a63d93612f48ad5366,PMC13300628.pdf,2026-08-08,CC BY,https://creativecommons.org/licenses/by/4.0/,approved_open_access,included,"Bulk PMC Open Access Subset acquisition matching this corpus's scope vocabulary (NSCLC + PD-1/PD-L1 checkpoint-inhibitor terms), deterministic identity/license/full-text adjudication, and a documented rule-based title scope screen excluding wrong cancer types, preclinical/mechanism-only studies, off-topic diagnostic/surgical-technique papers, and single-patient case reports. Not yet individually reviewed for the golden evidence map.",,sha256:d85a117026a02918b4708f768f5fdd946187fb6b98a0d18b16954e38f70a0b90,paper,,,,,,"Acquired via bulk PMC OA ingestion pipeline (work/oncology/acquisition_receipt.json), not individually hand-curated. study_type/population/intervention/comparator left blank pending evidence-record-level review."
oncology-gasperoni-2026-comparative-efficacy-of-first,Comparative Efficacy of First-Line Therapeutic Options for ES-SCLC: An Indirect Comparison Using IPDfromKM-Reconstructed Individual Patient Data.,Lorenzo Gasperoni; Tiziano Lupi; Luna Del Bono; Valentina Polo; Andrea Messori; Vera Damuzzo,2026,Cancers,10.3390/cancers18121869,42352404,,PMC13297242,https://pmc.ncbi.nlm.nih.gov/articles/PMC13297242/,https://pmc-oa-opendata.s3.amazonaws.com/PMC13297242.1/PMC13297242.1.pdf?md5=2f6c5e8fc3a8513b3b6b01e1af3b938c,PMC13297242.pdf,2026-08-08,CC BY,https://creativecommons.org/licenses/by/4.0/,approved_open_access,included,"Bulk PMC Open Access Subset acquisition matching this corpus's scope vocabulary (NSCLC + PD-1/PD-L1 checkpoint-inhibitor terms), deterministic identity/license/full-text adjudication, and a documented rule-based title scope screen excluding wrong cancer types, preclinical/mechanism-only studies, off-topic diagnostic/surgical-technique papers, and single-patient case reports. Not yet individually reviewed for the golden evidence map.",,sha256:e23a1ea5c7a01507833eb3f3cd4ec5b7341abe1fd9b53a068f1cc6a0671b0973,paper,,,,,,"Acquired via bulk PMC OA ingestion pipeline (work/oncology/acquisition_receipt.json), not individually hand-curated. study_type/population/intervention/comparator left blank pending evidence-record-level review."
oncology-zheng-2026-association-between-tumor-geno,Association between tumor genomic mutations and the risk of PD-1 inhibitor-induced hypophysitis: a retrospective cohort study.,Yuanyuan Zheng; Yizhen Chen; Wei Lin; Le Min,2026,Frontiers in endocrinology,10.3389/fendo.2026.1845186,42339089,,PMC13283881,https://pmc.ncbi.nlm.nih.gov/articles/PMC13283881/,https://pmc-oa-opendata.s3.amazonaws.com/PMC13283881.1/PMC13283881.1.pdf?md5=9c686b9e053ff0d59da4a654405ab887,PMC13283881.pdf,2026-08-08,CC BY,https://creativecommons.org/licenses/by/4.0/,approved_open_access,included,"Bulk PMC Open Access Subset acquisition matching this corpus's scope vocabulary (NSCLC + PD-1/PD-L1 checkpoint-inhibitor terms), deterministic identity/license/full-text adjudication, and a documented rule-based title scope screen excluding wrong cancer types, preclinical/mechanism-only studies, off-topic diagnostic/surgical-technique papers, and single-patient case reports. Not yet individually reviewed for the golden evidence map.",,sha256:71f54d63f5f790f9c9453997cf6851b5619d890b99f5bd2c1d28be6e384782b7,paper,,,,,,"Acquired via bulk PMC OA ingestion pipeline (work/oncology/acquisition_receipt.json), not individually hand-curated. study_type/population/intervention/comparator left blank pending evidence-record-level review."
oncology-jin-2026-lymphocyte-cd4-cd8-ratio-predi,Lymphocyte CD4/CD8 ratio predicts early immune-related toxicity in lung cancer patients treated with immune checkpoint inhibitors: a single-center retrospective study.,Wenfang Jin; Ying Zhao; Yanling Lv; Yu Yao; Xin Su,2026,Frontiers in medicine,10.3389/fmed.2026.1829572,42338947,,PMC13284057,https://pmc.ncbi.nlm.nih.gov/articles/PMC13284057/,https://pmc-oa-opendata.s3.amazonaws.com/PMC13284057.1/PMC13284057.1.pdf?md5=7f0a4671d7344d0db8bc0fa55925b82e,PMC13284057.pdf,2026-08-08,CC BY,https://creativecommons.org/licenses/by/4.0/,approved_open_access,included,"Bulk PMC Open Access Subset acquisition matching this corpus's scope vocabulary (NSCLC + PD-1/PD-L1 checkpoint-inhibitor terms), deterministic identity/license/full-text adjudication, and a documented rule-based title scope screen excluding wrong cancer types, preclinical/mechanism-only studies, off-topic diagnostic/surgical-technique papers, and single-patient case reports. Not yet individually reviewed for the golden evidence map.",,sha256:b19c89e79336cc439701b1d1eb56292bca9e10302a00e33440ebb6d68bf874db,paper,,,,,,"Acquired via bulk PMC OA ingestion pipeline (work/oncology/acquisition_receipt.json), not individually hand-curated. study_type/population/intervention/comparator left blank pending evidence-record-level review."
oncology-banfer-2026-training-on-pd-l1-scoring-in-n,Training on PD-L1 scoring in non-small cell lung cancer with high intra- and inter-reader agreement: results of a worldwide microscopic/digital image-based training of 751 pathologists.,Gudrun Bänfer; Rolf Diezko; Rabea Oberthür; George L Kumar; Josef Rüschoff; Hans-Ulrich Schildhaus; Bharat Jasani,2026,British journal of biomedical science,10.3389/bjbs.2026.16477,42338813,,PMC13283929,https://pmc.ncbi.nlm.nih.gov/articles/PMC13283929/,https://pmc-oa-opendata.s3.amazonaws.com/PMC13283929.1/PMC13283929.1.pdf?md5=124e22ed08159deaf8f90f62bc790afb,PMC13283929.pdf,2026-08-08,CC BY,https://creativecommons.org/licenses/by/4.0/,approved_open_access,included,"Bulk PMC Open Access Subset acquisition matching this corpus's scope vocabulary (NSCLC + PD-1/PD-L1 checkpoint-inhibitor terms), deterministic identity/license/full-text adjudication, and a documented rule-based title scope screen excluding wrong cancer types, preclinical/mechanism-only studies, off-topic diagnostic/surgical-technique papers, and single-patient case reports. Not yet individually reviewed for the golden evidence map.",,sha256:5006e95a3ad28307b67733f81903d06af8e63d465a5e3b58b3370ff5c84279b6,paper,,,,,,"Acquired via bulk PMC OA ingestion pipeline (work/oncology/acquisition_receipt.json), not individually hand-curated. study_type/population/intervention/comparator left blank pending evidence-record-level review."
oncology-tan-2026-dynamic-therapeutic-response-t,Dynamic therapeutic response to osimertinib and immunotherapy in an EGFR L747S and L858R co-mutant NSCLC.,Yuqing Tan; Tengfei Wang; Jing Yu; Wen Ouyang,2026,The oncologist,10.1093/oncolo/oyag227,42249563,,PMC13267638,https://pmc.ncbi.nlm.nih.gov/articles/PMC13267638/,https://pmc-oa-opendata.s3.amazonaws.com/PMC13267638.1/PMC13267638.1.pdf?md5=6596b3776205b25a2451a250a80cc30f,PMC13267638.pdf,2026-08-08,CC BY,https://creativecommons.org/licenses/by/4.0/,approved_open_access,included,"Bulk PMC Open Access Subset acquisition matching this corpus's scope vocabulary (NSCLC + PD-1/PD-L1 checkpoint-inhibitor terms), deterministic identity/license/full-text adjudication, and a documented rule-based title scope screen excluding wrong cancer types, preclinical/mechanism-only studies, off-topic diagnostic/surgical-technique papers, and single-patient case reports. Not yet individually reviewed for the golden evidence map.",,sha256:a4695d28a25bdb317f10622dc6beef5e48afa2bf73b0dc92f0cc58bd5c48cd5f,paper,,,,,,"Acquired via bulk PMC OA ingestion pipeline (work/oncology/acquisition_receipt.json), not individually hand-curated. study_type/population/intervention/comparator left blank pending evidence-record-level review."
oncology-zhang-2026-hmgcs1-drives-cholesterol-depe,HMGCS1 drives cholesterol-dependent membrane repair and shields tumor cells from lymphocyte attack.,Yajuan Zhang; Siyao Wang; Tianhang Luo; Haitang Yang; Yongqiang Wang; Tong Rong; Miaowen Zou; Qizhen Fei; Zhonggang Shi; YiFei Zhu; Xin Zhou; Hong Gao; Yun Zhao; Zhengjiang Zhu; Huiyong Yin; Guangchuan Wang; Chenqi Xu; Xiujuan Qu; Feng Yao; Weiwei Yang,2026,Nature communications,10.1038/s41467-026-74022-y,42248910,,PMC13396504,https://pmc.ncbi.nlm.nih.gov/articles/PMC13396504/,https://pmc-oa-opendata.s3.amazonaws.com/PMC13396504.1/PMC13396504.1.pdf?md5=a5da4c1b9fc2b1fcb05ebe1b92d9d7fa,PMC13396504.pdf,2026-08-08,CC BY,https://creativecommons.org/licenses/by/4.0/,approved_open_access,included,"Bulk PMC Open Access Subset acquisition matching this corpus's scope vocabulary (NSCLC + PD-1/PD-L1 checkpoint-inhibitor terms), deterministic identity/license/full-text adjudication, and a documented rule-based title scope screen excluding wrong cancer types, preclinical/mechanism-only studies, off-topic diagnostic/surgical-technique papers, and single-patient case reports. Not yet individually reviewed for the golden evidence map.",,sha256:56313db0f7269776fe4a594a1fb48a08e25c26bf97fb2234415a2e7ffd8124b9,paper,,,,,,"Acquired via bulk PMC OA ingestion pipeline (work/oncology/acquisition_receipt.json), not individually hand-curated. study_type/population/intervention/comparator left blank pending evidence-record-level review."
oncology-zheng-2026-multi-omics-analysis-identifie,Multi-omics analysis identifies a major histocompatibility complex class II-associated antigen-presenting cancer-associated fibroblast-like state linked to the nuclear factor erythroid 2-related factor 2-karyopherin subunit beta 1 axis in nonsmall cell lung cancer.,Fei Zheng; Ruoying Deng; Ran Hou; Lei Hong; Yanzhi Cui; Yibing Liu,2026,Journal of cell communication and signaling,10.1002/ccs3.70074,42256528,,PMC13238553,https://pmc.ncbi.nlm.nih.gov/articles/PMC13238553/,https://pmc-oa-opendata.s3.amazonaws.com/PMC13238553.1/PMC13238553.1.pdf?md5=4881c5c380601ed1353231ecce02afd7,PMC13238553.pdf,2026-08-08,CC BY,https://creativecommons.org/licenses/by/4.0/,approved_open_access,included,"Bulk PMC Open Access Subset acquisition matching this corpus's scope vocabulary (NSCLC + PD-1/PD-L1 checkpoint-inhibitor terms), deterministic identity/license/full-text adjudication, and a documented rule-based title scope screen excluding wrong cancer types, preclinical/mechanism-only studies, off-topic diagnostic/surgical-technique papers, and single-patient case reports. Not yet individually reviewed for the golden evidence map.",,sha256:443fa3797730535793822e47cbc53ab6d1541b99c7ac04a4f84272cc36a797fe,paper,,,,,,"Acquired via bulk PMC OA ingestion pipeline (work/oncology/acquisition_receipt.json), not individually hand-curated. study_type/population/intervention/comparator left blank pending evidence-record-level review."
oncology-niu-2026-efficacy-and-mechanisms-of-imm,Efficacy and mechanisms of immune checkpoint inhibitors in late-stage EGFR-mutated non-small cell lung cancer following targeted therapy resistance.,Jiling Niu; Wang Jing; Zongkai Liu; Yunxuan Si; Zhaidong Liu,2026,Frontiers in immunology,10.3389/fimmu.2026.1845547,42317338,,PMC13272384,https://pmc.ncbi.nlm.nih.gov/articles/PMC13272384/,https://pmc-oa-opendata.s3.amazonaws.com/PMC13272384.1/PMC13272384.1.pdf?md5=9585f4df0ba2edf81f02d769815d7f74,PMC13272384.pdf,2026-08-08,CC BY,https://creativecommons.org/licenses/by/4.0/,approved_open_access,included,"Bulk PMC Open Access Subset acquisition matching this corpus's scope vocabulary (NSCLC + PD-1/PD-L1 checkpoint-inhibitor terms), deterministic identity/license/full-text adjudication, and a documented rule-based title scope screen excluding wrong cancer types, preclinical/mechanism-only studies, off-topic diagnostic/surgical-technique papers, and single-patient case reports. Not yet individually reviewed for the golden evidence map.",,sha256:bd49bb4909de9d4f71d3d92a66a23506247da427784d2889d8197cb84eb3e3b0,paper,,,,,,"Acquired via bulk PMC OA ingestion pipeline (work/oncology/acquisition_receipt.json), not individually hand-curated. study_type/population/intervention/comparator left blank pending evidence-record-level review."
oncology-li-2026-effect-of-histology-on-the-eff,Effect of histology on the efficacy of first-line immune checkpoint inhibitors in advanced non-small cell lung cancer: a systematic review and network meta-analysis.,Sihan Li; Tianyu He; Jun Chen; Tingting Liu; Xinyu Zhao; Jun Dang,2026,Frontiers in immunology,10.3389/fimmu.2026.1850384,42317330,,PMC13272326,https://pmc.ncbi.nlm.nih.gov/articles/PMC13272326/,https://pmc-oa-opendata.s3.amazonaws.com/PMC13272326.1/PMC13272326.1.pdf?md5=ab2961ee82730a993a6df280df4610ce,PMC13272326.pdf,2026-08-08,CC BY,https://creativecommons.org/licenses/by/4.0/,approved_open_access,included,"Bulk PMC Open Access Subset acquisition matching this corpus's scope vocabulary (NSCLC + PD-1/PD-L1 checkpoint-inhibitor terms), deterministic identity/license/full-text adjudication, and a documented rule-based title scope screen excluding wrong cancer types, preclinical/mechanism-only studies, off-topic diagnostic/surgical-technique papers, and single-patient case reports. Not yet individually reviewed for the golden evidence map.",,sha256:44f46197181bd5a93db4b0a451908b5bd9f5b1f8560f3ae6a7544e75a972a3d8,paper,,,,,,"Acquired via bulk PMC OA ingestion pipeline (work/oncology/acquisition_receipt.json), not individually hand-curated. study_type/population/intervention/comparator left blank pending evidence-record-level review."
oncology-xu-2026-clinical-exploration-of-first,Clinical exploration of first-line therapy in metastatic lung adenocarcinoma patients with negative or low PD-L1 expression: a retrospective cohort study.,Kun Xu; Ruoxue Cai; Zijian Sun; Cenzhu Wang; Jun Bao,2026,Frontiers in immunology,10.3389/fimmu.2026.1836760,42317329,,PMC13272393,https://pmc.ncbi.nlm.nih.gov/articles/PMC13272393/,https://pmc-oa-opendata.s3.amazonaws.com/PMC13272393.1/PMC13272393.1.pdf?md5=a67b902d0e695aa517677cf6f8631e47,PMC13272393.pdf,2026-08-08,CC BY,https://creativecommons.org/licenses/by/4.0/,approved_open_access,included,"Bulk PMC Open Access Subset acquisition matching this corpus's scope vocabulary (NSCLC + PD-1/PD-L1 checkpoint-inhibitor terms), deterministic identity/license/full-text adjudication, and a documented rule-based title scope screen excluding wrong cancer types, preclinical/mechanism-only studies, off-topic diagnostic/surgical-technique papers, and single-patient case reports. Not yet individually reviewed for the golden evidence map.",,sha256:d46fba779e2a9a3ca458da763f89d783103bcc79c2ec5355982eb4c104b22c2a,paper,,,,,,"Acquired via bulk PMC OA ingestion pipeline (work/oncology/acquisition_receipt.json), not individually hand-curated. study_type/population/intervention/comparator left blank pending evidence-record-level review."
oncology-dai-2026-associations-between-systemic,Associations between systemic immune-inflammation index and immune-related hypothyroidism in non-small cell lung cancer patients receiving immune checkpoint inhibitors: a retrospective study.,Wei Dai; Qian Li; Meijuan Wang; Chunbin Wang; Honggang Cao,2026,Frontiers in oncology,10.3389/fonc.2026.1844002,42311250,,PMC13268993,https://pmc.ncbi.nlm.nih.gov/articles/PMC13268993/,https://pmc-oa-opendata.s3.amazonaws.com/PMC13268993.1/PMC13268993.1.pdf?md5=e5edc6f4f2ec957657c28d17ef2376fe,PMC13268993.pdf,2026-08-08,CC BY,https://creativecommons.org/licenses/by/4.0/,approved_open_access,included,"Bulk PMC Open Access Subset acquisition matching this corpus's scope vocabulary (NSCLC + PD-1/PD-L1 checkpoint-inhibitor terms), deterministic identity/license/full-text adjudication, and a documented rule-based title scope screen excluding wrong cancer types, preclinical/mechanism-only studies, off-topic diagnostic/surgical-technique papers, and single-patient case reports. Not yet individually reviewed for the golden evidence map.",,sha256:008a42bb7c870d67e85e4ea114bf0fbfb714d34f34a5afe14b9c0e5350b13121,paper,,,,,,"Acquired via bulk PMC OA ingestion pipeline (work/oncology/acquisition_receipt.json), not individually hand-curated. study_type/population/intervention/comparator left blank pending evidence-record-level review."
oncology-kawamura-2026-successful-re-challenge-of-zon,Successful Re-challenge of zongertinib following erythema multiforme-like drug eruption in a patient with HER2-mutant non-small cell lung cancer.,Kodai Kawamura; Kaori Kubota; Kazuya Ichikado,2026,Respiratory medicine case reports,10.1016/j.rmcr.2026.102444,42281822,,PMC13251473,https://pmc.ncbi.nlm.nih.gov/articles/PMC13251473/,https://pmc-oa-opendata.s3.amazonaws.com/PMC13251473.1/PMC13251473.1.pdf?md5=f6aae132677856ec9458054ab4242bbc,PMC13251473.pdf,2026-08-08,CC BY,https://creativecommons.org/licenses/by/4.0/,approved_open_access,included,"Bulk PMC Open Access Subset acquisition matching this corpus's scope vocabulary (NSCLC + PD-1/PD-L1 checkpoint-inhibitor terms), deterministic identity/license/full-text adjudication, and a documented rule-based title scope screen excluding wrong cancer types, preclinical/mechanism-only studies, off-topic diagnostic/surgical-technique papers, and single-patient case reports. Not yet individually reviewed for the golden evidence map.",,sha256:07a07bac59389ab66f325aeab0045949cb682ac653d59898995da077def046e1,paper,,,,,,"Acquired via bulk PMC OA ingestion pipeline (work/oncology/acquisition_receipt.json), not individually hand-curated. study_type/population/intervention/comparator left blank pending evidence-record-level review."
oncology-song-2026-a-new-perspective-on-cancer-tr,A new perspective on cancer treatment: the interaction and application prospect between ICIs and radiotherapy.,Guiling Song; Lei Wang; Guopeng Zhao; Song Tan; Xin Liu; Xinghua Li,2026,Precision radiation oncology,10.1002/pro6.70047,42358283,,PMC13292254,https://pmc.ncbi.nlm.nih.gov/articles/PMC13292254/,https://pmc-oa-opendata.s3.amazonaws.com/PMC13292254.1/PMC13292254.1.pdf?md5=a6b36a3a11b7d2496ad69b2c8edc7297,PMC13292254.pdf,2026-08-08,CC BY,https://creativecommons.org/licenses/by/4.0/,approved_open_access,included,"Bulk PMC Open Access Subset acquisition matching this corpus's scope vocabulary (NSCLC + PD-1/PD-L1 checkpoint-inhibitor terms), deterministic identity/license/full-text adjudication, and a documented rule-based title scope screen excluding wrong cancer types, preclinical/mechanism-only studies, off-topic diagnostic/surgical-technique papers, and single-patient case reports. Not yet individually reviewed for the golden evidence map.",,sha256:8a230c789e3dc95ecf815139433cd501c539c64f0a2acfad0f0a1cb0becbbd9e,paper,,,,,,"Acquired via bulk PMC OA ingestion pipeline (work/oncology/acquisition_receipt.json), not individually hand-curated. study_type/population/intervention/comparator left blank pending evidence-record-level review."
oncology-rifaldi-2026-pembrolizumab-induced-myositis,Pembrolizumab-Induced Myositis: Diagnostic and Therapeutic Challenges From Two Case Reports and a Narrative Review.,Francesca Rifaldi; Niccolò Leandro Alessio; Francesca Caspani; Elena Bolzacchini; Monica Giordano; Paolo Pedrazzoli,2026,"Cancer reports (Hoboken, N.J.)",10.1002/cnr2.70534,42338361,,PMC13291714,https://pmc.ncbi.nlm.nih.gov/articles/PMC13291714/,https://pmc-oa-opendata.s3.amazonaws.com/PMC13291714.1/PMC13291714.1.pdf?md5=425d9b638ab085f068a39b6cbe0a9646,PMC13291714.pdf,2026-08-08,CC BY,https://creativecommons.org/licenses/by/4.0/,approved_open_access,included,"Bulk PMC Open Access Subset acquisition matching this corpus's scope vocabulary (NSCLC + PD-1/PD-L1 checkpoint-inhibitor terms), deterministic identity/license/full-text adjudication, and a documented rule-based title scope screen excluding wrong cancer types, preclinical/mechanism-only studies, off-topic diagnostic/surgical-technique papers, and single-patient case reports. Not yet individually reviewed for the golden evidence map.",,sha256:5fa412c7fd34457b1c40e22e674cc23b1496bbbc9e5cafa4ddbf8ed6503118ad,paper,,,,,,"Acquired via bulk PMC OA ingestion pipeline (work/oncology/acquisition_receipt.json), not individually hand-curated. study_type/population/intervention/comparator left blank pending evidence-record-level review."
oncology-ehab-2026-molecular-analysis-of-ebus-tbn,Molecular Analysis of EBUS-TBNA Samples for Nodal Staging in Non-Small Cell Lung Cancer.,Ahmed Ehab; Naoufal Benabdallah; Kaid Darwiche,2026,Cancers,10.3390/cancers18111797,42279379,,PMC13256043,https://pmc.ncbi.nlm.nih.gov/articles/PMC13256043/,https://pmc-oa-opendata.s3.amazonaws.com/PMC13256043.1/PMC13256043.1.pdf?md5=dd878506168587bb54e38a2ad6cd4d47,PMC13256043.pdf,2026-08-08,CC BY,https://creativecommons.org/licenses/by/4.0/,approved_open_access,included,"Bulk PMC Open Access Subset acquisition matching this corpus's scope vocabulary (NSCLC + PD-1/PD-L1 checkpoint-inhibitor terms), deterministic identity/license/full-text adjudication, and a documented rule-based title scope screen excluding wrong cancer types, preclinical/mechanism-only studies, off-topic diagnostic/surgical-technique papers, and single-patient case reports. Not yet individually reviewed for the golden evidence map.",,sha256:f7d754dc3d22c1e5ec1fff74d683ece856a89ac244005b8d3506fd369c236cec,paper,,,,,,"Acquired via bulk PMC OA ingestion pipeline (work/oncology/acquisition_receipt.json), not individually hand-curated. study_type/population/intervention/comparator left blank pending evidence-record-level review."
oncology-sun-2026-prognostic-and-predict-value-o,Prognostic and Predict Value of Peripheral Blood Circulating Tumor Cells Programmed Death-Ligand 1 Expression and F-18-Fluorodeoxyglucose Metabolic Parameters in Patients With Advanced Non-Small Cell Lung Cancer Treated With Immune Checkpoint Inhibitors.,Momo Sun; Aisikaer Aikedan; Zhongying Rui; Enci Ding; Jie Shen,2026,Cancer medicine,10.1002/cam4.72001,42267455,,PMC13250698,https://pmc.ncbi.nlm.nih.gov/articles/PMC13250698/,https://pmc-oa-opendata.s3.amazonaws.com/PMC13250698.1/PMC13250698.1.pdf?md5=323a9b753b2b1a3dfd1fa66e1a9c330d,PMC13250698.pdf,2026-08-08,CC BY,https://creativecommons.org/licenses/by/4.0/,approved_open_access,included,"Bulk PMC Open Access Subset acquisition matching this corpus's scope vocabulary (NSCLC + PD-1/PD-L1 checkpoint-inhibitor terms), deterministic identity/license/full-text adjudication, and a documented rule-based title scope screen excluding wrong cancer types, preclinical/mechanism-only studies, off-topic diagnostic/surgical-technique papers, and single-patient case reports. Not yet individually reviewed for the golden evidence map.",,sha256:f701f8dc5eb10f8f45d8f46808e901903a7112145bd7ff7b3aa5c2252e0e441b,paper,,,,,,"Acquired via bulk PMC OA ingestion pipeline (work/oncology/acquisition_receipt.json), not individually hand-curated. study_type/population/intervention/comparator left blank pending evidence-record-level review."
oncology-al-lababidi-2026-pembrolizumab-dual-endocrine-t,Pembrolizumab Dual Endocrine Toxicity in a Metastatic Non-small Cell Lung Cancer Patient.,Sawsan Al-Lababidi; Rand Alkhlaifat; Maria Herrera-Gonzalez; Darshi Sunderam,2026,Cureus,10.7759/cureus.110075,42232109,,PMC13225898,https://pmc.ncbi.nlm.nih.gov/articles/PMC13225898/,https://pmc-oa-opendata.s3.amazonaws.com/PMC13225898.1/PMC13225898.1.pdf?md5=7968ac2b946cc654d56f80b422d4f2db,PMC13225898.pdf,2026-08-08,CC BY,https://creativecommons.org/licenses/by/4.0/,approved_open_access,included,"Bulk PMC Open Access Subset acquisition matching this corpus's scope vocabulary (NSCLC + PD-1/PD-L1 checkpoint-inhibitor terms), deterministic identity/license/full-text adjudication, and a documented rule-based title scope screen excluding wrong cancer types, preclinical/mechanism-only studies, off-topic diagnostic/surgical-technique papers, and single-patient case reports. Not yet individually reviewed for the golden evidence map.",,sha256:9de6f65377083f6de6cf7097471e461c56df2551c23a7429e9035794fbf311c9,paper,,,,,,"Acquired via bulk PMC OA ingestion pipeline (work/oncology/acquisition_receipt.json), not individually hand-curated. study_type/population/intervention/comparator left blank pending evidence-record-level review."
oncology-kleinberger-2026-inflammatory-biomarkers-refine,Inflammatory biomarkers refine progression risk stratification in NSCLC patients with stable disease.,Markus Kleinberger; Severin Laengle; Julia Maria Berger; Lynn Gottmann; Vincent Sunder-Plassmann; Martin Korpan; Isabella Solano Henao; Josef Fuerst; Angelika Martina Starzer; Luzia Berchtold; Erwin Tomasich; Matthias Preusser; Julia Furtner; Anna Sophie Berghoff,2026,Translational oncology,10.1016/j.tranon.2026.102769,42013549,,PMC13123324,https://pmc.ncbi.nlm.nih.gov/articles/PMC13123324/,https://pmc-oa-opendata.s3.amazonaws.com/PMC13123324.1/PMC13123324.1.pdf?md5=e67d3733df066b262519b238c7d9861f,PMC13123324.pdf,2026-08-08,CC BY,https://creativecommons.org/licenses/by/4.0/,approved_open_access,included,"Bulk PMC Open Access Subset acquisition matching this corpus's scope vocabulary (NSCLC + PD-1/PD-L1 checkpoint-inhibitor terms), deterministic identity/license/full-text adjudication, and a documented rule-based title scope screen excluding wrong cancer types, preclinical/mechanism-only studies, off-topic diagnostic/surgical-technique papers, and single-patient case reports. Not yet individually reviewed for the golden evidence map.",,sha256:2f2f6f0b2a4be5143302b4be4d258097bafaac211280e2abfd2c3163195d18b3,paper,,,,,,"Acquired via bulk PMC OA ingestion pipeline (work/oncology/acquisition_receipt.json), not individually hand-curated. study_type/population/intervention/comparator left blank pending evidence-record-level review."
oncology-lopez-2026-phase-1-study-of-ceralasertib,"Phase 1 study of ceralasertib, an ATR kinase inhibitor, in combination with durvalumab in patients with recurrent or metastatic NSCLC or HNSCC.",Juanita S Lopez; Kevin J Harrington; Seock-Ah Im; Keun-Wook Lee; Sophie Postel-Vinay; Jacob S Thomas; Natalia Lukashchuk; Sophie E Willis; Itziar Irurzun-Arana; Benjamin Webb; Jyoti Nehra; Alan Lau; Arsène-Bienvenu Loembé; Emma Dean; Matthew G Krebs,2026,British journal of cancer,10.1038/s41416-026-03408-y,41917211,,PMC13184085,https://pmc.ncbi.nlm.nih.gov/articles/PMC13184085/,https://pmc-oa-opendata.s3.amazonaws.com/PMC13184085.1/PMC13184085.1.pdf?md5=4f90fd73f6cb464a9624388eb116004e,PMC13184085.pdf,2026-08-08,CC BY,https://creativecommons.org/licenses/by/4.0/,approved_open_access,included,"Bulk PMC Open Access Subset acquisition matching this corpus's scope vocabulary (NSCLC + PD-1/PD-L1 checkpoint-inhibitor terms), deterministic identity/license/full-text adjudication, and a documented rule-based title scope screen excluding wrong cancer types, preclinical/mechanism-only studies, off-topic diagnostic/surgical-technique papers, and single-patient case reports. Not yet individually reviewed for the golden evidence map.",,sha256:a019c8af0650935a54bab2538ee8dd2645b8c9e45eaad0e8de1d9c4454f10966,paper,,,,,,"Acquired via bulk PMC OA ingestion pipeline (work/oncology/acquisition_receipt.json), not individually hand-curated. study_type/population/intervention/comparator left blank pending evidence-record-level review."
oncology-montezuma-2026-what-practicing-pathologists-a,What practicing pathologists and oncologists should know about the new computational pathology-based companion diagnostic tools.,Diana Montezuma; Sara P Oliveira; Inti Zlobec; Nadieh Khalili; Jordi Temprana-Salvador; Sabine Leh; David Ameisen; Mircea-Sebastian Șerbănescu; Arsela Prelaj; Jakob Nikolas Kather; Norman Zerbe; Vincenzo L'Imperio,2026,The Journal of pathology,10.1002/path.70045,41736658,,PMC13140131,https://pmc.ncbi.nlm.nih.gov/articles/PMC13140131/,https://pmc-oa-opendata.s3.amazonaws.com/PMC13140131.1/PMC13140131.1.pdf?md5=33ad8c08502d668597568f384e3bf057,PMC13140131.pdf,2026-08-08,CC BY,https://creativecommons.org/licenses/by/4.0/,approved_open_access,included,"Bulk PMC Open Access Subset acquisition matching this corpus's scope vocabulary (NSCLC + PD-1/PD-L1 checkpoint-inhibitor terms), deterministic identity/license/full-text adjudication, and a documented rule-based title scope screen excluding wrong cancer types, preclinical/mechanism-only studies, off-topic diagnostic/surgical-technique papers, and single-patient case reports. Not yet individually reviewed for the golden evidence map.",,sha256:407b5b09c3d87fd44bcb5368b7670d10fdf02b0932b5d6c17c3ec6539d25534a,paper,,,,,,"Acquired via bulk PMC OA ingestion pipeline (work/oncology/acquisition_receipt.json), not individually hand-curated. study_type/population/intervention/comparator left blank pending evidence-record-level review."
oncology-shao-2026-pd-1-inhibits-cd4-trm-mediated,PD-1 Inhibits CD4+ TRM-Mediated cDC1 Mobilization via Suppressing JAML in Human NSCLC.,Zheyu Shao; Qinyuan Liu; Zhongwei Xin; Zhiyao Zhou; Mingjie Lin; Di Chen; Zhixing Hao; Yongyuan Chen; Wenxuan Wu; Shuyang Zhang; Xiaoke Chen; Xia Xu; Jinfan Li; Wei Lin; Yuhao Lu; Dang Wu; Pin Wu,2026,"Advanced science (Weinheim, Baden-Wurttemberg, Germany)",10.1002/advs.202507647,41486351,,PMC13292177,https://pmc.ncbi.nlm.nih.gov/articles/PMC13292177/,https://pmc-oa-opendata.s3.amazonaws.com/PMC13292177.1/PMC13292177.1.pdf?md5=df0f7452d2dda7304840762fc7879f39,PMC13292177.pdf,2026-08-08,CC BY,https://creativecommons.org/licenses/by/4.0/,approved_open_access,included,"Bulk PMC Open Access Subset acquisition matching this corpus's scope vocabulary (NSCLC + PD-1/PD-L1 checkpoint-inhibitor terms), deterministic identity/license/full-text adjudication, and a documented rule-based title scope screen excluding wrong cancer types, preclinical/mechanism-only studies, off-topic diagnostic/surgical-technique papers, and single-patient case reports. Not yet individually reviewed for the golden evidence map.",,sha256:33b787cfe7e32f7552e4e4271b4db8e7fa2edf5b1c6b79197eddb4235849962a,paper,,,,,,"Acquired via bulk PMC OA ingestion pipeline (work/oncology/acquisition_receipt.json), not individually hand-curated. study_type/population/intervention/comparator left blank pending evidence-record-level review."
oncology-vasiliauskas-2026-peripheral-cd8-t-cell-dynamics,Peripheral CD8+ T Cell Dynamics and Clinical Outcomes in Metastatic Non-Small Cell Lung Cancer Following Bronchoscopic Cryotherapy and Pembrolizumab-Based Therapy.,Gediminas Vasiliauskas; Evelina Žemaitė; Erika Skrodenienė; Lina Poškienė; Skaidrius Miliauskas; Marius Žemaitis,2026,Cancers,10.3390/cancers18111793,42279375,,PMC13255720,https://pmc.ncbi.nlm.nih.gov/articles/PMC13255720/,https://pmc-oa-opendata.s3.amazonaws.com/PMC13255720.1/PMC13255720.1.pdf?md5=6b6fa50f675c8e2dc5c893466523a627,PMC13255720.pdf,2026-08-08,CC BY,https://creativecommons.org/licenses/by/4.0/,approved_open_access,included,"Bulk PMC Open Access Subset acquisition matching this corpus's scope vocabulary (NSCLC + PD-1/PD-L1 checkpoint-inhibitor terms), deterministic identity/license/full-text adjudication, and a documented rule-based title scope screen excluding wrong cancer types, preclinical/mechanism-only studies, off-topic diagnostic/surgical-technique papers, and single-patient case reports. Not yet individually reviewed for the golden evidence map.",,sha256:55ed4060e679d0260948c3593cbd7e91c86fe25d324ecaca458eca7472be9634,paper,,,,,,"Acquired via bulk PMC OA ingestion pipeline (work/oncology/acquisition_receipt.json), not individually hand-curated. study_type/population/intervention/comparator left blank pending evidence-record-level review."
oncology-zhao-2026-ccr5-cd8-t-cells-are-associate,CCR5+ CD8+ T Cells Are Associated with Poor Response to PD-1 Blockade Therapy.,Ziheng Zhao; Yuwei Liu; Zhaofei Wu; Chunliang Qi; Yingze Ning; Yiting Lin; Xuewen Pang; Guangliang Qiang; Wei Wang,2026,International journal of molecular sciences,10.3390/ijms27114963,42278489,,PMC13256934,https://pmc.ncbi.nlm.nih.gov/articles/PMC13256934/,https://pmc-oa-opendata.s3.amazonaws.com/PMC13256934.1/PMC13256934.1.pdf?md5=bee48e78ca274639725fd273ef3fd097,PMC13256934.pdf,2026-08-08,CC BY,https://creativecommons.org/licenses/by/4.0/,approved_open_access,included,"Bulk PMC Open Access Subset acquisition matching this corpus's scope vocabulary (NSCLC + PD-1/PD-L1 checkpoint-inhibitor terms), deterministic identity/license/full-text adjudication, and a documented rule-based title scope screen excluding wrong cancer types, preclinical/mechanism-only studies, off-topic diagnostic/surgical-technique papers, and single-patient case reports. Not yet individually reviewed for the golden evidence map.",,sha256:c4340e3744ec5687babc293e4024e51771d87f26c168c858b3e95ce8288929f6,paper,,,,,,"Acquired via bulk PMC OA ingestion pipeline (work/oncology/acquisition_receipt.json), not individually hand-curated. study_type/population/intervention/comparator left blank pending evidence-record-level review."
oncology-hou-2026-pan-cancer-multi-omics-analysi,Pan-cancer multi-omics analysis identifies SYNGR4 as a novel clinical prognostic biomarker and therapeutic target in lung adenocarcinoma.,Yanjiao Hou; Bing Fu; Lifang Zhan; Jun Guan; Hui Tian,2026,Discover oncology,10.1007/s12672-026-05319-z,42217082,,PMC13429564,https://pmc.ncbi.nlm.nih.gov/articles/PMC13429564/,https://pmc-oa-opendata.s3.amazonaws.com/PMC13429564.1/PMC13429564.1.pdf?md5=d73ec40fccd6ab44d14a53131800188f,PMC13429564.pdf,2026-08-08,CC BY,https://creativecommons.org/licenses/by/4.0/,approved_open_access,included,"Bulk PMC Open Access Subset acquisition matching this corpus's scope vocabulary (NSCLC + PD-1/PD-L1 checkpoint-inhibitor terms), deterministic identity/license/full-text adjudication, and a documented rule-based title scope screen excluding wrong cancer types, preclinical/mechanism-only studies, off-topic diagnostic/surgical-technique papers, and single-patient case reports. Not yet individually reviewed for the golden evidence map.",,sha256:a9a9dcfd7970b2196c70c7adf185d49fe1f59c933d1b114444b7cc337e51b797,paper,,,,,,"Acquired via bulk PMC OA ingestion pipeline (work/oncology/acquisition_receipt.json), not individually hand-curated. study_type/population/intervention/comparator left blank pending evidence-record-level review."
oncology-kim-2026-high-dimensional-immune-profil,High-dimensional immune profiling of peripheral blood identifies immune correlates of anti-PD-1/PD-L1 resistance in oncogenic driver mutation-positive NSCLC.,Kyoo Hyun Kim; Mina Han; Geon Woo Park; Min Hee Hong; Gamin Kim; Brian Hyohyoung Lee; Wonrak Son; Jaehyung Kim; Seokhyeong Go; Jeongah Kim; Geoffrey Kelly; Kai Nie; Seunghee Kim-Schulze; Miriam Merad; Sangwoo Kim; Chang Gon Kim; Hyun Je Kim; Hye Ryun Kim,2026,Frontiers in immunology,10.3389/fimmu.2026.1829816,42292481,,PMC13260270,https://pmc.ncbi.nlm.nih.gov/articles/PMC13260270/,https://pmc-oa-opendata.s3.amazonaws.com/PMC13260270.1/PMC13260270.1.pdf?md5=030433df7594af4f64e8f3e032046465,PMC13260270.pdf,2026-08-08,CC BY,https://creativecommons.org/licenses/by/4.0/,approved_open_access,included,"Bulk PMC Open Access Subset acquisition matching this corpus's scope vocabulary (NSCLC + PD-1/PD-L1 checkpoint-inhibitor terms), deterministic identity/license/full-text adjudication, and a documented rule-based title scope screen excluding wrong cancer types, preclinical/mechanism-only studies, off-topic diagnostic/surgical-technique papers, and single-patient case reports. Not yet individually reviewed for the golden evidence map.",,sha256:b419a1a974f5e3f3a0fdbebfb04af2dceeafcba236f3b442171b77b4c8b6b7bf,paper,,,,,,"Acquired via bulk PMC OA ingestion pipeline (work/oncology/acquisition_receipt.json), not individually hand-curated. study_type/population/intervention/comparator left blank pending evidence-record-level review."
oncology-madan-2026-tumor-immune-crosstalk-in-lung,Tumor-immune crosstalk in lung cancer: emerging roles of long non-coding RNAs.,Upasna Madan; Riitta Lahesmaa; Anil K Thotakura,2026,Frontiers in immunology,10.3389/fimmu.2026.1832599,42292412,,PMC13260236,https://pmc.ncbi.nlm.nih.gov/articles/PMC13260236/,https://pmc-oa-opendata.s3.amazonaws.com/PMC13260236.1/PMC13260236.1.pdf?md5=7657ecb42ee5dba5c4d9f30a422fb613,PMC13260236.pdf,2026-08-08,CC BY,https://creativecommons.org/licenses/by/4.0/,approved_open_access,included,"Bulk PMC Open Access Subset acquisition matching this corpus's scope vocabulary (NSCLC + PD-1/PD-L1 checkpoint-inhibitor terms), deterministic identity/license/full-text adjudication, and a documented rule-based title scope screen excluding wrong cancer types, preclinical/mechanism-only studies, off-topic diagnostic/surgical-technique papers, and single-patient case reports. Not yet individually reviewed for the golden evidence map.",,sha256:e436350d9fcda3839bbab5ea743a0d509710efc7ecbe4cc2782d309f4d3b5e06,paper,,,,,,"Acquired via bulk PMC OA ingestion pipeline (work/oncology/acquisition_receipt.json), not individually hand-curated. study_type/population/intervention/comparator left blank pending evidence-record-level review."
oncology-mi-2026-efficacy-and-safety-of-cadonil,Efficacy and safety of cadonilimab for malignant solid tumor treatment: a systematic review and meta-analysis.,Xiaodong Mi; Tong Lin; Xiaogang Zhu; Li Tian; Juntao Liu; Hong Qin; Shimin Hou; Fei Tuo,2026,Frontiers in immunology,10.3389/fimmu.2026.1851837,42292353,,PMC13260096,https://pmc.ncbi.nlm.nih.gov/articles/PMC13260096/,https://pmc-oa-opendata.s3.amazonaws.com/PMC13260096.1/PMC13260096.1.pdf?md5=3a29d0ec11084c850e35d5855cfd67bc,PMC13260096.pdf,2026-08-08,CC BY,https://creativecommons.org/licenses/by/4.0/,approved_open_access,included,"Bulk PMC Open Access Subset acquisition matching this corpus's scope vocabulary (NSCLC + PD-1/PD-L1 checkpoint-inhibitor terms), deterministic identity/license/full-text adjudication, and a documented rule-based title scope screen excluding wrong cancer types, preclinical/mechanism-only studies, off-topic diagnostic/surgical-technique papers, and single-patient case reports. Not yet individually reviewed for the golden evidence map.",,sha256:9ddc6b427edba899d1f8f0ff1094048755076b7c531e750dfe5f8033af2373c2,paper,,,,,,"Acquired via bulk PMC OA ingestion pipeline (work/oncology/acquisition_receipt.json), not individually hand-curated. study_type/population/intervention/comparator left blank pending evidence-record-level review."
oncology-swaminathan-2026-treatment-and-outcomes-of-immu,Treatment and outcomes of immunotherapy related colitis and hepatitis- a multi-centre cohort study in the United Kingdom by the National Oncology Trainee Collaborative for Healthcare Research (NOTCH).,Mirashini Swaminathan; Angelos Angelakas; Mark Baxter; Jenny Cotton; Caroline Dobeson; Laura Feeney; Abigail Gault; Daniel J Hughes; Chris Jones; R Lee; Sohail Mughal; Shefali Parikh; David Mark Pritchard; Lisa Rodgers; Michael Rowe; Abdulazeez Salawu; Rohan Shotton; Nadina Tinsley; Ann Tivey; Steven Zhao; Anna Claire Olsson-Brown,2026,Supportive care in cancer : official journal of the Multinational Association of Supportive Care in Cancer,10.1007/s00520-026-10794-9,42213142,,PMC13221430,https://pmc.ncbi.nlm.nih.gov/articles/PMC13221430/,https://pmc-oa-opendata.s3.amazonaws.com/PMC13221430.1/PMC13221430.1.pdf?md5=5c97263d14c155c039c1e7a593a1bb3a,PMC13221430.pdf,2026-08-08,CC BY,https://creativecommons.org/licenses/by/4.0/,approved_open_access,included,"Bulk PMC Open Access Subset acquisition matching this corpus's scope vocabulary (NSCLC + PD-1/PD-L1 checkpoint-inhibitor terms), deterministic identity/license/full-text adjudication, and a documented rule-based title scope screen excluding wrong cancer types, preclinical/mechanism-only studies, off-topic diagnostic/surgical-technique papers, and single-patient case reports. Not yet individually reviewed for the golden evidence map.",,sha256:b95cf32ebf771332e7d8ed613ab03eeeb0200f799f91296103cde9f96fc98ff9,paper,,,,,,"Acquired via bulk PMC OA ingestion pipeline (work/oncology/acquisition_receipt.json), not individually hand-curated. study_type/population/intervention/comparator left blank pending evidence-record-level review."
oncology-huynh-2026-when-checkpoint-inhibition-goe,When Checkpoint Inhibition Goes Off Target: A Rare Case of Pembrolizumab-Induced Acalculous Cholecystitis.,Lan Huynh; Stephanie M Paulson; Walid Shaib,2026,Cureus,10.7759/cureus.109841,42375901,,PMC13311237,https://pmc.ncbi.nlm.nih.gov/articles/PMC13311237/,https://pmc-oa-opendata.s3.amazonaws.com/PMC13311237.1/PMC13311237.1.pdf?md5=abebc3ad2e3d6868932b1b3fb45e6577,PMC13311237.pdf,2026-08-08,CC BY,https://creativecommons.org/licenses/by/4.0/,approved_open_access,included,"Bulk PMC Open Access Subset acquisition matching this corpus's scope vocabulary (NSCLC + PD-1/PD-L1 checkpoint-inhibitor terms), deterministic identity/license/full-text adjudication, and a documented rule-based title scope screen excluding wrong cancer types, preclinical/mechanism-only studies, off-topic diagnostic/surgical-technique papers, and single-patient case reports. Not yet individually reviewed for the golden evidence map.",,sha256:8fd2997f3f31e209f8fbd01f95e972558dc1daae7ddc4fe30e6d37bcbbaa1423,paper,,,,,,"Acquired via bulk PMC OA ingestion pipeline (work/oncology/acquisition_receipt.json), not individually hand-curated. study_type/population/intervention/comparator left blank pending evidence-record-level review."
oncology-hu-2026-checkdyn-a-multi-cohort-comput,CheckDyn: a multi-cohort computational framework for profiling treatment-induced immune checkpoint dynamics and predicting adaptive resistance to immune checkpoint blockade.,Yanan Hu; Qiang Xie,2026,Frontiers in immunology,10.3389/fimmu.2026.1847297,42292485,,PMC13253502,https://pmc.ncbi.nlm.nih.gov/articles/PMC13253502/,https://pmc-oa-opendata.s3.amazonaws.com/PMC13253502.1/PMC13253502.1.pdf?md5=9334d74af1f6b3bdbde6bd3ef1d3fe01,PMC13253502.pdf,2026-08-08,CC BY,https://creativecommons.org/licenses/by/4.0/,approved_open_access,included,"Bulk PMC Open Access Subset acquisition matching this corpus's scope vocabulary (NSCLC + PD-1/PD-L1 checkpoint-inhibitor terms), deterministic identity/license/full-text adjudication, and a documented rule-based title scope screen excluding wrong cancer types, preclinical/mechanism-only studies, off-topic diagnostic/surgical-technique papers, and single-patient case reports. Not yet individually reviewed for the golden evidence map.",,sha256:f64883448feb4bc247756ea98c871be974d84bb9dfd95f212b4caeddf3025ed3,paper,,,,,,"Acquired via bulk PMC OA ingestion pipeline (work/oncology/acquisition_receipt.json), not individually hand-curated. study_type/population/intervention/comparator left blank pending evidence-record-level review."
oncology-wang-2026-trametinib-as-second-line-ther,Trametinib as second-line therapy for advanced KRAS G12C-mutant non-small cell lung cancer: a single-center clinical analysis of 20 cases.,Xinhui Wang; Junyan Yu,2026,Frontiers in medicine,10.3389/fmed.2026.1851178,42292258,,PMC13253488,https://pmc.ncbi.nlm.nih.gov/articles/PMC13253488/,https://pmc-oa-opendata.s3.amazonaws.com/PMC13253488.1/PMC13253488.1.pdf?md5=541edbff3e320e0084e9d47b63508f3e,PMC13253488.pdf,2026-08-08,CC BY,https://creativecommons.org/licenses/by/4.0/,approved_open_access,included,"Bulk PMC Open Access Subset acquisition matching this corpus's scope vocabulary (NSCLC + PD-1/PD-L1 checkpoint-inhibitor terms), deterministic identity/license/full-text adjudication, and a documented rule-based title scope screen excluding wrong cancer types, preclinical/mechanism-only studies, off-topic diagnostic/surgical-technique papers, and single-patient case reports. Not yet individually reviewed for the golden evidence map.",,sha256:c09fad669cd41247f696263abd09ee32b92fdd9b14525742ab251a0af122647c,paper,,,,,,"Acquired via bulk PMC OA ingestion pipeline (work/oncology/acquisition_receipt.json), not individually hand-curated. study_type/population/intervention/comparator left blank pending evidence-record-level review."
oncology-simonovska-2026-pd-l1-expression-as-a-predicto,PD-L1 Expression as a Predictor of Time to Progression in Metastatic Non-Small Cell Lung Cancer Treated with Immune Checkpoint Inhibitors: A Retrospective Single-Center Study.,Marija Simonovska; Jasmina Djundeva; Bojana Petreska Kapsarov; Julijana Stefanoska; Marina Vukasinovikj Stoleska; Aleksandar Eftimov,2026,Journal of clinical medicine,10.3390/jcm15114191,42279052,,PMC13257585,https://pmc.ncbi.nlm.nih.gov/articles/PMC13257585/,https://pmc-oa-opendata.s3.amazonaws.com/PMC13257585.1/PMC13257585.1.pdf?md5=e620fbce26a7ba60ad335e125aefb76f,PMC13257585.pdf,2026-08-08,CC BY,https://creativecommons.org/licenses/by/4.0/,approved_open_access,included,"Bulk PMC Open Access Subset acquisition matching this corpus's scope vocabulary (NSCLC + PD-1/PD-L1 checkpoint-inhibitor terms), deterministic identity/license/full-text adjudication, and a documented rule-based title scope screen excluding wrong cancer types, preclinical/mechanism-only studies, off-topic diagnostic/surgical-technique papers, and single-patient case reports. Not yet individually reviewed for the golden evidence map.",,sha256:6b014d2c86eba8c464fe6ddddc55167fd485b83ea925ee802afbde78f381f671,paper,,,,,,"Acquired via bulk PMC OA ingestion pipeline (work/oncology/acquisition_receipt.json), not individually hand-curated. study_type/population/intervention/comparator left blank pending evidence-record-level review."
oncology-hirabae-2026-limited-immune-mediated-effica,Limited Immune-Mediated Efficacy of Anti-PD-L1/VEGF in EGFR-TKI-Naïve Egfr-Mutant Lung Cancer with Non-Inflamed Tumor Microenvironment.,Atsuko Hirabae; Tadahiro Kuribayashi; Shuta Tomida; Sachi Okawa; Takamasa Nakasuka; Kazuya Nishii; Jun Nishimura; Go Makimoto; Kiichiro Ninomiya; Hisao Higo; Kammei Rai; Eiki Ichihara; Katsuyuki Hotta; Masamichi Sugimoto; Yosuke Togashi; Yoshinobu Maeda; Katsuyuki Kiura; Kadoaki Ohashi,2026,"Current oncology (Toronto, Ont.)",10.3390/curroncol33060315,42346215,,PMC13297713,https://pmc.ncbi.nlm.nih.gov/articles/PMC13297713/,https://pmc-oa-opendata.s3.amazonaws.com/PMC13297713.1/PMC13297713.1.pdf?md5=98b32ba6c81cd339716b32fe7d564063,PMC13297713.pdf,2026-08-08,CC BY,https://creativecommons.org/licenses/by/4.0/,approved_open_access,included,"Bulk PMC Open Access Subset acquisition matching this corpus's scope vocabulary (NSCLC + PD-1/PD-L1 checkpoint-inhibitor terms), deterministic identity/license/full-text adjudication, and a documented rule-based title scope screen excluding wrong cancer types, preclinical/mechanism-only studies, off-topic diagnostic/surgical-technique papers, and single-patient case reports. Not yet individually reviewed for the golden evidence map.",,sha256:b17be8269717e35b6e7fe5749e3d5276245f0e970b858c375499010d3dc18223,paper,,,,,,"Acquired via bulk PMC OA ingestion pipeline (work/oncology/acquisition_receipt.json), not individually hand-curated. study_type/population/intervention/comparator left blank pending evidence-record-level review."
oncology-kodaz-2026-immunosuppressive-tumor-microe,Immunosuppressive Tumor Microenvironment Signatures Predict Early Progression in NSCLC Patients Receiving Immune Checkpoint Inhibitors: A Transcriptomic and Immune Deconvolution Analysis of GSE135222.,Hilmi Kodaz; Çağnur Elpen Kodaz; Gökhan Öztürk; İsmail Beypınar,2026,"Medicina (Kaunas, Lithuania)",10.3390/medicina62061031,42356044,,PMC13303400,https://pmc.ncbi.nlm.nih.gov/articles/PMC13303400/,https://pmc-oa-opendata.s3.amazonaws.com/PMC13303400.1/PMC13303400.1.pdf?md5=27e0661f9069d9b51fdb19c6db66e27f,PMC13303400.pdf,2026-08-08,CC BY,https://creativecommons.org/licenses/by/4.0/,approved_open_access,included,"Bulk PMC Open Access Subset acquisition matching this corpus's scope vocabulary (NSCLC + PD-1/PD-L1 checkpoint-inhibitor terms), deterministic identity/license/full-text adjudication, and a documented rule-based title scope screen excluding wrong cancer types, preclinical/mechanism-only studies, off-topic diagnostic/surgical-technique papers, and single-patient case reports. Not yet individually reviewed for the golden evidence map.",,sha256:3b919c54d648fa7984ea1e752c8c16286acd11f8297d40634d07c45932e46bd3,paper,,,,,,"Acquired via bulk PMC OA ingestion pipeline (work/oncology/acquisition_receipt.json), not individually hand-curated. study_type/population/intervention/comparator left blank pending evidence-record-level review."
oncology-korodimos-2026-association-of-driver-oncogeni,"Association of Driver Oncogenic Alterations with SUVmax, Preoperative Serum Calcium, and Smoking Status in Surgically Resected Non-Small-Cell Lung Cancer: A Retrospective Single-Center Study.",Nikolaos Korodimos; Małgorzata Edyta Wojtyś; Konstantinos Kostopanagiotou; Ilias Santaitidis; Ioannis Tomos; Periklis Foukas; Konstantinos Kontzoglou; Anna Koumarianou; Sofoklis Mitsos; Anastasios Moisiadis; Periklis Tomos,2026,Journal of clinical medicine,10.3390/jcm15114100,42278961,,PMC13257636,https://pmc.ncbi.nlm.nih.gov/articles/PMC13257636/,https://pmc-oa-opendata.s3.amazonaws.com/PMC13257636.1/PMC13257636.1.pdf?md5=72acc658779fe34ee0b866b9d84ef297,PMC13257636.pdf,2026-08-08,CC BY,https://creativecommons.org/licenses/by/4.0/,approved_open_access,included,"Bulk PMC Open Access Subset acquisition matching this corpus's scope vocabulary (NSCLC + PD-1/PD-L1 checkpoint-inhibitor terms), deterministic identity/license/full-text adjudication, and a documented rule-based title scope screen excluding wrong cancer types, preclinical/mechanism-only studies, off-topic diagnostic/surgical-technique papers, and single-patient case reports. Not yet individually reviewed for the golden evidence map.",,sha256:ad5440d22f8d1c85366a4cf01ac29b41e9d56473da05b0eb9e92b3e7416d0a11,paper,,,,,,"Acquired via bulk PMC OA ingestion pipeline (work/oncology/acquisition_receipt.json), not individually hand-curated. study_type/population/intervention/comparator left blank pending evidence-record-level review."
oncology-kwiecien-2026-non-classical-immune-checkpoin,Non-classical immune checkpoint CD137/CD137L and CD200/CD200R expressions are regulated by the tumor immune microenvironment in lymph node aspirates from lung cancer patients.,Iwona Kwiecień; Agata Raniszewska-Borys; Elżbieta Rutkowska; Rafał Sokołowski; Karina Jahnz-Różyk; Piotr Rzepecki,2026,Frontiers in immunology,10.3389/fimmu.2026.1766726,42273703,,PMC13246615,https://pmc.ncbi.nlm.nih.gov/articles/PMC13246615/,https://pmc-oa-opendata.s3.amazonaws.com/PMC13246615.1/PMC13246615.1.pdf?md5=c561e731d14edf2e76ac77cae2d71b3f,PMC13246615.pdf,2026-08-08,CC BY,https://creativecommons.org/licenses/by/4.0/,approved_open_access,included,"Bulk PMC Open Access Subset acquisition matching this corpus's scope vocabulary (NSCLC + PD-1/PD-L1 checkpoint-inhibitor terms), deterministic identity/license/full-text adjudication, and a documented rule-based title scope screen excluding wrong cancer types, preclinical/mechanism-only studies, off-topic diagnostic/surgical-technique papers, and single-patient case reports. Not yet individually reviewed for the golden evidence map.",,sha256:3dd7478409a11df539ce50db491a787c053e817b06952bd3c8052fc3955249af,paper,,,,,,"Acquired via bulk PMC OA ingestion pipeline (work/oncology/acquisition_receipt.json), not individually hand-curated. study_type/population/intervention/comparator left blank pending evidence-record-level review."
oncology-aydn-2026-clinicopathological-characteri,Clinicopathological Characteristics and Prognostic Impact of KRAS Mutations in Non-Small Cell Lung Cancer.,Tayyip İlker Aydın; Gökhan Öztürk; Aysun Fatma Akkuş; Ebru Taştekin; Sernaz Topaloğlu; Bülent Erdoğan; Ahmet Küçükarda; Muhammet Bekir Hacıoğlu,2026,"Medicina (Kaunas, Lithuania)",10.3390/medicina62061011,42356023,,PMC13304285,https://pmc.ncbi.nlm.nih.gov/articles/PMC13304285/,https://pmc-oa-opendata.s3.amazonaws.com/PMC13304285.1/PMC13304285.1.pdf?md5=d82f5b8a59ace159344ed2b21d8ec87a,PMC13304285.pdf,2026-08-08,CC BY,https://creativecommons.org/licenses/by/4.0/,approved_open_access,included,"Bulk PMC Open Access Subset acquisition matching this corpus's scope vocabulary (NSCLC + PD-1/PD-L1 checkpoint-inhibitor terms), deterministic identity/license/full-text adjudication, and a documented rule-based title scope screen excluding wrong cancer types, preclinical/mechanism-only studies, off-topic diagnostic/surgical-technique papers, and single-patient case reports. Not yet individually reviewed for the golden evidence map.",,sha256:6122987a7bd7495b2d4ec1f55eee51477e376d12acfe405e863a5899b411d36d,paper,,,,,,"Acquired via bulk PMC OA ingestion pipeline (work/oncology/acquisition_receipt.json), not individually hand-curated. study_type/population/intervention/comparator left blank pending evidence-record-level review."
oncology-cha-2026-clinical-value-of-the-systemic,Clinical Value of the Systemic Immune Inflammation Index and PD-L1 Expression in Advanced NSCLC Treated with Pembrolizumab: Real-World Preliminary Study.,Hyungkeun Cha; Yong Seok Lee; Gui Young Kwon; Boran Kim; Yeonsook Moon; Lucia Kim; Hae-Seong Nam,2026,Oncology research,10.32604/or.2026.077514,42232607,,PMC13223186,https://pmc.ncbi.nlm.nih.gov/articles/PMC13223186/,https://pmc-oa-opendata.s3.amazonaws.com/PMC13223186.1/PMC13223186.1.pdf?md5=97231bb7447dfe602ca0f868a549eea7,PMC13223186.pdf,2026-08-08,CC BY,https://creativecommons.org/licenses/by/4.0/,approved_open_access,included,"Bulk PMC Open Access Subset acquisition matching this corpus's scope vocabulary (NSCLC + PD-1/PD-L1 checkpoint-inhibitor terms), deterministic identity/license/full-text adjudication, and a documented rule-based title scope screen excluding wrong cancer types, preclinical/mechanism-only studies, off-topic diagnostic/surgical-technique papers, and single-patient case reports. Not yet individually reviewed for the golden evidence map.",,sha256:60557fe1e56a5b4736daac488fd192b0fe67116f85e4ad54e66a010268bce93c,paper,,,,,,"Acquired via bulk PMC OA ingestion pipeline (work/oncology/acquisition_receipt.json), not individually hand-curated. study_type/population/intervention/comparator left blank pending evidence-record-level review."
oncology-pantazaka-2026-repurposing-artesunate-to-comb,Repurposing Artesunate to Combat Progression and Metastasis via Targeting Circulating Tumor Cells.,Evangelia Pantazaka; Dimitrios Papakonstantinou; Argyro Roumeliotou; Dafni Graikioti; Sotirios Tsakas; Nefeli Zacharopoulou; Stuart S Martin; Athanasios Kotsakis; Constantinos M Athanassopoulos; Catherine Alix-Panabières; Galatea Kallergi,2026,Oncology research,10.32604/or.2026.075600,42232605,,PMC13223190,https://pmc.ncbi.nlm.nih.gov/articles/PMC13223190/,https://pmc-oa-opendata.s3.amazonaws.com/PMC13223190.1/PMC13223190.1.pdf?md5=beb42ab12ba57a0a6d7198bd07309268,PMC13223190.pdf,2026-08-08,CC BY,https://creativecommons.org/licenses/by/4.0/,approved_open_access,included,"Bulk PMC Open Access Subset acquisition matching this corpus's scope vocabulary (NSCLC + PD-1/PD-L1 checkpoint-inhibitor terms), deterministic identity/license/full-text adjudication, and a documented rule-based title scope screen excluding wrong cancer types, preclinical/mechanism-only studies, off-topic diagnostic/surgical-technique papers, and single-patient case reports. Not yet individually reviewed for the golden evidence map.",,sha256:29815be38f33d4ee96bf239b3a823b4d72bf5d1b6ef078038d27322c30a52e76,paper,,,,,,"Acquired via bulk PMC OA ingestion pipeline (work/oncology/acquisition_receipt.json), not individually hand-curated. study_type/population/intervention/comparator left blank pending evidence-record-level review."
oncology-jiang-2026-from-variant-to-biomarker-in-n,From Variant to Biomarker in NSCLC Immunotherapy Resistance: Multiomics Evidence Chains and Accountable AI Integration.,Yiqing Jiang; Na Wang; Qin Zeng; Jun Liu; Xiaoqin Liu; Guili Cao,2026,Human mutation,10.1155/humu/6434376,42181742,,PMC13191777,https://pmc.ncbi.nlm.nih.gov/articles/PMC13191777/,https://pmc-oa-opendata.s3.amazonaws.com/PMC13191777.1/PMC13191777.1.pdf?md5=9006895a020da9bbde8d66d50cf744f1,PMC13191777.pdf,2026-08-08,CC BY,https://creativecommons.org/licenses/by/4.0/,approved_open_access,included,"Bulk PMC Open Access Subset acquisition matching this corpus's scope vocabulary (NSCLC + PD-1/PD-L1 checkpoint-inhibitor terms), deterministic identity/license/full-text adjudication, and a documented rule-based title scope screen excluding wrong cancer types, preclinical/mechanism-only studies, off-topic diagnostic/surgical-technique papers, and single-patient case reports. Not yet individually reviewed for the golden evidence map.",,sha256:64a955dc40d648de6390d53922274b5e98788a13b2e00d08a0ccd0f625832f6c,paper,,,,,,"Acquired via bulk PMC OA ingestion pipeline (work/oncology/acquisition_receipt.json), not individually hand-curated. study_type/population/intervention/comparator left blank pending evidence-record-level review."
oncology-nishimura-2026-stimulator-of-interferon-genes,Stimulator of interferon genes agonist augmented antitumor immunity of osimertinib in Egfr-mutated lung cancer.,Jun Nishimura; Tadahiro Kuribayashi; Johannes Brägelmann; Sachi Okawa; Masataka Taoka; Shunta Mori; Tomoka Nishimura; Takaaki Tanaka; Go Makimoto; Kiichiro Ninomiya; Kammei Rai; Eiki Ichihara; Ryohei Katayama; Katsuyuki Hotta; Masahiro Tabata; Yosuke Togashi; Yoshinobu Maeda; Martin L Sos; Katsuyuki Kiura; Kadoaki Ohashi,2026,Molecular oncology,10.1002/1878-0261.70264,42169500,,PMC13398822,https://pmc.ncbi.nlm.nih.gov/articles/PMC13398822/,https://pmc-oa-opendata.s3.amazonaws.com/PMC13398822.1/PMC13398822.1.pdf?md5=e7bbc1c8f644106a370f38cf4df3ae30,PMC13398822.pdf,2026-08-08,CC BY,https://creativecommons.org/licenses/by/4.0/,approved_open_access,included,"Bulk PMC Open Access Subset acquisition matching this corpus's scope vocabulary (NSCLC + PD-1/PD-L1 checkpoint-inhibitor terms), deterministic identity/license/full-text adjudication, and a documented rule-based title scope screen excluding wrong cancer types, preclinical/mechanism-only studies, off-topic diagnostic/surgical-technique papers, and single-patient case reports. Not yet individually reviewed for the golden evidence map.",,sha256:118c905e5900dd59687cce52b51f7d74ee32b4bec407f81a348548b45cddba12,paper,,,,,,"Acquired via bulk PMC OA ingestion pipeline (work/oncology/acquisition_receipt.json), not individually hand-curated. study_type/population/intervention/comparator left blank pending evidence-record-level review."
oncology-may-2026-serum-metabolomic-signatures-p,Serum metabolomic signatures predict clinical outcomes in advanced non-small cell lung cancer treated with pembrolizumab plus platinum-based chemotherapy.,Peter May; Christof Winter; Inga Hubrecht; Adrian Patenge; Selina Strathmeyer; Roland Geyer; Steffen Heelemann; Jan Stratmann; Seyer Safi; Henriette Klein; Folker Schneller; Florian Bassermann; Aaron Becker von Rose,2026,Frontiers in immunology,10.3389/fimmu.2026.1770764,42233027,,PMC13223046,https://pmc.ncbi.nlm.nih.gov/articles/PMC13223046/,https://pmc-oa-opendata.s3.amazonaws.com/PMC13223046.1/PMC13223046.1.pdf?md5=83be91acca7f5bf3bff66a5c3dfd3d3b,PMC13223046.pdf,2026-08-08,CC BY,https://creativecommons.org/licenses/by/4.0/,approved_open_access,included,"Bulk PMC Open Access Subset acquisition matching this corpus's scope vocabulary (NSCLC + PD-1/PD-L1 checkpoint-inhibitor terms), deterministic identity/license/full-text adjudication, and a documented rule-based title scope screen excluding wrong cancer types, preclinical/mechanism-only studies, off-topic diagnostic/surgical-technique papers, and single-patient case reports. Not yet individually reviewed for the golden evidence map.",,sha256:df54f8b5311db8500dc970e515aff4d5c73703dbaf0b6a5108d6b22ca28e16d7,paper,,,,,,"Acquired via bulk PMC OA ingestion pipeline (work/oncology/acquisition_receipt.json), not individually hand-curated. study_type/population/intervention/comparator left blank pending evidence-record-level review."
oncology-wang-2026-ascl2-mediated-macrophage-myof,ASCL2-mediated macrophage-myofibroblast transition generates immunosuppressive CAF_7 in NSCLC bone metastases.,Jinfeng Wang; Jin Qian; Xiujia Yang; Chongquan Huang; Tiantian Wei; Jielong Zhou; Guoqing Zhong; Zhenhai Zhang; Yu Zhang,2026,Journal of experimental & clinical cancer research : CR,10.1186/s13046-026-03735-1,42152025,,PMC13325787,https://pmc.ncbi.nlm.nih.gov/articles/PMC13325787/,https://pmc-oa-opendata.s3.amazonaws.com/PMC13325787.1/PMC13325787.1.pdf?md5=5c3d2b2c8679b66b7aded9efc96d8925,PMC13325787.pdf,2026-08-08,CC BY,https://creativecommons.org/licenses/by/4.0/,approved_open_access,included,"Bulk PMC Open Access Subset acquisition matching this corpus's scope vocabulary (NSCLC + PD-1/PD-L1 checkpoint-inhibitor terms), deterministic identity/license/full-text adjudication, and a documented rule-based title scope screen excluding wrong cancer types, preclinical/mechanism-only studies, off-topic diagnostic/surgical-technique papers, and single-patient case reports. Not yet individually reviewed for the golden evidence map.",,sha256:81de86bc7875af5150e57f628f69f194f3dc2cf44ec902fba5ed6eec310d31c1,paper,,,,,,"Acquired via bulk PMC OA ingestion pipeline (work/oncology/acquisition_receipt.json), not individually hand-curated. study_type/population/intervention/comparator left blank pending evidence-record-level review."
oncology-trontzas-2026-in-treatment-kinetics-of-perip,In-Treatment Kinetics of Peripheral Blood Immune Markers in PD-L1 High Non-Small Cell Lung Cancer and Prognostic Relevance for Immunotherapy Outcomes.,Ioannis P Trontzas; Ioanna-Evdokia Galani; Emmanouil Panagiotou; Efthymia Theofani; Anastasia Georganta; Konstantinos G Kyriakoulis; Anastasia Palaiologou; Ioannis Vathiotis; Constantin Tamvakopoulos; Evangelos Andreakos; Konstantinos N Syrigos,2026,Cancers,10.3390/cancers18101623,42192983,,PMC13204403,https://pmc.ncbi.nlm.nih.gov/articles/PMC13204403/,https://pmc-oa-opendata.s3.amazonaws.com/PMC13204403.1/PMC13204403.1.pdf?md5=3b3fe4b708a013ee26651fd6cc555957,PMC13204403.pdf,2026-08-08,CC BY,https://creativecommons.org/licenses/by/4.0/,approved_open_access,included,"Bulk PMC Open Access Subset acquisition matching this corpus's scope vocabulary (NSCLC + PD-1/PD-L1 checkpoint-inhibitor terms), deterministic identity/license/full-text adjudication, and a documented rule-based title scope screen excluding wrong cancer types, preclinical/mechanism-only studies, off-topic diagnostic/surgical-technique papers, and single-patient case reports. Not yet individually reviewed for the golden evidence map.",,sha256:9dbde6fb3923774805972443eab985a9b03f73b50826bca0aed9168fb1115d97,paper,,,,,,"Acquired via bulk PMC OA ingestion pipeline (work/oncology/acquisition_receipt.json), not individually hand-curated. study_type/population/intervention/comparator left blank pending evidence-record-level review."
oncology-zou-2026-understanding-immune-checkpoin,Understanding immune checkpoint inhibitor efficacy through spatial decoding of the lung cancer tumor immune microenvironment.,Tao Zou; John D Minna,2026,The Journal of clinical investigation,10.1172/JCI206316,42138084,,PMC13178642,https://pmc.ncbi.nlm.nih.gov/articles/PMC13178642/,https://pmc-oa-opendata.s3.amazonaws.com/PMC13178642.1/PMC13178642.1.pdf?md5=605e41207a3357c90d1d1041a0a797ae,PMC13178642.pdf,2026-08-08,CC BY,https://creativecommons.org/licenses/by/4.0/,approved_open_access,included,"Bulk PMC Open Access Subset acquisition matching this corpus's scope vocabulary (NSCLC + PD-1/PD-L1 checkpoint-inhibitor terms), deterministic identity/license/full-text adjudication, and a documented rule-based title scope screen excluding wrong cancer types, preclinical/mechanism-only studies, off-topic diagnostic/surgical-technique papers, and single-patient case reports. Not yet individually reviewed for the golden evidence map.",,sha256:04f2bd906dfff7fde031b8cfd64e2096ee27fdb8527f90d7f0c13e1c781db795,paper,,,,,,"Acquired via bulk PMC OA ingestion pipeline (work/oncology/acquisition_receipt.json), not individually hand-curated. study_type/population/intervention/comparator left blank pending evidence-record-level review."
oncology-cai-2026-enhanced-anti-lung-cancer-effi,Enhanced Anti-Lung Cancer Efficacy of Neo-BCV Combined with Cisplatin: Immune Activation and Tumor Microenvironment Remodeling.,Quexun Cai; Qianli Yang; Kangrui Zhang; Zhengyue Fei; Ruochen Zhao; Tao Lu; Kecheng Xu; Zhenyi Wang; Peihua Lu,2026,Vaccines,10.3390/vaccines14050436,42188807,,PMC13211431,https://pmc.ncbi.nlm.nih.gov/articles/PMC13211431/,https://pmc-oa-opendata.s3.amazonaws.com/PMC13211431.1/PMC13211431.1.pdf?md5=4432195500463f72863875cb996fe88a,PMC13211431.pdf,2026-08-08,CC BY,https://creativecommons.org/licenses/by/4.0/,approved_open_access,included,"Bulk PMC Open Access Subset acquisition matching this corpus's scope vocabulary (NSCLC + PD-1/PD-L1 checkpoint-inhibitor terms), deterministic identity/license/full-text adjudication, and a documented rule-based title scope screen excluding wrong cancer types, preclinical/mechanism-only studies, off-topic diagnostic/surgical-technique papers, and single-patient case reports. Not yet individually reviewed for the golden evidence map.",,sha256:e98b5361da21bcf7da4f8f112c07c3b842b556fd11cde71c126ff77905f3a244,paper,,,,,,"Acquired via bulk PMC OA ingestion pipeline (work/oncology/acquisition_receipt.json), not individually hand-curated. study_type/population/intervention/comparator left blank pending evidence-record-level review."
oncology-pagliara-2026-enhancing-non-small-cell-lung,Enhancing Non-small Cell Lung Cancer Susceptibility to Anti-PD-1/PD-L1 Therapy through PD-L1 Ligand-Ir(III) Complex Conjugates.,Valentina Pagliara; Giulia Assoni; Giovanna Polcaro; Alberto Bossi; Marta Penconi; Luigi Liguori; Pierfausto Seneci; Francesco Saverio Di Leva; Vincenzo Maria D'Amore; Diego Brancaccio; Federica Santoro; Cristina R Ferrone; Elena Ciaglia; Annibale Alessandro Puca; Stefano Pepe; Luciana Marinelli; Daniela Arosio; Francesco Sabbatino,2026,"Cancer communications (London, England)",10.34133/cancomm.0029,42137580,,PMC13168757,https://pmc.ncbi.nlm.nih.gov/articles/PMC13168757/,https://pmc-oa-opendata.s3.amazonaws.com/PMC13168757.1/PMC13168757.1.pdf?md5=8b6d57c187a3079dc7885207cf4ad4e2,PMC13168757.pdf,2026-08-08,CC BY,https://creativecommons.org/licenses/by/4.0/,approved_open_access,included,"Bulk PMC Open Access Subset acquisition matching this corpus's scope vocabulary (NSCLC + PD-1/PD-L1 checkpoint-inhibitor terms), deterministic identity/license/full-text adjudication, and a documented rule-based title scope screen excluding wrong cancer types, preclinical/mechanism-only studies, off-topic diagnostic/surgical-technique papers, and single-patient case reports. Not yet individually reviewed for the golden evidence map.",,sha256:3c418dc70c7dd93496b749ba6307eeb61c82ba9123b986f728d0e51c5545670a,paper,,,,,,"Acquired via bulk PMC OA ingestion pipeline (work/oncology/acquisition_receipt.json), not individually hand-curated. study_type/population/intervention/comparator left blank pending evidence-record-level review."
oncology-li-2026-real-world-effectiveness-of-fi,Real-world effectiveness of first-line immunotherapy with or without chemotherapy versus chemotherapy alone in advanced non-small cell lung cancer.,Lihua Li; Juan Du; Jing Yang; Limin Chai; Jingxu Nie; Xinfeng Cai; Linxiu He; Junting Jia; Rong Ma; Yimeng Guo,2026,Frontiers in immunology,10.3389/fimmu.2026.1753591,42206044,,PMC13201463,https://pmc.ncbi.nlm.nih.gov/articles/PMC13201463/,https://pmc-oa-opendata.s3.amazonaws.com/PMC13201463.1/PMC13201463.1.pdf?md5=307b06b8b7474b9418153e525ac6049b,PMC13201463.pdf,2026-08-08,CC BY,https://creativecommons.org/licenses/by/4.0/,approved_open_access,included,"Bulk PMC Open Access Subset acquisition matching this corpus's scope vocabulary (NSCLC + PD-1/PD-L1 checkpoint-inhibitor terms), deterministic identity/license/full-text adjudication, and a documented rule-based title scope screen excluding wrong cancer types, preclinical/mechanism-only studies, off-topic diagnostic/surgical-technique papers, and single-patient case reports. Not yet individually reviewed for the golden evidence map.",,sha256:0082d8000c304f40c9cb7cb1342d520876c250c9c6754c4f53f8e06d9c18f614,paper,,,,,,"Acquired via bulk PMC OA ingestion pipeline (work/oncology/acquisition_receipt.json), not individually hand-curated. study_type/population/intervention/comparator left blank pending evidence-record-level review."
oncology-ruan-2026-clinical-response-in-advanced,Clinical response in advanced non-small cell lung cancer with high PD-L1 expression and MET exon 14 skipping mutation: a case analysis of overcoming immunotherapy resistance and literature review.,Yefei Ruan; Lin Qiu,2026,Frontiers in oncology,10.3389/fonc.2026.1807242,42205753,,PMC13201154,https://pmc.ncbi.nlm.nih.gov/articles/PMC13201154/,https://pmc-oa-opendata.s3.amazonaws.com/PMC13201154.1/PMC13201154.1.pdf?md5=825dd69a0434629cdcb865171a9aa5e7,PMC13201154.pdf,2026-08-08,CC BY,https://creativecommons.org/licenses/by/4.0/,approved_open_access,included,"Bulk PMC Open Access Subset acquisition matching this corpus's scope vocabulary (NSCLC + PD-1/PD-L1 checkpoint-inhibitor terms), deterministic identity/license/full-text adjudication, and a documented rule-based title scope screen excluding wrong cancer types, preclinical/mechanism-only studies, off-topic diagnostic/surgical-technique papers, and single-patient case reports. Not yet individually reviewed for the golden evidence map.",,sha256:ea702ff435fe01cd37f79709420fd6d8d0dbcf372be6644dd21f09f2f15d3aaf,paper,,,,,,"Acquired via bulk PMC OA ingestion pipeline (work/oncology/acquisition_receipt.json), not individually hand-curated. study_type/population/intervention/comparator left blank pending evidence-record-level review."
oncology-dai-2026-efficacy-of-pd-1-pd-l1-plus-ct,Efficacy of PD-1/PD-L1 plus CTLA-4 inhibitors in advanced/metastatic NSCLC: a meta-analysis based on RCTs.,Tianfu Dai; Yu Chen; Xuelian Dai; Yixin Chen; Xiaobo Pan; Jingqi Chen; Xingchen Liu,2026,Frontiers in immunology,10.3389/fimmu.2026.1833277,42199400,,PMC13199360,https://pmc.ncbi.nlm.nih.gov/articles/PMC13199360/,https://pmc-oa-opendata.s3.amazonaws.com/PMC13199360.1/PMC13199360.1.pdf?md5=dc748a98f1e45331398db40e28f34cf2,PMC13199360.pdf,2026-08-08,CC BY,https://creativecommons.org/licenses/by/4.0/,approved_open_access,included,"Bulk PMC Open Access Subset acquisition matching this corpus's scope vocabulary (NSCLC + PD-1/PD-L1 checkpoint-inhibitor terms), deterministic identity/license/full-text adjudication, and a documented rule-based title scope screen excluding wrong cancer types, preclinical/mechanism-only studies, off-topic diagnostic/surgical-technique papers, and single-patient case reports. Not yet individually reviewed for the golden evidence map.",,sha256:a0148b519b3348d9cf896c18e5187dd63b08ddb8577ffa4c4cfc020f9ecaa83c,paper,,,,,,"Acquired via bulk PMC OA ingestion pipeline (work/oncology/acquisition_receipt.json), not individually hand-curated. study_type/population/intervention/comparator left blank pending evidence-record-level review."
oncology-corral-morales-2026-impact-of-immune-related-adver,"Impact of Immune-Related Adverse Event Frequency, Severity and Corticosteroid Use on Immune Checkpoint Inhibitor Efficacy in Non-Small Cell Lung Cancer.",José Del Corral-Morales; Carlos Ayala-de Miguel; Laura Quintana-Cortés; Santiago González-Santiago; José Fuentes-Pradera; Pablo Ayala-de Miguel,2026,Cancers,10.3390/cancers18101538,42192898,,PMC13204747,https://pmc.ncbi.nlm.nih.gov/articles/PMC13204747/,https://pmc-oa-opendata.s3.amazonaws.com/PMC13204747.1/PMC13204747.1.pdf?md5=97175b1acaaa031a5c2e4075dbb0ab23,PMC13204747.pdf,2026-08-08,CC BY,https://creativecommons.org/licenses/by/4.0/,approved_open_access,included,"Bulk PMC Open Access Subset acquisition matching this corpus's scope vocabulary (NSCLC + PD-1/PD-L1 checkpoint-inhibitor terms), deterministic identity/license/full-text adjudication, and a documented rule-based title scope screen excluding wrong cancer types, preclinical/mechanism-only studies, off-topic diagnostic/surgical-technique papers, and single-patient case reports. Not yet individually reviewed for the golden evidence map.",,sha256:321d62c01b8c3c14c4a884a09276b6d3019b2000a7599c40ec5bceae1804237b,paper,,,,,,"Acquired via bulk PMC OA ingestion pipeline (work/oncology/acquisition_receipt.json), not individually hand-curated. study_type/population/intervention/comparator left blank pending evidence-record-level review."
oncology-shi-2026-molecular-characteristics-clon,"Molecular characteristics, clonal relatedness and surgical outcomes of pulmonary mixed invasive mucinous and non-mucinous adenocarcinoma: a retrospective cohort study.",Xinyi Shi; Yang Wang; Nan Yao; Bowen Xue; Lei Guo; Liming Xu; Changbin Zhu; Guiping Qin; Jianming Ying; Yutao Liu; Weihua Li,2026,Molecular biomedicine,10.1186/s43556-026-00460-1,42105078,,PMC13157374,https://pmc.ncbi.nlm.nih.gov/articles/PMC13157374/,https://pmc-oa-opendata.s3.amazonaws.com/PMC13157374.1/PMC13157374.1.pdf?md5=02dde40264405cd8979457675842a1ea,PMC13157374.pdf,2026-08-08,CC BY,https://creativecommons.org/licenses/by/4.0/,approved_open_access,included,"Bulk PMC Open Access Subset acquisition matching this corpus's scope vocabulary (NSCLC + PD-1/PD-L1 checkpoint-inhibitor terms), deterministic identity/license/full-text adjudication, and a documented rule-based title scope screen excluding wrong cancer types, preclinical/mechanism-only studies, off-topic diagnostic/surgical-technique papers, and single-patient case reports. Not yet individually reviewed for the golden evidence map.",,sha256:cc28e5b6d05992feb7c2a088c6209e3b921646b3cf0f370b03ce2b974985d8ff,paper,,,,,,"Acquired via bulk PMC OA ingestion pipeline (work/oncology/acquisition_receipt.json), not individually hand-curated. study_type/population/intervention/comparator left blank pending evidence-record-level review."
oncology-agustoni-2026-sequential-chemo-durvalumab-re,"Sequential chemo-durvalumab, reduced-dose RT, and consolidation durvalumab for unresectable stage III NSCLC unfit for PACIFIC regimen (DEDALUS trial).",Francesco Agustoni; Jessica Saddi; Diego Luigi Cortinovis; Stefano Arcangeli; Luca Sala; Catherine Klersy; Valeria Musella; Giulia Galli; Sabrina Maria Chiara Borgetto; Giulia Maria Stella; Daniela Cicognini; Alessandra Ferrari; Paolo Pedrazzoli; Francesco Grossi; Andrea Riccardo Filippi,2026,JNCI cancer spectrum,10.1093/jncics/pkag050,42093085,,PMC13242927,https://pmc.ncbi.nlm.nih.gov/articles/PMC13242927/,https://pmc-oa-opendata.s3.amazonaws.com/PMC13242927.1/PMC13242927.1.pdf?md5=cf0cb63bfb1d3897f4ac57d5dce987a0,PMC13242927.pdf,2026-08-08,CC BY,https://creativecommons.org/licenses/by/4.0/,approved_open_access,included,"Bulk PMC Open Access Subset acquisition matching this corpus's scope vocabulary (NSCLC + PD-1/PD-L1 checkpoint-inhibitor terms), deterministic identity/license/full-text adjudication, and a documented rule-based title scope screen excluding wrong cancer types, preclinical/mechanism-only studies, off-topic diagnostic/surgical-technique papers, and single-patient case reports. Not yet individually reviewed for the golden evidence map.",,sha256:223f5a0fe47b2165c8f180145ed6c3e1022c4ba4ac60e08a10e59b49b0d048ac,paper,,,,,,"Acquired via bulk PMC OA ingestion pipeline (work/oncology/acquisition_receipt.json), not individually hand-curated. study_type/population/intervention/comparator left blank pending evidence-record-level review."
oncology-theriau-2026-docetaxel-in-non-small-cell-lu,Docetaxel in Non-Small Cell Lung Cancer: A Multi-Centre Real-World Evidence Analysis in the Immunotherapy Era.,Christopher F Theriau; Yuchen Li; Deborah Akurang; Sara M Moore; Rosalyn A Juergens; Natasha B Leighl; Paul Wheatley-Price,2026,"Current oncology (Toronto, Ont.)",10.3390/curroncol33050277,42187594,,PMC13206130,https://pmc.ncbi.nlm.nih.gov/articles/PMC13206130/,https://pmc-oa-opendata.s3.amazonaws.com/PMC13206130.1/PMC13206130.1.pdf?md5=cd69d620d6baaddf0d0015d990dac461,PMC13206130.pdf,2026-08-08,CC BY,https://creativecommons.org/licenses/by/4.0/,approved_open_access,included,"Bulk PMC Open Access Subset acquisition matching this corpus's scope vocabulary (NSCLC + PD-1/PD-L1 checkpoint-inhibitor terms), deterministic identity/license/full-text adjudication, and a documented rule-based title scope screen excluding wrong cancer types, preclinical/mechanism-only studies, off-topic diagnostic/surgical-technique papers, and single-patient case reports. Not yet individually reviewed for the golden evidence map.",,sha256:a9e2294e3fbdcb5c26a336e3d1b553b9e91046018e1fd173d1ca7f1eedbf2ba1,paper,,,,,,"Acquired via bulk PMC OA ingestion pipeline (work/oncology/acquisition_receipt.json), not individually hand-curated. study_type/population/intervention/comparator left blank pending evidence-record-level review."
oncology-hu-2026-multi-omics-biomarkers-for-pre,"Multi-omics biomarkers for predicting resistance, hyperprogression, and immune-related toxicity during PD-1/PD-L1 therapy in lung cancer: a literature review.",Na Hu; Ziyue Wang; Ming Liu; Dong Guo; Chenxue Jiang; Yun Chen; Zhenshan Zhang; Menglin Bai; Bo Cheng; Jessica C Hsu; Leilei Wu; Xiujie Sui,2026,Frontiers in immunology,10.3389/fimmu.2026.1780459,42183274,,PMC13194140,https://pmc.ncbi.nlm.nih.gov/articles/PMC13194140/,https://pmc-oa-opendata.s3.amazonaws.com/PMC13194140.1/PMC13194140.1.pdf?md5=b9e06fb371a80c697077d46e374a9e34,PMC13194140.pdf,2026-08-08,CC BY,https://creativecommons.org/licenses/by/4.0/,approved_open_access,included,"Bulk PMC Open Access Subset acquisition matching this corpus's scope vocabulary (NSCLC + PD-1/PD-L1 checkpoint-inhibitor terms), deterministic identity/license/full-text adjudication, and a documented rule-based title scope screen excluding wrong cancer types, preclinical/mechanism-only studies, off-topic diagnostic/surgical-technique papers, and single-patient case reports. Not yet individually reviewed for the golden evidence map.",,sha256:3b136b965cfbaf99e944035d47f90b8a98b6f409916904e7a0cda927e62d86f2,paper,,,,,,"Acquired via bulk PMC OA ingestion pipeline (work/oncology/acquisition_receipt.json), not individually hand-curated. study_type/population/intervention/comparator left blank pending evidence-record-level review."
oncology-lalli-2026-a-blood-based-immune-suppressi,A blood-based immune-suppressive index stratifies immunotherapy outcomes in advanced NSCLC.,Luca Lalli; Veronica Huber; Agata Cova; Elena Daveri; Angela Listì; Giovanni Rossi; Carlo Genova; Simona Coco; Iosune Baraibar; Ignacio Gil-Bazo; Silvia Novello; Licia Rivoltini; Francesco Passiglia,2026,Frontiers in immunology,10.3389/fimmu.2026.1772319,42183256,,PMC13194465,https://pmc.ncbi.nlm.nih.gov/articles/PMC13194465/,https://pmc-oa-opendata.s3.amazonaws.com/PMC13194465.1/PMC13194465.1.pdf?md5=5ae85ed5a80724bf99e57894dd1a5dbe,PMC13194465.pdf,2026-08-08,CC BY,https://creativecommons.org/licenses/by/4.0/,approved_open_access,included,"Bulk PMC Open Access Subset acquisition matching this corpus's scope vocabulary (NSCLC + PD-1/PD-L1 checkpoint-inhibitor terms), deterministic identity/license/full-text adjudication, and a documented rule-based title scope screen excluding wrong cancer types, preclinical/mechanism-only studies, off-topic diagnostic/surgical-technique papers, and single-patient case reports. Not yet individually reviewed for the golden evidence map.",,sha256:4fbc26893470f0d48a68c64b0b609d783a03d81b6d9fe682c793064746507a6a,paper,,,,,,"Acquired via bulk PMC OA ingestion pipeline (work/oncology/acquisition_receipt.json), not individually hand-curated. study_type/population/intervention/comparator left blank pending evidence-record-level review."
oncology-sun-2026-phase-i-study-of-y101d-a-bispe,"Phase I study of Y101D, a bispecific antibody targeting PD-L1 and TGF-β in patients with advanced solid tumors.",Haishuang Sun; Gang Chen; Jinhui Xue; Yaxiong Zhang; Yuxiang Ma; Yunpeng Yang; Wenfeng Fang; Yuanyuan Zhao; Yan Huang; Shaodong Hong; Ting Zhou; Shen Zhao; Huaqiang Zhou; Xi Chen; Jing Li; Li Zhang; Hongyun Zhao,2026,The oncologist,10.1093/oncolo/oyag133,42104927,,PMC13181260,https://pmc.ncbi.nlm.nih.gov/articles/PMC13181260/,https://pmc-oa-opendata.s3.amazonaws.com/PMC13181260.1/PMC13181260.1.pdf?md5=c25e594f0746607d42f7e790cf5708da,PMC13181260.pdf,2026-08-08,CC BY,https://creativecommons.org/licenses/by/4.0/,approved_open_access,included,"Bulk PMC Open Access Subset acquisition matching this corpus's scope vocabulary (NSCLC + PD-1/PD-L1 checkpoint-inhibitor terms), deterministic identity/license/full-text adjudication, and a documented rule-based title scope screen excluding wrong cancer types, preclinical/mechanism-only studies, off-topic diagnostic/surgical-technique papers, and single-patient case reports. Not yet individually reviewed for the golden evidence map.",,sha256:03f4fcb2cb3c24688c803307055d648b3a75fbd60c3cf6d38ef64d8ae6fdca49,paper,,,,,,"Acquired via bulk PMC OA ingestion pipeline (work/oncology/acquisition_receipt.json), not individually hand-curated. study_type/population/intervention/comparator left blank pending evidence-record-level review."
oncology-wu-2026-feasibility-of-neoadjuvant-imm,Feasibility of neoadjuvant immunochemotherapy in potentially resectable non-small cell lung cancer: a single-arm meta-analysis.,Fengpin Wu; Jia Duan; Zongmin Shi; Yuanmei Zhang; Lei Yang; Duo Li,2026,Frontiers in oncology,10.3389/fonc.2026.1826159,42180107,,PMC13189883,https://pmc.ncbi.nlm.nih.gov/articles/PMC13189883/,https://pmc-oa-opendata.s3.amazonaws.com/PMC13189883.1/PMC13189883.1.pdf?md5=6d74f33713262e756b89640a8d071dad,PMC13189883.pdf,2026-08-08,CC BY,https://creativecommons.org/licenses/by/4.0/,approved_open_access,included,"Bulk PMC Open Access Subset acquisition matching this corpus's scope vocabulary (NSCLC + PD-1/PD-L1 checkpoint-inhibitor terms), deterministic identity/license/full-text adjudication, and a documented rule-based title scope screen excluding wrong cancer types, preclinical/mechanism-only studies, off-topic diagnostic/surgical-technique papers, and single-patient case reports. Not yet individually reviewed for the golden evidence map.",,sha256:f7613252735c257530faa85c6a91c183b212862697993cab5ea607a30e3cd28c,paper,,,,,,"Acquired via bulk PMC OA ingestion pipeline (work/oncology/acquisition_receipt.json), not individually hand-curated. study_type/population/intervention/comparator left blank pending evidence-record-level review."
oncology-bojic-2026-clinical-outcomes-and-immune-r,Clinical Outcomes and Immune-Related Adverse Events in Metastatic Non-Squamous NSCLC Treated with First-Line Pembrolizumab-Chemotherapy: A Real-World Study from Serbia.,Zlatan Bojić; Filip Marković; Milica Kontić,2026,"Current oncology (Toronto, Ont.)",10.3390/curroncol33050267,42187584,,PMC13205886,https://pmc.ncbi.nlm.nih.gov/articles/PMC13205886/,https://pmc-oa-opendata.s3.amazonaws.com/PMC13205886.1/PMC13205886.1.pdf?md5=451b154b1ccdd7df84ea565475e56122,PMC13205886.pdf,2026-08-08,CC BY,https://creativecommons.org/licenses/by/4.0/,approved_open_access,included,"Bulk PMC Open Access Subset acquisition matching this corpus's scope vocabulary (NSCLC + PD-1/PD-L1 checkpoint-inhibitor terms), deterministic identity/license/full-text adjudication, and a documented rule-based title scope screen excluding wrong cancer types, preclinical/mechanism-only studies, off-topic diagnostic/surgical-technique papers, and single-patient case reports. Not yet individually reviewed for the golden evidence map.",,sha256:8ee70d616bb6bb708c25699ec5d534762a103c07f8e9e942443227f3a39a221e,paper,,,,,,"Acquired via bulk PMC OA ingestion pipeline (work/oncology/acquisition_receipt.json), not individually hand-curated. study_type/population/intervention/comparator left blank pending evidence-record-level review."
oncology-he-2026-shuangshen-granules-enhance-an,Shuangshen granules enhance anti-PD1 therapy effectiveness in lung adenocarcinoma by modulating myeloid-derived suppressor cell-induced T cell exhaustion.,Zhong-Ning He; Qi Huang; Yi Li; Jia-Qi Hu; Tong-Tong Liu; Yu-Wei Zhao; Xiao-Ling Ren; Shu-Lin He; Yue Li; Bo-Lun Shi; Rui Liu; Qiu-Jun Guo; Xing Zhang; Zhan Shi; Jie He; Run-Zhi Qi; Bao-Jin Hua,2026,Chinese medicine,10.1186/s13020-026-01391-3,42092980,,PMC13147628,https://pmc.ncbi.nlm.nih.gov/articles/PMC13147628/,https://pmc-oa-opendata.s3.amazonaws.com/PMC13147628.1/PMC13147628.1.pdf?md5=d5d955c6e9a7d7176f7d550996f96119,PMC13147628.pdf,2026-08-08,CC BY,https://creativecommons.org/licenses/by/4.0/,approved_open_access,included,"Bulk PMC Open Access Subset acquisition matching this corpus's scope vocabulary (NSCLC + PD-1/PD-L1 checkpoint-inhibitor terms), deterministic identity/license/full-text adjudication, and a documented rule-based title scope screen excluding wrong cancer types, preclinical/mechanism-only studies, off-topic diagnostic/surgical-technique papers, and single-patient case reports. Not yet individually reviewed for the golden evidence map.",,sha256:774c76fff03ae8d792d7c13426a793b9ce9b77ad4bba8059595f6f631d17fb96,paper,,,,,,"Acquired via bulk PMC OA ingestion pipeline (work/oncology/acquisition_receipt.json), not individually hand-curated. study_type/population/intervention/comparator left blank pending evidence-record-level review."
oncology-marlin-2026-high-prevalence-of-targetable,High prevalence of targetable drivers but poor outcomes in lung adenocarcinoma: a real-world cohort from the French West Indies.,Régine Marlin; Emeline Colomba; Sabrina Pennont; Adel Zouzou; Marlyne Moranton; Nassim Boukadoum; Heriniaina Randriamiarisoa; Jean-Marc Rakotonarivo; Stefanos Bougas; Karim Fard; Soizic Masson; Moustapha Dramé; Jacques Jougon; Mihaela Aldea; Moustapha Agossou,2026,Frontiers in oncology,10.3389/fonc.2026.1765967,42158415,,PMC13180580,https://pmc.ncbi.nlm.nih.gov/articles/PMC13180580/,https://pmc-oa-opendata.s3.amazonaws.com/PMC13180580.1/PMC13180580.1.pdf?md5=aa0f18aae6da31c4034f24e27d25445f,PMC13180580.pdf,2026-08-08,CC BY,https://creativecommons.org/licenses/by/4.0/,approved_open_access,included,"Bulk PMC Open Access Subset acquisition matching this corpus's scope vocabulary (NSCLC + PD-1/PD-L1 checkpoint-inhibitor terms), deterministic identity/license/full-text adjudication, and a documented rule-based title scope screen excluding wrong cancer types, preclinical/mechanism-only studies, off-topic diagnostic/surgical-technique papers, and single-patient case reports. Not yet individually reviewed for the golden evidence map.",,sha256:7164f960b502212fca2bb7e75da3ddda1c7c7cba053fbdcf639dee80714e123a,paper,,,,,,"Acquired via bulk PMC OA ingestion pipeline (work/oncology/acquisition_receipt.json), not individually hand-curated. study_type/population/intervention/comparator left blank pending evidence-record-level review."
oncology-diop-2026-metagenomics-and-culturomics-r,Metagenomics and culturomics reveal the dual role of the gut microbiome in the development of immune-related toxicities and the efficacy of immune checkpoint inhibitors in cancer.,Khoudia Diop; Myriam Benlaïfaoui; Sébastien Hunter; Eder Orlando Méndez-Salazar; Taiki Hakozaki; Corentin Richard; Diogjena Katerina Prifti; Sylva Kourtian; Francis Proulx-Rocray; Sabrine Naimi; Mayra Ponce; Meriem Messaoudene; Florent Cauchois; Wiam Belkaid; Veronique Bataille; Karla Lee; Catalin Mihalcioiu; Ian Robert Watson; Arielle Elkrief; Bertrand Routy,2026,Microbiome,10.1186/s40168-026-02419-4,42083059,,PMC13288583,https://pmc.ncbi.nlm.nih.gov/articles/PMC13288583/,https://pmc-oa-opendata.s3.amazonaws.com/PMC13288583.1/PMC13288583.1.pdf?md5=ad13c021f0c9e7bf51b1dbc93d5c98f5,PMC13288583.pdf,2026-08-08,CC BY,https://creativecommons.org/licenses/by/4.0/,approved_open_access,included,"Bulk PMC Open Access Subset acquisition matching this corpus's scope vocabulary (NSCLC + PD-1/PD-L1 checkpoint-inhibitor terms), deterministic identity/license/full-text adjudication, and a documented rule-based title scope screen excluding wrong cancer types, preclinical/mechanism-only studies, off-topic diagnostic/surgical-technique papers, and single-patient case reports. Not yet individually reviewed for the golden evidence map.",,sha256:a7833de12f7af85276ef570b0a7af2e9ade774656fcb85e638df8bdabe0c7fca,paper,,,,,,"Acquired via bulk PMC OA ingestion pipeline (work/oncology/acquisition_receipt.json), not individually hand-curated. study_type/population/intervention/comparator left blank pending evidence-record-level review."
oncology-song-2026-targeting-mettl8-tcf1-axis-pro,Targeting Mettl8-Tcf1 axis promotes CD8+ TPEX differentiation and antitumor immunity.,Jiaxi Song; Dan Cui; Jiabao Wang; Xuewei Qi; Jiaxin Ma; Qing Liu; Jing Yang; Haoyu Yu; Lilin Ye; Qizhao Huang; Jia Li; Fengyin Li,2026,The Journal of experimental medicine,10.1084/jem.20250424,41891923,,PMC13023788,https://pmc.ncbi.nlm.nih.gov/articles/PMC13023788/,https://pmc-oa-opendata.s3.amazonaws.com/PMC13023788.1/PMC13023788.1.pdf?md5=a5d282a2747fee57f8a48da20e8bb6e7,PMC13023788.pdf,2026-08-08,CC BY,https://creativecommons.org/licenses/by/4.0/,approved_open_access,included,"Bulk PMC Open Access Subset acquisition matching this corpus's scope vocabulary (NSCLC + PD-1/PD-L1 checkpoint-inhibitor terms), deterministic identity/license/full-text adjudication, and a documented rule-based title scope screen excluding wrong cancer types, preclinical/mechanism-only studies, off-topic diagnostic/surgical-technique papers, and single-patient case reports. Not yet individually reviewed for the golden evidence map.",,sha256:7c732b8b4c4f8022418fa9929a5aa02ef892be30187ba7ee8e2d89173a44ee01,paper,,,,,,"Acquired via bulk PMC OA ingestion pipeline (work/oncology/acquisition_receipt.json), not individually hand-curated. study_type/population/intervention/comparator left blank pending evidence-record-level review."
oncology-orowska-2026-vogt-koyanagi-harada-syndrome,"Vogt-Koyanagi-Harada Syndrome: Clinical Features, Immunogenetic Predisposition and PD-1 Inhibitor-Induced Forms-A Comprehensive Review.",Sara Małgorzata Orłowska; Łukasz Bednarczyk; Kamal Morshed; Mateusz Tyniec; Paweł Olczyk,2026,Journal of clinical medicine,10.3390/jcm15093490,42123224,,PMC13163757,https://pmc.ncbi.nlm.nih.gov/articles/PMC13163757/,https://pmc-oa-opendata.s3.amazonaws.com/PMC13163757.1/PMC13163757.1.pdf?md5=97a192ac1cec301dbf516414a7608427,PMC13163757.pdf,2026-08-08,CC BY,https://creativecommons.org/licenses/by/4.0/,approved_open_access,included,"Bulk PMC Open Access Subset acquisition matching this corpus's scope vocabulary (NSCLC + PD-1/PD-L1 checkpoint-inhibitor terms), deterministic identity/license/full-text adjudication, and a documented rule-based title scope screen excluding wrong cancer types, preclinical/mechanism-only studies, off-topic diagnostic/surgical-technique papers, and single-patient case reports. Not yet individually reviewed for the golden evidence map.",,sha256:305f6f2023f8d32fe6f6d7268397bb60abafeebd376e68976b625f313db921f2,paper,,,,,,"Acquired via bulk PMC OA ingestion pipeline (work/oncology/acquisition_receipt.json), not individually hand-curated. study_type/population/intervention/comparator left blank pending evidence-record-level review."
oncology-yamamoto-2026-interstitial-lung-disease-in-p,Interstitial Lung Disease in Patients With Unresectable Stage III NSCLC Treated With Chemoradiotherapy Followed by Durvalumab in Japan: Analysis From the Multicenter Prospective AYAME Study.,Nobuyuki Yamamoto; Hirotsugu Kenmotsu; Kiichiro Ninomiya; Burak Akdemir; Shinya Uematsu; Ayako Fukui; Ryo Koto; Masakazu Fujiwara; Chikako Iwao; Hiroshi Kitagawa; Ichiro Yoshino; Akihiko Gemma; Tetsuya Mitsudomi; Yoshinobu Saito,2026,Thoracic cancer,10.1111/1759-7714.70299,42152809,,PMC13184635,https://pmc.ncbi.nlm.nih.gov/articles/PMC13184635/,https://pmc-oa-opendata.s3.amazonaws.com/PMC13184635.1/PMC13184635.1.pdf?md5=e08b2c0f5625d63bdb49d21e23d7cea1,PMC13184635.pdf,2026-08-08,CC BY,https://creativecommons.org/licenses/by/4.0/,approved_open_access,included,"Bulk PMC Open Access Subset acquisition matching this corpus's scope vocabulary (NSCLC + PD-1/PD-L1 checkpoint-inhibitor terms), deterministic identity/license/full-text adjudication, and a documented rule-based title scope screen excluding wrong cancer types, preclinical/mechanism-only studies, off-topic diagnostic/surgical-technique papers, and single-patient case reports. Not yet individually reviewed for the golden evidence map.",,sha256:55aa5f4cd6e67a004389835a4db8853c6214335aee84109e923bab5b54d475fc,paper,,,,,,"Acquired via bulk PMC OA ingestion pipeline (work/oncology/acquisition_receipt.json), not individually hand-curated. study_type/population/intervention/comparator left blank pending evidence-record-level review."
oncology-jin-2026-prmt3-in-cancer-arginine-methy,"PRMT3 in cancer: arginine methylation as a driver of tumor metabolism, immune evasion, and therapeutic resistance.",Hui Jin; Hua Huang; Xin Pan,2026,Frontiers in immunology,10.3389/fimmu.2026.1828765,42148077,,PMC13176301,https://pmc.ncbi.nlm.nih.gov/articles/PMC13176301/,https://pmc-oa-opendata.s3.amazonaws.com/PMC13176301.1/PMC13176301.1.pdf?md5=16ecc064bb9f921c659e14780dc995fc,PMC13176301.pdf,2026-08-08,CC BY,https://creativecommons.org/licenses/by/4.0/,approved_open_access,included,"Bulk PMC Open Access Subset acquisition matching this corpus's scope vocabulary (NSCLC + PD-1/PD-L1 checkpoint-inhibitor terms), deterministic identity/license/full-text adjudication, and a documented rule-based title scope screen excluding wrong cancer types, preclinical/mechanism-only studies, off-topic diagnostic/surgical-technique papers, and single-patient case reports. Not yet individually reviewed for the golden evidence map.",,sha256:b9d802308d0dc2b3ead1d865d4cf5faf50bd5e79763163d63d708520be6f51f9,paper,,,,,,"Acquired via bulk PMC OA ingestion pipeline (work/oncology/acquisition_receipt.json), not individually hand-curated. study_type/population/intervention/comparator left blank pending evidence-record-level review."
oncology-lopez-janeiro-2026-conventional-type-1-dc-density,Conventional type-1 DC density is associated with checkpoint inhibitor response across multiple types of cancer.,Alvaro Lopez-Janeiro; José González-Gomariz; Fadi Issa; Joanna Hester; Angelo Porciuncula; Alvaro Teijeira; Carlos Luri-Rey; David Ruiz-Guillamon; Jose Luis Perez-Gracia; Elisabeth Perez-Ruiz; Isabel Barragan; Salvador Martín-Algarra; Miguel F Sanmamed; Ignacio Ortego; Maria E Rodriguez-Ruiz; Raluca Alexandru; Inmaculada Rodriguez; Saioa Arrieta-Aranzueque; David Rimm; Thazin Aung; Kurt A Schalper; Carlos E de Andrea; Ignacio Melero,2026,The Journal of clinical investigation,10.1172/JCI200987,42065248,,PMC13132367,https://pmc.ncbi.nlm.nih.gov/articles/PMC13132367/,https://pmc-oa-opendata.s3.amazonaws.com/PMC13132367.1/PMC13132367.1.pdf?md5=e7c049f56999413a737a47e14bb80179,PMC13132367.pdf,2026-08-08,CC BY,https://creativecommons.org/licenses/by/4.0/,approved_open_access,included,"Bulk PMC Open Access Subset acquisition matching this corpus's scope vocabulary (NSCLC + PD-1/PD-L1 checkpoint-inhibitor terms), deterministic identity/license/full-text adjudication, and a documented rule-based title scope screen excluding wrong cancer types, preclinical/mechanism-only studies, off-topic diagnostic/surgical-technique papers, and single-patient case reports. Not yet individually reviewed for the golden evidence map.",,sha256:aaaa4a92a4a49bc588a14d23e14e3ec0c0ed3ad3909c6fb19c845e99c59cf7a1,paper,,,,,,"Acquired via bulk PMC OA ingestion pipeline (work/oncology/acquisition_receipt.json), not individually hand-curated. study_type/population/intervention/comparator left blank pending evidence-record-level review."
oncology-park-2026-programmed-death-ligand-1-expr,Programmed Death-Ligand 1 Expression Predicts Poor Prognosis in Patients With Early-Stage Non-Small-Cell Lung Cancer Undergoing Stereotactic Body Radiotherapy.,Jongmoo Park; Ji Woon Yea; Jae Won Park; Yoon Young Jo; Se An Oh; Jaehyeon Park,2026,Thoracic cancer,10.1111/1759-7714.70296,42065218,,PMC13133705,https://pmc.ncbi.nlm.nih.gov/articles/PMC13133705/,https://pmc-oa-opendata.s3.amazonaws.com/PMC13133705.1/PMC13133705.1.pdf?md5=ca2a3ab4f27738ab05d7003c0da02a83,PMC13133705.pdf,2026-08-08,CC BY,https://creativecommons.org/licenses/by/4.0/,approved_open_access,included,"Bulk PMC Open Access Subset acquisition matching this corpus's scope vocabulary (NSCLC + PD-1/PD-L1 checkpoint-inhibitor terms), deterministic identity/license/full-text adjudication, and a documented rule-based title scope screen excluding wrong cancer types, preclinical/mechanism-only studies, off-topic diagnostic/surgical-technique papers, and single-patient case reports. Not yet individually reviewed for the golden evidence map.",,sha256:f6a9c870d28a2d60e59557ab1b3c2cab9d6a4913f9e634a13a14c93302302e84,paper,,,,,,"Acquired via bulk PMC OA ingestion pipeline (work/oncology/acquisition_receipt.json), not individually hand-curated. study_type/population/intervention/comparator left blank pending evidence-record-level review."
oncology-yang-2026-predictive-value-of-circulatin,Predictive Value of Circulating Tumor Cells in Neoadjuvant Chemoimmunotherapy for Non-Small Cell Lung Cancer.,Jianyi Yang; Ziwen Qin; Zhiwei Zhou; Jixian Liu; Lin Chen; Ziyan Mo; Mengying Liao; Dongliang Cui; Kaiqin Wu; Dongjiang Tang; Jinfeng Chen; Chao Chen,2026,Thoracic cancer,10.1111/1759-7714.70288,42047228,,PMC13122559,https://pmc.ncbi.nlm.nih.gov/articles/PMC13122559/,https://pmc-oa-opendata.s3.amazonaws.com/PMC13122559.1/PMC13122559.1.pdf?md5=d9ac12dc2a87bba6a0f68368d471dcad,PMC13122559.pdf,2026-08-08,CC BY,https://creativecommons.org/licenses/by/4.0/,approved_open_access,included,"Bulk PMC Open Access Subset acquisition matching this corpus's scope vocabulary (NSCLC + PD-1/PD-L1 checkpoint-inhibitor terms), deterministic identity/license/full-text adjudication, and a documented rule-based title scope screen excluding wrong cancer types, preclinical/mechanism-only studies, off-topic diagnostic/surgical-technique papers, and single-patient case reports. Not yet individually reviewed for the golden evidence map.",,sha256:303c85cbbbe4128872720cf30a438a71f05c26725492e21cc97e0037650483e3,paper,,,,,,"Acquired via bulk PMC OA ingestion pipeline (work/oncology/acquisition_receipt.json), not individually hand-curated. study_type/population/intervention/comparator left blank pending evidence-record-level review."
oncology-amato-2026-proof-of-concept-study-of-clin,Proof-of-concept study of clinical use of blood-based MAVS biosensor in predicting immunotherapy response in SCLC patients.,Luisa Amato; Ines Tavoletta; Caterina De Rosa; Mimimorena Seggio; Francesco Arcadio; Sara Capaldo; Faiz Ul Haq; Concetta Tuccillo; Carla Esposito; Gaetano di Guida; Francesca Iommelli; Viviana De Rosa; Alfonso Reginelli; Salvatore Cappabianca; Floriana Morgillo; Fortunato Ciardiello; Valerio Nardone; Nunzio Cennamo; Carminia Maria Della Corte; Luigi Zeni,2026,Translational oncology,10.1016/j.tranon.2026.102756,41936750,,PMC13090305,https://pmc.ncbi.nlm.nih.gov/articles/PMC13090305/,https://pmc-oa-opendata.s3.amazonaws.com/PMC13090305.1/PMC13090305.1.pdf?md5=e9eb79e62aa8cee92fe6924f73b102a3,PMC13090305.pdf,2026-08-08,CC BY,https://creativecommons.org/licenses/by/4.0/,approved_open_access,included,"Bulk PMC Open Access Subset acquisition matching this corpus's scope vocabulary (NSCLC + PD-1/PD-L1 checkpoint-inhibitor terms), deterministic identity/license/full-text adjudication, and a documented rule-based title scope screen excluding wrong cancer types, preclinical/mechanism-only studies, off-topic diagnostic/surgical-technique papers, and single-patient case reports. Not yet individually reviewed for the golden evidence map.",,sha256:e8f6f7078af84ad1394707216e582e392e03aa098bbbd010973f61e72391c3c1,paper,,,,,,"Acquired via bulk PMC OA ingestion pipeline (work/oncology/acquisition_receipt.json), not individually hand-curated. study_type/population/intervention/comparator left blank pending evidence-record-level review."
oncology-zhi-2026-cryoablation-activates-the-cga,Cryoablation Activates the cGAS-STING-CXCL10 Axis in Macrophages to Enhance Anti-Tumor Immunity in NSCLC.,Xinxin Zhi; Zhengcao Xing; Libo Luo; Jiale Wang; Xinyu Liu; Jia Yu; Jizhong Yin; Bin Chen; Yiwei Liu; Hui Sun; Guanghui Gao; Lei Wang; Xiaoxia Chen; Fei Li; Hu Ma; Lin Wang; Shuo Yang; Shengxiang Ren,2026,"Advanced science (Weinheim, Baden-Wurttemberg, Germany)",10.1002/advs.202521931,41818612,,PMC13205896,https://pmc.ncbi.nlm.nih.gov/articles/PMC13205896/,https://pmc-oa-opendata.s3.amazonaws.com/PMC13205896.1/PMC13205896.1.pdf?md5=c856a0c7f022c0704d1c9a1d608b2e95,PMC13205896.pdf,2026-08-08,CC BY,https://creativecommons.org/licenses/by/4.0/,approved_open_access,included,"Bulk PMC Open Access Subset acquisition matching this corpus's scope vocabulary (NSCLC + PD-1/PD-L1 checkpoint-inhibitor terms), deterministic identity/license/full-text adjudication, and a documented rule-based title scope screen excluding wrong cancer types, preclinical/mechanism-only studies, off-topic diagnostic/surgical-technique papers, and single-patient case reports. Not yet individually reviewed for the golden evidence map.",,sha256:b668acc96f7063c0d4fdf2cff33462d8c21608919ff4b3da52c169e315534eda,paper,,,,,,"Acquired via bulk PMC OA ingestion pipeline (work/oncology/acquisition_receipt.json), not individually hand-curated. study_type/population/intervention/comparator left blank pending evidence-record-level review."
oncology-wang-2026-pancancer-fine-mapping-of-muta,Pancancer Fine-Mapping of Mutational Intolerance Identifies CHEK1 as an Immunosuppressive Driver in Lung Adenocarcinoma.,Tao Wang; Hongyu Zhao; Xiaojie Sun; Yuqi Ding; Zhipeng Zhu; Xiaotong Yu; Rongyi Zhu; Dan Wang; Kailong Li; Yang Liu; Li-Bin Wang; Xiaolu Zhao; Baojun Suo; Hongsen Bi; Peipei Zhang; Tong Liu; Fengbiao Mao,2026,"Advanced science (Weinheim, Baden-Wurttemberg, Germany)",10.1002/advs.202521265,41722056,,PMC13137788,https://pmc.ncbi.nlm.nih.gov/articles/PMC13137788/,https://pmc-oa-opendata.s3.amazonaws.com/PMC13137788.1/PMC13137788.1.pdf?md5=4292a3608271a9b572c42abf0d861634,PMC13137788.pdf,2026-08-08,CC BY,https://creativecommons.org/licenses/by/4.0/,approved_open_access,included,"Bulk PMC Open Access Subset acquisition matching this corpus's scope vocabulary (NSCLC + PD-1/PD-L1 checkpoint-inhibitor terms), deterministic identity/license/full-text adjudication, and a documented rule-based title scope screen excluding wrong cancer types, preclinical/mechanism-only studies, off-topic diagnostic/surgical-technique papers, and single-patient case reports. Not yet individually reviewed for the golden evidence map.",,sha256:eb33d11cf905b69379b41dc78e37e65804190a5c487f077a51b3d7608285065c,paper,,,,,,"Acquired via bulk PMC OA ingestion pipeline (work/oncology/acquisition_receipt.json), not individually hand-curated. study_type/population/intervention/comparator left blank pending evidence-record-level review."
oncology-machado-2026-real-world-long-term-outcomes,Real-World Long-Term Outcomes of First-Line Pembrolizumab in Advanced PD-L1 ≥ 50% NSCLC: A Systematic Review and Meta-analysis.,Guilherme Franceschini Machado; Iago T C Grillo; Paula Duarte D'ambrosio; Victoria Trasatti Romao; Lorena Escalante Romero; Tulio Caldonazo; Felipe S Passos,2026,Annals of surgical oncology,10.1245/s10434-026-19138-7,41644920,,PMC13083314,https://pmc.ncbi.nlm.nih.gov/articles/PMC13083314/,https://pmc-oa-opendata.s3.amazonaws.com/PMC13083314.1/PMC13083314.1.pdf?md5=968521edd6c34e462250ce17fde35094,PMC13083314.pdf,2026-08-08,CC BY,https://creativecommons.org/licenses/by/4.0/,approved_open_access,included,"Bulk PMC Open Access Subset acquisition matching this corpus's scope vocabulary (NSCLC + PD-1/PD-L1 checkpoint-inhibitor terms), deterministic identity/license/full-text adjudication, and a documented rule-based title scope screen excluding wrong cancer types, preclinical/mechanism-only studies, off-topic diagnostic/surgical-technique papers, and single-patient case reports. Not yet individually reviewed for the golden evidence map.",,sha256:e9352e6040ce1c63d4c9094af64251397036583d4b215f19bd53f65e5384a6d9,paper,,,,,,"Acquired via bulk PMC OA ingestion pipeline (work/oncology/acquisition_receipt.json), not individually hand-curated. study_type/population/intervention/comparator left blank pending evidence-record-level review."
oncology-deo-2026-pd-1-blockade-induced-dkk1-exp,PD-1 Blockade-Induced DKK1 Expression by CD8+ T Cells Promotes Blood-Brain Barrier Permeabilization.,Abhilash Deo; Sapir Levin; Chen Buxbaum; Madeleine Benguigui; Bar Manobla; Galit Saar; Noam Bosak; Eyal Bergmann; Ayelet Eran; Anat Grinfeld; Michal Harel; Coren Lahav; Ziv Raviv; Sameh Daher; Alona Zer; Julia Helena Reuter; Claus Peter Heuβel; Petros Christopoulos; Keren Yizhak; Yuval Shaked,2026,Cancer discovery,10.1158/2159-8290.CD-25-1222,41525686,,PMC13133603,https://pmc.ncbi.nlm.nih.gov/articles/PMC13133603/,https://pmc-oa-opendata.s3.amazonaws.com/PMC13133603.1/PMC13133603.1.pdf?md5=3b23e58089f31f5ca82da98ea57ce290,PMC13133603.pdf,2026-08-08,CC BY,https://creativecommons.org/licenses/by/4.0/,approved_open_access,included,"Bulk PMC Open Access Subset acquisition matching this corpus's scope vocabulary (NSCLC + PD-1/PD-L1 checkpoint-inhibitor terms), deterministic identity/license/full-text adjudication, and a documented rule-based title scope screen excluding wrong cancer types, preclinical/mechanism-only studies, off-topic diagnostic/surgical-technique papers, and single-patient case reports. Not yet individually reviewed for the golden evidence map.",,sha256:8f31d592b7d8d7845cf66234c11cc7137ca97b2b70465c5efaf1127d91c81535,paper,,,,,,"Acquired via bulk PMC OA ingestion pipeline (work/oncology/acquisition_receipt.json), not individually hand-curated. study_type/population/intervention/comparator left blank pending evidence-record-level review."
oncology-wu-2026-five-year-outcomes-of-pembroli,Five-year outcomes of pembrolizumab versus chemotherapy in Chinese patients with non-small-cell lung cancer and programmed cell death ligand 1 tumor proportion score ≥1%: KEYNOTE-042 China study.,Yi-Long Wu; Li Zhang; Yun Fan; JianYing Zhou; Li Zhang; Qing Zhou; Wei Li; ChengPing Hu; GongYan Chen; Xin Zhang; CaiCun Zhou; Carmen González Arenas; Zhenghong Chen; Wen Cheng Yu; Tony S K Mok,2026,International journal of cancer,10.1002/ijc.70265,41474069,,PMC12963706,https://pmc.ncbi.nlm.nih.gov/articles/PMC12963706/,https://pmc-oa-opendata.s3.amazonaws.com/PMC12963706.1/PMC12963706.1.pdf?md5=b143d42ccad311116176f2af4739e2c3,PMC12963706.pdf,2026-08-08,CC BY,https://creativecommons.org/licenses/by/4.0/,approved_open_access,included,"Bulk PMC Open Access Subset acquisition matching this corpus's scope vocabulary (NSCLC + PD-1/PD-L1 checkpoint-inhibitor terms), deterministic identity/license/full-text adjudication, and a documented rule-based title scope screen excluding wrong cancer types, preclinical/mechanism-only studies, off-topic diagnostic/surgical-technique papers, and single-patient case reports. Not yet individually reviewed for the golden evidence map.",,sha256:41957004e05df6e77e5b86eeb358bdcde820435f32b8110d9987de111384f0df,paper,,,,,,"Acquired via bulk PMC OA ingestion pipeline (work/oncology/acquisition_receipt.json), not individually hand-curated. study_type/population/intervention/comparator left blank pending evidence-record-level review."
oncology-ding-2026-overcoming-acquired-met-driven,Overcoming Acquired MET-Driven Resistance to First-Line Lorlatinib: Successful Combination of Lorlatinib and Envafolimab in an ALK-Positive NSCLC Patient with Ultra-High PD-L1 Expression.,Lu Ding; Reyizha Nuersulitan; Jingjing Wang; Hanxiao Chen; Minglei Zhuo,2026,"Current oncology (Toronto, Ont.)",10.3390/curroncol33050258,42187575,,PMC13206712,https://pmc.ncbi.nlm.nih.gov/articles/PMC13206712/,https://pmc-oa-opendata.s3.amazonaws.com/PMC13206712.1/PMC13206712.1.pdf?md5=0ac69f54a7757a3e8956de56c73e814b,PMC13206712.pdf,2026-08-08,CC BY,https://creativecommons.org/licenses/by/4.0/,approved_open_access,included,"Bulk PMC Open Access Subset acquisition matching this corpus's scope vocabulary (NSCLC + PD-1/PD-L1 checkpoint-inhibitor terms), deterministic identity/license/full-text adjudication, and a documented rule-based title scope screen excluding wrong cancer types, preclinical/mechanism-only studies, off-topic diagnostic/surgical-technique papers, and single-patient case reports. Not yet individually reviewed for the golden evidence map.",,sha256:9a0bfdc1450cdf78568a63df9427049fd7b2b9cfc76dbff4975ab834be1761a2,paper,,,,,,"Acquired via bulk PMC OA ingestion pipeline (work/oncology/acquisition_receipt.json), not individually hand-curated. study_type/population/intervention/comparator left blank pending evidence-record-level review."
oncology-zhou-2026-current-and-future-immunothera,Current and future immunotherapies for NSCLC.,Chu-Yu Zhou; Yi-Fan Qi; Hong-Ji Li; Chao Zhang; Bai-Xin Lin; Jun-Tao Lin; Yi-Long Wu; Mei-Mei Zheng; Wen-Zhao Zhong,2026,Journal of hematology & oncology,10.1186/s13045-026-01791-w,42057114,,PMC13130492,https://pmc.ncbi.nlm.nih.gov/articles/PMC13130492/,https://pmc-oa-opendata.s3.amazonaws.com/PMC13130492.1/PMC13130492.1.pdf?md5=9a2b1df993c351aed0420add8e9c2818,PMC13130492.pdf,2026-08-08,CC BY,https://creativecommons.org/licenses/by/4.0/,approved_open_access,included,"Bulk PMC Open Access Subset acquisition matching this corpus's scope vocabulary (NSCLC + PD-1/PD-L1 checkpoint-inhibitor terms), deterministic identity/license/full-text adjudication, and a documented rule-based title scope screen excluding wrong cancer types, preclinical/mechanism-only studies, off-topic diagnostic/surgical-technique papers, and single-patient case reports. Not yet individually reviewed for the golden evidence map.",,sha256:3e2d0b9d93e184264851bffe1edd723bbc6b9fe74b1586ab5e22b0cd14113f86,paper,,,,,,"Acquired via bulk PMC OA ingestion pipeline (work/oncology/acquisition_receipt.json), not individually hand-curated. study_type/population/intervention/comparator left blank pending evidence-record-level review."
oncology-wang-2026-the-efficacy-and-safety-of-fou,The efficacy and safety of four different PD-1 checkpoint inhibitors in advanced non-small cell lung cancer: a real-world retrospective study.,Hanqi Wang; Zhiwei Xing; Xueru Ren; Rubing Bai; Yuxia Zou; Yuenan Wang; Huanhuan Zhang; Zhihong Zhang,2026,Frontiers in oncology,10.3389/fonc.2026.1833634,42130626,,PMC13160789,https://pmc.ncbi.nlm.nih.gov/articles/PMC13160789/,https://pmc-oa-opendata.s3.amazonaws.com/PMC13160789.1/PMC13160789.1.pdf?md5=54f1f579456401082fef630f92bce14c,PMC13160789.pdf,2026-08-08,CC BY,https://creativecommons.org/licenses/by/4.0/,approved_open_access,included,"Bulk PMC Open Access Subset acquisition matching this corpus's scope vocabulary (NSCLC + PD-1/PD-L1 checkpoint-inhibitor terms), deterministic identity/license/full-text adjudication, and a documented rule-based title scope screen excluding wrong cancer types, preclinical/mechanism-only studies, off-topic diagnostic/surgical-technique papers, and single-patient case reports. Not yet individually reviewed for the golden evidence map.",,sha256:aa8e0b0c27d44499eb4cb3bdaf41cf5bb3906914b6daf958af19919a052bcb37,paper,,,,,,"Acquired via bulk PMC OA ingestion pipeline (work/oncology/acquisition_receipt.json), not individually hand-curated. study_type/population/intervention/comparator left blank pending evidence-record-level review."
oncology-huangfu-2026-clinical-benefit-and-safety-of,Clinical benefit and safety of immunotherapy beyond progression in advanced and locally advanced lung cancer: a real-world cohort study.,Rui Huangfu; Hua Lan; Rongjie Li; Kun Hou; Yaodong Ping,2026,Frontiers in oncology,10.3389/fonc.2026.1796804,42130618,,PMC13160895,https://pmc.ncbi.nlm.nih.gov/articles/PMC13160895/,https://pmc-oa-opendata.s3.amazonaws.com/PMC13160895.1/PMC13160895.1.pdf?md5=0c411d95bd2d982d0f1b74f8ec983b28,PMC13160895.pdf,2026-08-08,CC BY,https://creativecommons.org/licenses/by/4.0/,approved_open_access,included,"Bulk PMC Open Access Subset acquisition matching this corpus's scope vocabulary (NSCLC + PD-1/PD-L1 checkpoint-inhibitor terms), deterministic identity/license/full-text adjudication, and a documented rule-based title scope screen excluding wrong cancer types, preclinical/mechanism-only studies, off-topic diagnostic/surgical-technique papers, and single-patient case reports. Not yet individually reviewed for the golden evidence map.",,sha256:532dc89aa5255cbadac6ce8a544383532ea8cfd9b5593e72a96d2c7713f8a770,paper,,,,,,"Acquired via bulk PMC OA ingestion pipeline (work/oncology/acquisition_receipt.json), not individually hand-curated. study_type/population/intervention/comparator left blank pending evidence-record-level review."
oncology-robay-2026-targeting-crtc2-reverses-stk11,Targeting CRTC2 reverses STK11 mutant NSCLC tumor resistance to immunotherapy.,Dimitri Robay; Ole Ackermann; Laurent Laborde; Xingyi Shi; Federico Oreglia; Ramona Stump; Sabina Ciaghi; Giorgio G Galli; Laura Holzer; Lorraine Villemin; Joel Wagner; Jincheng Wu; Lang Ho Lee; Claudia Bossen; Thanos P Mourikis; Millicent Gabriel; David Ruddy; Haiyan Yu; Cory Johannessen; Stephane Ferretti; Carlotta Costa,2026,Proceedings of the National Academy of Sciences of the United States of America,10.1073/pnas.2508762123,42018410,,PMC13123801,https://pmc.ncbi.nlm.nih.gov/articles/PMC13123801/,https://pmc-oa-opendata.s3.amazonaws.com/PMC13123801.1/PMC13123801.1.pdf?md5=f5b69b3d31ffe45f13643cc12bcd5af8,PMC13123801.pdf,2026-08-08,CC BY,https://creativecommons.org/licenses/by/4.0/,approved_open_access,included,"Bulk PMC Open Access Subset acquisition matching this corpus's scope vocabulary (NSCLC + PD-1/PD-L1 checkpoint-inhibitor terms), deterministic identity/license/full-text adjudication, and a documented rule-based title scope screen excluding wrong cancer types, preclinical/mechanism-only studies, off-topic diagnostic/surgical-technique papers, and single-patient case reports. Not yet individually reviewed for the golden evidence map.",,sha256:c055e40951c37fc8c324d7c882ee05dafecbc1b504811668ef5d160e00074b1d,paper,,,,,,"Acquired via bulk PMC OA ingestion pipeline (work/oncology/acquisition_receipt.json), not individually hand-curated. study_type/population/intervention/comparator left blank pending evidence-record-level review."
oncology-corte-2026-the-evolving-landscape-of-firs,"The evolving landscape of first-line and subsequent therapies in EGFR-mutated NSCLC: efficacy, resistance, and tolerability.",Carminia Maria Della Corte; Caterina De Rosa; Faiz Ul Haq; Floriana Morgillo,2026,Exploration of targeted anti-tumor therapy,10.37349/etat.2026.1002370,42079860,,PMC13129538,https://pmc.ncbi.nlm.nih.gov/articles/PMC13129538/,https://pmc-oa-opendata.s3.amazonaws.com/PMC13129538.1/PMC13129538.1.pdf?md5=79a53bd8df9cec0fe496340ff29b7eda,PMC13129538.pdf,2026-08-08,CC BY,https://creativecommons.org/licenses/by/4.0/,approved_open_access,included,"Bulk PMC Open Access Subset acquisition matching this corpus's scope vocabulary (NSCLC + PD-1/PD-L1 checkpoint-inhibitor terms), deterministic identity/license/full-text adjudication, and a documented rule-based title scope screen excluding wrong cancer types, preclinical/mechanism-only studies, off-topic diagnostic/surgical-technique papers, and single-patient case reports. Not yet individually reviewed for the golden evidence map.",,sha256:655a3e955d8f2d0288349b5778e6d719626478f8e808f5a5310c42401ec45f2a,paper,,,,,,"Acquired via bulk PMC OA ingestion pipeline (work/oncology/acquisition_receipt.json), not individually hand-curated. study_type/population/intervention/comparator left blank pending evidence-record-level review."
oncology-zhang-2026-the-dual-role-of-baseline-abso,The dual role of baseline absolute eosinophil count in non-small cell lung cancer immunotherapy: a biomarker for enhanced efficacy and elevated risk of immune checkpoint inhibitor-related pneumonitis.,Mengying Zhang; Ting Jiao; Yuwan Ma; Shuanying Yang,2026,BMC cancer,10.1186/s12885-026-16104-0,42046015,,PMC13251072,https://pmc.ncbi.nlm.nih.gov/articles/PMC13251072/,https://pmc-oa-opendata.s3.amazonaws.com/PMC13251072.1/PMC13251072.1.pdf?md5=c6592e254254f97acf0043ecc84bd5a9,PMC13251072.pdf,2026-08-08,CC BY,https://creativecommons.org/licenses/by/4.0/,approved_open_access,included,"Bulk PMC Open Access Subset acquisition matching this corpus's scope vocabulary (NSCLC + PD-1/PD-L1 checkpoint-inhibitor terms), deterministic identity/license/full-text adjudication, and a documented rule-based title scope screen excluding wrong cancer types, preclinical/mechanism-only studies, off-topic diagnostic/surgical-technique papers, and single-patient case reports. Not yet individually reviewed for the golden evidence map.",,sha256:ff32430cacd62ac6276d92b6a63f106ebc1880cddcda10508fa45cfa86326a16,paper,,,,,,"Acquired via bulk PMC OA ingestion pipeline (work/oncology/acquisition_receipt.json), not individually hand-curated. study_type/population/intervention/comparator left blank pending evidence-record-level review."
oncology-alasmar-2026-central-diabetes-insipidus-fol,Central Diabetes Insipidus Following Steroid Replacement for Hypoadrenalism in Pembrolizumab-Induced Hypophysitis.,Abdalrahman Alasmar; Su Su San; Thu Ta; Sunithi Elizabeth Mani,2026,Cureus,10.7759/cureus.107752,42205670,,PMC13211477,https://pmc.ncbi.nlm.nih.gov/articles/PMC13211477/,https://pmc-oa-opendata.s3.amazonaws.com/PMC13211477.1/PMC13211477.1.pdf?md5=7183001fae249fdd483228a8e3108d34,PMC13211477.pdf,2026-08-08,CC BY,https://creativecommons.org/licenses/by/4.0/,approved_open_access,included,"Bulk PMC Open Access Subset acquisition matching this corpus's scope vocabulary (NSCLC + PD-1/PD-L1 checkpoint-inhibitor terms), deterministic identity/license/full-text adjudication, and a documented rule-based title scope screen excluding wrong cancer types, preclinical/mechanism-only studies, off-topic diagnostic/surgical-technique papers, and single-patient case reports. Not yet individually reviewed for the golden evidence map.",,sha256:0fac3a047c57c447768a790bcaf8504e47464aa9178ff3b7c75f8c0fd06807a8,paper,,,,,,"Acquired via bulk PMC OA ingestion pipeline (work/oncology/acquisition_receipt.json), not individually hand-curated. study_type/population/intervention/comparator left blank pending evidence-record-level review."
oncology-quartagno-2026-how-to-design-a-roci-response,How to design a ROCI (Response Over Continuous Intervention) randomised trial: guidance and a case study.,Matteo Quartagno; Ehsan Ghorani; Tim P Morris; Henry Bern; Michelle N Clements; A Sarah Walker; James R Carpenter; Ian W White; Koen B Pouwels; Michael J Seckl; Mahesh Kb Parmar,2026,BMC medical research methodology,10.1186/s12874-026-02786-4,42050422,,PMC13270560,https://pmc.ncbi.nlm.nih.gov/articles/PMC13270560/,https://pmc-oa-opendata.s3.amazonaws.com/PMC13270560.1/PMC13270560.1.pdf?md5=1672a56c365ede570caca15b7f4cf0a4,PMC13270560.pdf,2026-08-08,CC BY,https://creativecommons.org/licenses/by/4.0/,approved_open_access,included,"Bulk PMC Open Access Subset acquisition matching this corpus's scope vocabulary (NSCLC + PD-1/PD-L1 checkpoint-inhibitor terms), deterministic identity/license/full-text adjudication, and a documented rule-based title scope screen excluding wrong cancer types, preclinical/mechanism-only studies, off-topic diagnostic/surgical-technique papers, and single-patient case reports. Not yet individually reviewed for the golden evidence map.",,sha256:2d47323e42d39fc209f40ce057e6460e332cbac61c6e9150e23dbeca540fc232,paper,,,,,,"Acquired via bulk PMC OA ingestion pipeline (work/oncology/acquisition_receipt.json), not individually hand-curated. study_type/population/intervention/comparator left blank pending evidence-record-level review."
oncology-yamaguchi-2026-five-year-prognostic-impact-of,Five-year prognostic impact of pre-existing interstitial lung disease in non-small cell lung cancer patients treated with anti-PD-1 monotherapy: a retrospective analysis.,Teppei Yamaguchi; Junichi Shimizu; Reiko Matsuzawa; Kazuhiro Shimomura; Naohiro Watanabe; Yoshitsugu Horio; Yutaka Fujiwara,2026,BMC cancer,10.1186/s12885-026-15989-1,42035031,,PMC13251138,https://pmc.ncbi.nlm.nih.gov/articles/PMC13251138/,https://pmc-oa-opendata.s3.amazonaws.com/PMC13251138.1/PMC13251138.1.pdf?md5=a0b143b83f582b1bec6606641c0b3c30,PMC13251138.pdf,2026-08-08,CC BY,https://creativecommons.org/licenses/by/4.0/,approved_open_access,included,"Bulk PMC Open Access Subset acquisition matching this corpus's scope vocabulary (NSCLC + PD-1/PD-L1 checkpoint-inhibitor terms), deterministic identity/license/full-text adjudication, and a documented rule-based title scope screen excluding wrong cancer types, preclinical/mechanism-only studies, off-topic diagnostic/surgical-technique papers, and single-patient case reports. Not yet individually reviewed for the golden evidence map.",,sha256:b5d4348b534e031e39771d35873f657c74e1fa2d22f0b22bcbfaf31c31522480,paper,,,,,,"Acquired via bulk PMC OA ingestion pipeline (work/oncology/acquisition_receipt.json), not individually hand-curated. study_type/population/intervention/comparator left blank pending evidence-record-level review."
oncology-oksak-2026-nivolumab-enhances-the-cytotox,Nivolumab Enhances the Cytotoxicity of Chemotherapeutic Agents in A549 Lung Adenocarcinoma Cell Lines.,Nilgün Okşak; Oğur Karhan,2026,Current issues in molecular biology,10.3390/cimb48050443,42193048,,PMC13204535,https://pmc.ncbi.nlm.nih.gov/articles/PMC13204535/,https://pmc-oa-opendata.s3.amazonaws.com/PMC13204535.1/PMC13204535.1.pdf?md5=450728ad8f855b9cfe02b380ba12a47c,PMC13204535.pdf,2026-08-08,CC BY,https://creativecommons.org/licenses/by/4.0/,approved_open_access,included,"Bulk PMC Open Access Subset acquisition matching this corpus's scope vocabulary (NSCLC + PD-1/PD-L1 checkpoint-inhibitor terms), deterministic identity/license/full-text adjudication, and a documented rule-based title scope screen excluding wrong cancer types, preclinical/mechanism-only studies, off-topic diagnostic/surgical-technique papers, and single-patient case reports. Not yet individually reviewed for the golden evidence map.",,sha256:273e58203bbd432f4d112d07dfb48b8fbb0b17f5c51d6d856783f6bd821ebd33,paper,,,,,,"Acquired via bulk PMC OA ingestion pipeline (work/oncology/acquisition_receipt.json), not individually hand-curated. study_type/population/intervention/comparator left blank pending evidence-record-level review."
oncology-rhee-2026-patterns-of-failure-in-synchro,Patterns of Failure in Synchronous Metastatic Non-Small Cell Lung Cancer Without Driver Alterations According to Metastatic Burden.,Woo Joong Rhee; Sangjoon Park; Jee Suk Chang; Hong In Yoon; Jaeho Cho; Kyung Hwan Kim,2026,Cancers,10.3390/cancers18091363,42122159,,PMC13162817,https://pmc.ncbi.nlm.nih.gov/articles/PMC13162817/,https://pmc-oa-opendata.s3.amazonaws.com/PMC13162817.1/PMC13162817.1.pdf?md5=1804077fed92f835566e7639bc3aa355,PMC13162817.pdf,2026-08-08,CC BY,https://creativecommons.org/licenses/by/4.0/,approved_open_access,included,"Bulk PMC Open Access Subset acquisition matching this corpus's scope vocabulary (NSCLC + PD-1/PD-L1 checkpoint-inhibitor terms), deterministic identity/license/full-text adjudication, and a documented rule-based title scope screen excluding wrong cancer types, preclinical/mechanism-only studies, off-topic diagnostic/surgical-technique papers, and single-patient case reports. Not yet individually reviewed for the golden evidence map.",,sha256:1ac5093f61992917aee6ffda5fafc5172cfda5ea6deb91bb46bbe67f740a451e,paper,,,,,,"Acquired via bulk PMC OA ingestion pipeline (work/oncology/acquisition_receipt.json), not individually hand-curated. study_type/population/intervention/comparator left blank pending evidence-record-level review."
oncology-li-2026-development-of-a-lipoprotein-a,Development of a lipoprotein(a)-based model for predicting progression-free survival and grade3/4 adverse events in driver gene negative metastatic lung adenocarcinoma patients with PD-L1 TPS <50.,Sicong Li; Yiyuan Cui; Yijing Yan; Hao Li; Yue Jin; Yufan Chen; Jingjie Yu; Li Feng,2026,Frontiers in immunology,10.3389/fimmu.2026.1808231,42112376,,PMC13153042,https://pmc.ncbi.nlm.nih.gov/articles/PMC13153042/,https://pmc-oa-opendata.s3.amazonaws.com/PMC13153042.1/PMC13153042.1.pdf?md5=d7d60d0156a04aec329060acb05bfda2,PMC13153042.pdf,2026-08-08,CC BY,https://creativecommons.org/licenses/by/4.0/,approved_open_access,included,"Bulk PMC Open Access Subset acquisition matching this corpus's scope vocabulary (NSCLC + PD-1/PD-L1 checkpoint-inhibitor terms), deterministic identity/license/full-text adjudication, and a documented rule-based title scope screen excluding wrong cancer types, preclinical/mechanism-only studies, off-topic diagnostic/surgical-technique papers, and single-patient case reports. Not yet individually reviewed for the golden evidence map.",,sha256:39412a3f6bff68e46650d20a5ebf83dcb8c677c68a91ba5c854124bb1a42ac7c,paper,,,,,,"Acquired via bulk PMC OA ingestion pipeline (work/oncology/acquisition_receipt.json), not individually hand-curated. study_type/population/intervention/comparator left blank pending evidence-record-level review."
oncology-sood-2026-etiologies-and-outcomes-of-acu,Etiologies and Outcomes of Acute Respiratory Failure in Patients Treated with Immune Checkpoint Inhibitors.,Rupali Sood; Kevin J Psoter; Aliyah Pabani; Cheng Ting Lin; Mohammed Ghanbar; David N Hager; Sonye Danoff; Karthik Suresh; Chad H Hochberg,2026,Research square,10.21203/rs.3.rs-9096889/v1,42078869,,PMC13131887,https://pmc.ncbi.nlm.nih.gov/articles/PMC13131887/,https://pmc-oa-opendata.s3.amazonaws.com/PMC13131887.1/PMC13131887.1.pdf?md5=4ba917bbb8db769cc53821f4e973a91f,PMC13131887.pdf,2026-08-08,CC BY,https://creativecommons.org/licenses/by/4.0/,approved_open_access,included,"Bulk PMC Open Access Subset acquisition matching this corpus's scope vocabulary (NSCLC + PD-1/PD-L1 checkpoint-inhibitor terms), deterministic identity/license/full-text adjudication, and a documented rule-based title scope screen excluding wrong cancer types, preclinical/mechanism-only studies, off-topic diagnostic/surgical-technique papers, and single-patient case reports. Not yet individually reviewed for the golden evidence map.",,sha256:156c112b9b51ddae1ac8b9b7e48ca40e3eb9f47216de87a25ad5b936d6a509fd,paper,,,,,,"Acquired via bulk PMC OA ingestion pipeline (work/oncology/acquisition_receipt.json), not individually hand-curated. study_type/population/intervention/comparator left blank pending evidence-record-level review."
oncology-zhou-2026-integrative-transcriptomic-ana,Integrative Transcriptomic Analysis Identifies COL3A1 as a Potential Tumor-Intrinsic Therapeutic Target in NSCLC.,Kaicheng Zhou; Yanyang Nan; Mengyang Li; Dongyue Hou; Caili Xu; Haiyan Yu; Jun Feng; Dianwen Ju; Ziyu Wang,2026,Biomedicines,10.3390/biomedicines14050975,42193303,,PMC13203928,https://pmc.ncbi.nlm.nih.gov/articles/PMC13203928/,https://pmc-oa-opendata.s3.amazonaws.com/PMC13203928.1/PMC13203928.1.pdf?md5=d69e5fae5989cc189418fc63820fb9b2,PMC13203928.pdf,2026-08-08,CC BY,https://creativecommons.org/licenses/by/4.0/,approved_open_access,included,"Bulk PMC Open Access Subset acquisition matching this corpus's scope vocabulary (NSCLC + PD-1/PD-L1 checkpoint-inhibitor terms), deterministic identity/license/full-text adjudication, and a documented rule-based title scope screen excluding wrong cancer types, preclinical/mechanism-only studies, off-topic diagnostic/surgical-technique papers, and single-patient case reports. Not yet individually reviewed for the golden evidence map.",,sha256:1d6701c52f206a9ecb8d9e5c5932d78051b50d57a8cdd2543db0a35e8cde72da,paper,,,,,,"Acquired via bulk PMC OA ingestion pipeline (work/oncology/acquisition_receipt.json), not individually hand-curated. study_type/population/intervention/comparator left blank pending evidence-record-level review."
oncology-wen-2026-surfactant-protein-b-precursor,Surfactant Protein B Precursor Inhibit the Progression of Resectable Non-small Cell Lung Cancer by Suppressing eIF4F-mediated Immune Evasion and Cancer Stemness.,Yongheng Wen; Hao Luo; Xintong Ji; Yushu Zheng; Liang Zhang; Dan Jian; Jing Chen; Hong Zhang; Nan-Nan Zhao; Hua Jin; Cheng-Xiong Xu; Ren-Tao Wang,2026,International journal of biological sciences,10.7150/ijbs.134006,42157944,,PMC13182239,https://pmc.ncbi.nlm.nih.gov/articles/PMC13182239/,https://pmc-oa-opendata.s3.amazonaws.com/PMC13182239.1/PMC13182239.1.pdf?md5=718045503c8e7f9ce48ea9780571f6a7,PMC13182239.pdf,2026-08-08,CC BY,https://creativecommons.org/licenses/by/4.0/,approved_open_access,included,"Bulk PMC Open Access Subset acquisition matching this corpus's scope vocabulary (NSCLC + PD-1/PD-L1 checkpoint-inhibitor terms), deterministic identity/license/full-text adjudication, and a documented rule-based title scope screen excluding wrong cancer types, preclinical/mechanism-only studies, off-topic diagnostic/surgical-technique papers, and single-patient case reports. Not yet individually reviewed for the golden evidence map.",,sha256:c78f67232c8c7ceec1f50f07a5246c4da3fca07d23db8b5895d3d2b3dfa8beb2,paper,,,,,,"Acquired via bulk PMC OA ingestion pipeline (work/oncology/acquisition_receipt.json), not individually hand-curated. study_type/population/intervention/comparator left blank pending evidence-record-level review."
oncology-kulkarni-2026-stk11-as-an-emerging-biomarker,STK11 as an Emerging Biomarker in Non-Small Cell Lung Cancer.,Amit A Kulkarni; Adam Rock; Matthew Lee; Amanda Reyes; Manish R Patel; Robert A Kratzke; Ravi Salgia,2026,"Current oncology (Toronto, Ont.)",10.3390/curroncol33050241,42187558,,PMC13206140,https://pmc.ncbi.nlm.nih.gov/articles/PMC13206140/,https://pmc-oa-opendata.s3.amazonaws.com/PMC13206140.1/PMC13206140.1.pdf?md5=5820e378daf37d15c47beda81f367ab3,PMC13206140.pdf,2026-08-08,CC BY,https://creativecommons.org/licenses/by/4.0/,approved_open_access,included,"Bulk PMC Open Access Subset acquisition matching this corpus's scope vocabulary (NSCLC + PD-1/PD-L1 checkpoint-inhibitor terms), deterministic identity/license/full-text adjudication, and a documented rule-based title scope screen excluding wrong cancer types, preclinical/mechanism-only studies, off-topic diagnostic/surgical-technique papers, and single-patient case reports. Not yet individually reviewed for the golden evidence map.",,sha256:376d9aa8d34acf586883b66f3ba70c145d2f56e1ce640b567c57dc1a7b28a0d1,paper,,,,,,"Acquired via bulk PMC OA ingestion pipeline (work/oncology/acquisition_receipt.json), not individually hand-curated. study_type/population/intervention/comparator left blank pending evidence-record-level review."
oncology-aseyev-2026-immune-checkpoint-inhibitor-in,Immune Checkpoint Inhibitor-Induced Pneumonitis in Non-Small Cell Lung Cancer: A Narrative Review of Incidence and Clinical Risk Factors.,Olexiy Aseyev; Liliia Zrielykh; Minghan Shi; Katherine Filipovic; Claire Seymour; Rabail Siddiqui; Birubi Biman,2026,"Current oncology (Toronto, Ont.)",10.3390/curroncol33050240,42187557,,PMC13204745,https://pmc.ncbi.nlm.nih.gov/articles/PMC13204745/,https://pmc-oa-opendata.s3.amazonaws.com/PMC13204745.1/PMC13204745.1.pdf?md5=9b4bd94c13a14ba3c276a4f218f40220,PMC13204745.pdf,2026-08-08,CC BY,https://creativecommons.org/licenses/by/4.0/,approved_open_access,included,"Bulk PMC Open Access Subset acquisition matching this corpus's scope vocabulary (NSCLC + PD-1/PD-L1 checkpoint-inhibitor terms), deterministic identity/license/full-text adjudication, and a documented rule-based title scope screen excluding wrong cancer types, preclinical/mechanism-only studies, off-topic diagnostic/surgical-technique papers, and single-patient case reports. Not yet individually reviewed for the golden evidence map.",,sha256:24929f90d35858f6dce90adaf49b9a678fc169a497020a5233fd088d619fd56d,paper,,,,,,"Acquired via bulk PMC OA ingestion pipeline (work/oncology/acquisition_receipt.json), not individually hand-curated. study_type/population/intervention/comparator left blank pending evidence-record-level review."
oncology-petrella-2026-the-role-of-immunotherapy-in-r,The Role of Immunotherapy in Resectable Non-Small Cell Lung Cancer.,Francesco Petrella; Andrea Cara; Enrico Mario Cassina; Lidia Libretti; Emanuele Pirondini; Federico Raveglia; Maria Chiara Sibilia; Antonio Tuoro,2026,Oncology research,10.32604/or.2026.076281,42065071,,PMC13126603,https://pmc.ncbi.nlm.nih.gov/articles/PMC13126603/,https://pmc-oa-opendata.s3.amazonaws.com/PMC13126603.1/PMC13126603.1.pdf?md5=f25bd37a983a75e7f916bd678aad3241,PMC13126603.pdf,2026-08-08,CC BY,https://creativecommons.org/licenses/by/4.0/,approved_open_access,included,"Bulk PMC Open Access Subset acquisition matching this corpus's scope vocabulary (NSCLC + PD-1/PD-L1 checkpoint-inhibitor terms), deterministic identity/license/full-text adjudication, and a documented rule-based title scope screen excluding wrong cancer types, preclinical/mechanism-only studies, off-topic diagnostic/surgical-technique papers, and single-patient case reports. Not yet individually reviewed for the golden evidence map.",,sha256:ce1a7ecfb2af2a7778cf82444a19074bd93c02c38075c7769f9827fa34072102,paper,,,,,,"Acquired via bulk PMC OA ingestion pipeline (work/oncology/acquisition_receipt.json), not individually hand-curated. study_type/population/intervention/comparator left blank pending evidence-record-level review."
oncology-ge-2026-ksr2-functions-as-a-metabolic,KSR2 functions as a metabolic checkpoint for anti-PD-1 resistance by reprogramming glucose metabolism.,Yuli Ge; Qiong Zhou; Qiangqiang Zhang; Yanyan Hu; Rui Wang,2026,"Cancer immunology, immunotherapy : CII",10.1007/s00262-026-04394-z,42012646,,PMC13100183,https://pmc.ncbi.nlm.nih.gov/articles/PMC13100183/,https://pmc-oa-opendata.s3.amazonaws.com/PMC13100183.1/PMC13100183.1.pdf?md5=0cc693d643b3e1c04f1310e64d0e0441,PMC13100183.pdf,2026-08-08,CC BY,https://creativecommons.org/licenses/by/4.0/,approved_open_access,included,"Bulk PMC Open Access Subset acquisition matching this corpus's scope vocabulary (NSCLC + PD-1/PD-L1 checkpoint-inhibitor terms), deterministic identity/license/full-text adjudication, and a documented rule-based title scope screen excluding wrong cancer types, preclinical/mechanism-only studies, off-topic diagnostic/surgical-technique papers, and single-patient case reports. Not yet individually reviewed for the golden evidence map.",,sha256:c231e51fd4d7d534ac80d30fa6b7ed611744cf200e797198eb38cbd4d6853eeb,paper,,,,,,"Acquired via bulk PMC OA ingestion pipeline (work/oncology/acquisition_receipt.json), not individually hand-curated. study_type/population/intervention/comparator left blank pending evidence-record-level review."
oncology-li-2026-the-application-and-challenges,The application and challenges of immune checkpoint inhibitors in lung cancer therapy.,Bingbing Li; Yuning Ren; Xiaoling Zhang,2026,Frontiers in immunology,10.3389/fimmu.2026.1811169,42088497,,PMC13136164,https://pmc.ncbi.nlm.nih.gov/articles/PMC13136164/,https://pmc-oa-opendata.s3.amazonaws.com/PMC13136164.1/PMC13136164.1.pdf?md5=5d8464668d5f676279fa58d4d23cf7b4,PMC13136164.pdf,2026-08-08,CC BY,https://creativecommons.org/licenses/by/4.0/,approved_open_access,included,"Bulk PMC Open Access Subset acquisition matching this corpus's scope vocabulary (NSCLC + PD-1/PD-L1 checkpoint-inhibitor terms), deterministic identity/license/full-text adjudication, and a documented rule-based title scope screen excluding wrong cancer types, preclinical/mechanism-only studies, off-topic diagnostic/surgical-technique papers, and single-patient case reports. Not yet individually reviewed for the golden evidence map.",,sha256:a81c9b1e75630e65839dc6a315cf9d9d66a5375d75bfd8fedb2486c78ec96449,paper,,,,,,"Acquired via bulk PMC OA ingestion pipeline (work/oncology/acquisition_receipt.json), not individually hand-curated. study_type/population/intervention/comparator left blank pending evidence-record-level review."
oncology-shafie-2026-fdg-pet-ct-based-small-volume,"FDG-PET/CT based small volume accelerated immuno chemoradiotherapy in locally advanced NSCLC (PACCELIO) - a randomized, open-label, multicenter phase II trial protocol.",Rami El Shafie; Jonas Willmann; Eleni Gkika; Tanja Schimek-Jasch; Matthias Miederer; Farastuk Bozorgmehr; Frank Griesinger; Farkhad Manapov; Petros Christopoulos; Thomas Hehr; Markus Hecht; Rebecca Bütof; Martin Stuschke; Matthias Guckenberger; Gerald Schmid-Bindert; Jan Meiners; Sascha Herzer; Sonja Hartmann; Joana Lamché; Stefan Rieken; Ursula Nestle,2026,BMC cancer,10.1186/s12885-026-15901-x,41992146,,PMC13088629,https://pmc.ncbi.nlm.nih.gov/articles/PMC13088629/,https://pmc-oa-opendata.s3.amazonaws.com/PMC13088629.1/PMC13088629.1.pdf?md5=7f4f62f363dab7be26cd15c189f7b4b5,PMC13088629.pdf,2026-08-08,CC BY,https://creativecommons.org/licenses/by/4.0/,approved_open_access,included,"Bulk PMC Open Access Subset acquisition matching this corpus's scope vocabulary (NSCLC + PD-1/PD-L1 checkpoint-inhibitor terms), deterministic identity/license/full-text adjudication, and a documented rule-based title scope screen excluding wrong cancer types, preclinical/mechanism-only studies, off-topic diagnostic/surgical-technique papers, and single-patient case reports. Not yet individually reviewed for the golden evidence map.",,sha256:ac98f54c52c7ba5946e6de813be9a1d862a2f54d8a2e1b2ec9afc02a985e5423,paper,,,,,,"Acquired via bulk PMC OA ingestion pipeline (work/oncology/acquisition_receipt.json), not individually hand-curated. study_type/population/intervention/comparator left blank pending evidence-record-level review."
oncology-li-2026-ccl5-orchestrates-paradoxical,CCL5 Orchestrates Paradoxical Immune Landscapes in NSCLC: Simultaneous Recruitment of Effector and Suppressor Cells Shapes Immunotherapy Resistance.,Shuzhan Li; Jiali Zhang; Yang Wang; Zhenzhen Hui; Xinwei Zhang; Li Zhou; Xiubao Ren,2026,Cancers,10.3390/cancers18081271,42073595,,PMC13114919,https://pmc.ncbi.nlm.nih.gov/articles/PMC13114919/,https://pmc-oa-opendata.s3.amazonaws.com/PMC13114919.1/PMC13114919.1.pdf?md5=679ffdc8dc33444c5587a5e368f39e25,PMC13114919.pdf,2026-08-08,CC BY,https://creativecommons.org/licenses/by/4.0/,approved_open_access,included,"Bulk PMC Open Access Subset acquisition matching this corpus's scope vocabulary (NSCLC + PD-1/PD-L1 checkpoint-inhibitor terms), deterministic identity/license/full-text adjudication, and a documented rule-based title scope screen excluding wrong cancer types, preclinical/mechanism-only studies, off-topic diagnostic/surgical-technique papers, and single-patient case reports. Not yet individually reviewed for the golden evidence map.",,sha256:84ff4342b05757fa98359a36070528e684e7fd43516e1316ba189bb98bea3756,paper,,,,,,"Acquired via bulk PMC OA ingestion pipeline (work/oncology/acquisition_receipt.json), not individually hand-curated. study_type/population/intervention/comparator left blank pending evidence-record-level review."
oncology-kawczak-2026-therapeutic-targeting-of-vegfr,"Therapeutic Targeting of VEGFR-2, PD-L1, and EGFR-MET Pathways in Non-Small Cell Lung Cancer: Clinical Progress with Ramucirumab, Atezolizumab, and Amivantamab.",Piotr Kawczak; Tomasz Bączek,2026,Journal of clinical medicine,10.3390/jcm15083024,42074824,,PMC13116606,https://pmc.ncbi.nlm.nih.gov/articles/PMC13116606/,https://pmc-oa-opendata.s3.amazonaws.com/PMC13116606.1/PMC13116606.1.pdf?md5=f7ce1de7ae8c3f38e368e5e155921dac,PMC13116606.pdf,2026-08-08,CC BY,https://creativecommons.org/licenses/by/4.0/,approved_open_access,included,"Bulk PMC Open Access Subset acquisition matching this corpus's scope vocabulary (NSCLC + PD-1/PD-L1 checkpoint-inhibitor terms), deterministic identity/license/full-text adjudication, and a documented rule-based title scope screen excluding wrong cancer types, preclinical/mechanism-only studies, off-topic diagnostic/surgical-technique papers, and single-patient case reports. Not yet individually reviewed for the golden evidence map.",,sha256:126e8efd6a8942e46a934f3f7450e924224d72c778cff6699829b79dcd8b9b2f,paper,,,,,,"Acquired via bulk PMC OA ingestion pipeline (work/oncology/acquisition_receipt.json), not individually hand-curated. study_type/population/intervention/comparator left blank pending evidence-record-level review."
oncology-saxena-2026-non-resolving-pulmonary-consol,Non-resolving Pulmonary Consolidation Mimicking Tuberculosis: A Diagnostic Pitfall Revealing Lung Adenocarcinoma.,Vedant Saxena; Anil Sontakke; Saood Ali,2026,Cureus,10.7759/cureus.107023,42147683,,PMC13173621,https://pmc.ncbi.nlm.nih.gov/articles/PMC13173621/,https://pmc-oa-opendata.s3.amazonaws.com/PMC13173621.1/PMC13173621.1.pdf?md5=654e335f8831c107a349371a505167e0,PMC13173621.pdf,2026-08-08,CC BY,https://creativecommons.org/licenses/by/4.0/,approved_open_access,included,"Bulk PMC Open Access Subset acquisition matching this corpus's scope vocabulary (NSCLC + PD-1/PD-L1 checkpoint-inhibitor terms), deterministic identity/license/full-text adjudication, and a documented rule-based title scope screen excluding wrong cancer types, preclinical/mechanism-only studies, off-topic diagnostic/surgical-technique papers, and single-patient case reports. Not yet individually reviewed for the golden evidence map.",,sha256:29ace72de08af5cce283141596beed85f838f65f4fef70a6098fce4f977e801c,paper,,,,,,"Acquired via bulk PMC OA ingestion pipeline (work/oncology/acquisition_receipt.json), not individually hand-curated. study_type/population/intervention/comparator left blank pending evidence-record-level review."
oncology-katsarolis-2026-real-world-data-on-the-effecti,Real-World Data on the Effectiveness of Immunotherapy on Advanced NSCLC: A Retrospective Cohort Study.,Antonios Katsarolis; Iliana Tapazidou-Spanoudi; Dimitris Kugiumtzis; Nikoleta Pastelli; Dionisios Spyratos; Katerina Manika; Anastasios Vagionas; Sofia Lampaki; Elena Fountzilas,2026,Cancers,10.3390/cancers18081239,42073564,,PMC13115517,https://pmc.ncbi.nlm.nih.gov/articles/PMC13115517/,https://pmc-oa-opendata.s3.amazonaws.com/PMC13115517.1/PMC13115517.1.pdf?md5=e9de55b23abca2034234e3df6918dc7e,PMC13115517.pdf,2026-08-08,CC BY,https://creativecommons.org/licenses/by/4.0/,approved_open_access,included,"Bulk PMC Open Access Subset acquisition matching this corpus's scope vocabulary (NSCLC + PD-1/PD-L1 checkpoint-inhibitor terms), deterministic identity/license/full-text adjudication, and a documented rule-based title scope screen excluding wrong cancer types, preclinical/mechanism-only studies, off-topic diagnostic/surgical-technique papers, and single-patient case reports. Not yet individually reviewed for the golden evidence map.",,sha256:a4cc2f20c8fd079c4dbb111c7588ce308c22726f9a0a261d0effd61da5836f5d,paper,,,,,,"Acquired via bulk PMC OA ingestion pipeline (work/oncology/acquisition_receipt.json), not individually hand-curated. study_type/population/intervention/comparator left blank pending evidence-record-level review."
oncology-hase-2026-identification-of-predictive-b,Identification of predictive biomarkers for nivolumab efficacy in non-small cell lung cancer through integrated serum lipidomics and proteomics analysis.,Hiroaki Hase; Yoshito Takeda; Shohei Koyama; Yujiro Naito; Kentaro Jingushi; So-Ichiro Fukada; Kazutake Tsujikawa,2026,Frontiers in immunology,10.3389/fimmu.2026.1773700,42058189,,PMC13121081,https://pmc.ncbi.nlm.nih.gov/articles/PMC13121081/,https://pmc-oa-opendata.s3.amazonaws.com/PMC13121081.1/PMC13121081.1.pdf?md5=abb1aa4e30c9232b17df857dbe4895b5,PMC13121081.pdf,2026-08-08,CC BY,https://creativecommons.org/licenses/by/4.0/,approved_open_access,included,"Bulk PMC Open Access Subset acquisition matching this corpus's scope vocabulary (NSCLC + PD-1/PD-L1 checkpoint-inhibitor terms), deterministic identity/license/full-text adjudication, and a documented rule-based title scope screen excluding wrong cancer types, preclinical/mechanism-only studies, off-topic diagnostic/surgical-technique papers, and single-patient case reports. Not yet individually reviewed for the golden evidence map.",,sha256:6b01348a3ec0082dbe37ec06a83d06b25f3721cebc85bd8d8af0e8eccd6d9598,paper,,,,,,"Acquired via bulk PMC OA ingestion pipeline (work/oncology/acquisition_receipt.json), not individually hand-curated. study_type/population/intervention/comparator left blank pending evidence-record-level review."
oncology-pham-2026-first-line-pembrolizumab-monot,First-Line Pembrolizumab Monotherapy for Advanced Non-Small Cell Lung Cancer: A Multicenter Real-World Study from Vietnam.,Thi Huong Pham; Cam Phuong Pham; Thi Thu Huong Nguyen; Khanh Toan Nguyen,2026,"Current oncology (Toronto, Ont.)",10.3390/curroncol33040215,42041734,,PMC13115075,https://pmc.ncbi.nlm.nih.gov/articles/PMC13115075/,https://pmc-oa-opendata.s3.amazonaws.com/PMC13115075.1/PMC13115075.1.pdf?md5=bb38cab9648d57781350ecc31ca14d70,PMC13115075.pdf,2026-08-08,CC BY,https://creativecommons.org/licenses/by/4.0/,approved_open_access,included,"Bulk PMC Open Access Subset acquisition matching this corpus's scope vocabulary (NSCLC + PD-1/PD-L1 checkpoint-inhibitor terms), deterministic identity/license/full-text adjudication, and a documented rule-based title scope screen excluding wrong cancer types, preclinical/mechanism-only studies, off-topic diagnostic/surgical-technique papers, and single-patient case reports. Not yet individually reviewed for the golden evidence map.",,sha256:fbc913437c02f30c44212eb3521c3f99117a99f7990d019257c240777300e8b6,paper,,,,,,"Acquired via bulk PMC OA ingestion pipeline (work/oncology/acquisition_receipt.json), not individually hand-curated. study_type/population/intervention/comparator left blank pending evidence-record-level review."
oncology-zhou-2026-nr2f2-in-cancer-associated-fib,NR2F2 in cancer-associated fibroblasts drives immune microenvironment remodeling and promotes lung adenocarcinoma progression.,Song Zhou; Yibo Guo; Runjie Cheng; Qianqian Zhang; Yuanxin Xing; Yizhen Geng; Jinze Yang; Xiaoguang Han; Ying Zhang; Wei Xie,2026,Frontiers in immunology,10.3389/fimmu.2026.1776008,42051516,,PMC13110960,https://pmc.ncbi.nlm.nih.gov/articles/PMC13110960/,https://pmc-oa-opendata.s3.amazonaws.com/PMC13110960.1/PMC13110960.1.pdf?md5=a497404323c61ab9daf31dd97f8ae982,PMC13110960.pdf,2026-08-08,CC BY,https://creativecommons.org/licenses/by/4.0/,approved_open_access,included,"Bulk PMC Open Access Subset acquisition matching this corpus's scope vocabulary (NSCLC + PD-1/PD-L1 checkpoint-inhibitor terms), deterministic identity/license/full-text adjudication, and a documented rule-based title scope screen excluding wrong cancer types, preclinical/mechanism-only studies, off-topic diagnostic/surgical-technique papers, and single-patient case reports. Not yet individually reviewed for the golden evidence map.",,sha256:1dd15d13bdbd21b80d8a55033d6518053b82e6191b7227d9e1852f4173678a86,paper,,,,,,"Acquired via bulk PMC OA ingestion pipeline (work/oncology/acquisition_receipt.json), not individually hand-curated. study_type/population/intervention/comparator left blank pending evidence-record-level review."
oncology-yakobson-2026-impact-of-pd-l1-status-on-the,Impact of PD-L1 Status on the Development of Cutaneous Immune-Related Adverse Events in Non-Small-Cell Lung Cancer Patients Receiving Immunotherapy.,Alexander Yakobson; Fahed Abu Salamah; Ibrahim Alatawneh; Ahron Yehonatan Cohen; Yuliya Valdman-Grinshpoun; Yotam Malek; Itamar Gothelf; Ashraf Abu Jama; Nashat Abu Yasin; Mhammad Abu Juda; Arina Soklakova; Amichay Meirovitz; Walid Shalata,2026,"Life (Basel, Switzerland)",10.3390/life16040636,42073445,,PMC13117193,https://pmc.ncbi.nlm.nih.gov/articles/PMC13117193/,https://pmc-oa-opendata.s3.amazonaws.com/PMC13117193.1/PMC13117193.1.pdf?md5=6e74a9ea23a59519036151f427dba682,PMC13117193.pdf,2026-08-08,CC BY,https://creativecommons.org/licenses/by/4.0/,approved_open_access,included,"Bulk PMC Open Access Subset acquisition matching this corpus's scope vocabulary (NSCLC + PD-1/PD-L1 checkpoint-inhibitor terms), deterministic identity/license/full-text adjudication, and a documented rule-based title scope screen excluding wrong cancer types, preclinical/mechanism-only studies, off-topic diagnostic/surgical-technique papers, and single-patient case reports. Not yet individually reviewed for the golden evidence map.",,sha256:d0643e8d60d407493ff573673913ce7abb09d4f556db9d0dda275087fbb4329e,paper,,,,,,"Acquired via bulk PMC OA ingestion pipeline (work/oncology/acquisition_receipt.json), not individually hand-curated. study_type/population/intervention/comparator left blank pending evidence-record-level review."
oncology-siahmansur-2026-comparison-of-the-effects-of-d,Comparison of the effects of different types of treatment protocols on the median and overall survival rates of non-small cell lung cancer patients: A real-world retrospective study.,Tarza Jamal Siahmansur,2026,PloS one,10.1371/journal.pone.0344658,41955266,,PMC13065081,https://pmc.ncbi.nlm.nih.gov/articles/PMC13065081/,https://pmc-oa-opendata.s3.amazonaws.com/PMC13065081.1/PMC13065081.1.pdf?md5=32fd2508b868f6427e8eeac2f96cf7f0,PMC13065081.pdf,2026-08-08,CC BY,https://creativecommons.org/licenses/by/4.0/,approved_open_access,included,"Bulk PMC Open Access Subset acquisition matching this corpus's scope vocabulary (NSCLC + PD-1/PD-L1 checkpoint-inhibitor terms), deterministic identity/license/full-text adjudication, and a documented rule-based title scope screen excluding wrong cancer types, preclinical/mechanism-only studies, off-topic diagnostic/surgical-technique papers, and single-patient case reports. Not yet individually reviewed for the golden evidence map.",,sha256:286aa6a75e4b5343c48664bae0866bd66a1a906bf58b0db2511a0bbf5955d634,paper,,,,,,"Acquired via bulk PMC OA ingestion pipeline (work/oncology/acquisition_receipt.json), not individually hand-curated. study_type/population/intervention/comparator left blank pending evidence-record-level review."
oncology-biswas-2026-undifferentiated-purpuric-and,Undifferentiated Purpuric and Desquamative Drug Eruption After Pembrolizumab and Empagliflozin Exposure: A Clinicopathologic Diagnostic Pitfall.,Navanita Biswas; Imran Khokhar; Jian J Fu,2026,Cureus,10.7759/cureus.106689,42109987,,PMC13156420,https://pmc.ncbi.nlm.nih.gov/articles/PMC13156420/,https://pmc-oa-opendata.s3.amazonaws.com/PMC13156420.1/PMC13156420.1.pdf?md5=2023d2343c0c8dd048e97c2c0cf00711,PMC13156420.pdf,2026-08-08,CC BY,https://creativecommons.org/licenses/by/4.0/,approved_open_access,included,"Bulk PMC Open Access Subset acquisition matching this corpus's scope vocabulary (NSCLC + PD-1/PD-L1 checkpoint-inhibitor terms), deterministic identity/license/full-text adjudication, and a documented rule-based title scope screen excluding wrong cancer types, preclinical/mechanism-only studies, off-topic diagnostic/surgical-technique papers, and single-patient case reports. Not yet individually reviewed for the golden evidence map.",,sha256:66b168a45ad27a36c5605298e76d5c0b444c8183783b401d71539ed1bb0c256a,paper,,,,,,"Acquired via bulk PMC OA ingestion pipeline (work/oncology/acquisition_receipt.json), not individually hand-curated. study_type/population/intervention/comparator left blank pending evidence-record-level review."
oncology-cetinkaya-2026-survival-outcomes-after-irae-r,Survival Outcomes After irAE-Related Nivolumab Discontinuation in mNSCLC: A Multicenter Study.,Aysegul Merc Cetinkaya; Mehmet Haluk Yucel; Latif Karahan; Mustafa Ersoy; Ahmet Bilici; Mustafa Erman; Ali Murat Tatli; Sema Sezgin Goksu,2026,Journal of clinical medicine,10.3390/jcm15082818,42074618,,PMC13115806,https://pmc.ncbi.nlm.nih.gov/articles/PMC13115806/,https://pmc-oa-opendata.s3.amazonaws.com/PMC13115806.1/PMC13115806.1.pdf?md5=eababd7c41ca586de10a52759b2051bb,PMC13115806.pdf,2026-08-08,CC BY,https://creativecommons.org/licenses/by/4.0/,approved_open_access,included,"Bulk PMC Open Access Subset acquisition matching this corpus's scope vocabulary (NSCLC + PD-1/PD-L1 checkpoint-inhibitor terms), deterministic identity/license/full-text adjudication, and a documented rule-based title scope screen excluding wrong cancer types, preclinical/mechanism-only studies, off-topic diagnostic/surgical-technique papers, and single-patient case reports. Not yet individually reviewed for the golden evidence map.",,sha256:3849b96744fca4f49e58fa94bf222264957d07851c0260c3edd6991e30b7a1fe,paper,,,,,,"Acquired via bulk PMC OA ingestion pipeline (work/oncology/acquisition_receipt.json), not individually hand-curated. study_type/population/intervention/comparator left blank pending evidence-record-level review."
oncology-maniewski-2026-clinical-relevance-of-ai-based,Clinical relevance of AI-based PD-L1 scoring in non-small cell lung cancer.,Mateusz Maniewski; Jędrzej Borowczak; Justyna Durślewicz; Marek Zdrenka; Adam Kowalewski; Łukasz Szylberg,2026,Frontiers in oncology,10.3389/fonc.2026.1790571,42022313,,PMC13095531,https://pmc.ncbi.nlm.nih.gov/articles/PMC13095531/,https://pmc-oa-opendata.s3.amazonaws.com/PMC13095531.1/PMC13095531.1.pdf?md5=b5f646f5cf1e5568fb04e12bd795421c,PMC13095531.pdf,2026-08-08,CC BY,https://creativecommons.org/licenses/by/4.0/,approved_open_access,included,"Bulk PMC Open Access Subset acquisition matching this corpus's scope vocabulary (NSCLC + PD-1/PD-L1 checkpoint-inhibitor terms), deterministic identity/license/full-text adjudication, and a documented rule-based title scope screen excluding wrong cancer types, preclinical/mechanism-only studies, off-topic diagnostic/surgical-technique papers, and single-patient case reports. Not yet individually reviewed for the golden evidence map.",,sha256:00c3de761f68aefc3e39b76c7fef239ac3d27ed668b1312872a39ea856f19f77,paper,,,,,,"Acquired via bulk PMC OA ingestion pipeline (work/oncology/acquisition_receipt.json), not individually hand-curated. study_type/population/intervention/comparator left blank pending evidence-record-level review."
oncology-agbarya-2026-investigation-of-the-prevalenc,Investigation of the Prevalence of Associated Genetic Mutations (Co-Mutations) in Patients with Actionable Driver Mutations in Lung Cancer: A Retrospective Study.,Abed Agbarya; Walid Shalata; Edmond Sabo; Leonard Saiegh; Yuval Shaham; Haitam Nasrallah; Kamel Mhameed; Salam Mazareb; Mohammad Sheikh-Ahmad; Dan Levy Faber,2026,"Diagnostics (Basel, Switzerland)",10.3390/diagnostics16071106,41975817,,PMC13073532,https://pmc.ncbi.nlm.nih.gov/articles/PMC13073532/,https://pmc-oa-opendata.s3.amazonaws.com/PMC13073532.1/PMC13073532.1.pdf?md5=f9ce3f11be938e4c88cc117f372ae8ef,PMC13073532.pdf,2026-08-08,CC BY,https://creativecommons.org/licenses/by/4.0/,approved_open_access,included,"Bulk PMC Open Access Subset acquisition matching this corpus's scope vocabulary (NSCLC + PD-1/PD-L1 checkpoint-inhibitor terms), deterministic identity/license/full-text adjudication, and a documented rule-based title scope screen excluding wrong cancer types, preclinical/mechanism-only studies, off-topic diagnostic/surgical-technique papers, and single-patient case reports. Not yet individually reviewed for the golden evidence map.",,sha256:b59ad1ab0f807a0a5fefb71bed7c25d4d261dba35b61a1608b8eb3e4d529ceac,paper,,,,,,"Acquired via bulk PMC OA ingestion pipeline (work/oncology/acquisition_receipt.json), not individually hand-curated. study_type/population/intervention/comparator left blank pending evidence-record-level review."
oncology-park-2026-revisiting-biomarker-guided-th,Revisiting Biomarker-Guided Therapy in EGFR-Mutant Non-Small Cell Lung Cancer with High PD-L1 Expression.,Nuri Park; Yejin Cho; Hong-Mei Zheng; Woo Kyung Ryu; Kyung Hee Jung; Jun Hyeok Lim,2026,International journal of molecular sciences,10.3390/ijms27073294,41977474,,PMC13073372,https://pmc.ncbi.nlm.nih.gov/articles/PMC13073372/,https://pmc-oa-opendata.s3.amazonaws.com/PMC13073372.1/PMC13073372.1.pdf?md5=12b600247a92199e801485466019818b,PMC13073372.pdf,2026-08-08,CC BY,https://creativecommons.org/licenses/by/4.0/,approved_open_access,included,"Bulk PMC Open Access Subset acquisition matching this corpus's scope vocabulary (NSCLC + PD-1/PD-L1 checkpoint-inhibitor terms), deterministic identity/license/full-text adjudication, and a documented rule-based title scope screen excluding wrong cancer types, preclinical/mechanism-only studies, off-topic diagnostic/surgical-technique papers, and single-patient case reports. Not yet individually reviewed for the golden evidence map.",,sha256:a30ee6677c5167ea187f907a8b1c222b1954a84993698abd22e3e2f354433761,paper,,,,,,"Acquired via bulk PMC OA ingestion pipeline (work/oncology/acquisition_receipt.json), not individually hand-curated. study_type/population/intervention/comparator left blank pending evidence-record-level review."
oncology-bedir-2026-prognostic-impact-of-the-lung,Prognostic Impact of the Lung Immune Prognostic Index in Metastatic Non-Small Cell Lung Cancer Patients Treated with Nivolumab.,Şahin Bedir; Tanju Kapağan; Yakup Bozkaya; Abdilkerim Oyman; Mehmet Cem Fidan; Murad Guliyev; Hamza Abbasov; Nebi Serkan Demirci; Hale Gülçin Yıldırım Doğan; Emir Çelik; Nilüfer Bulut; Gökmen Umut Erdem,2026,Cancers,10.3390/cancers18071170,41976392,,PMC13072431,https://pmc.ncbi.nlm.nih.gov/articles/PMC13072431/,https://pmc-oa-opendata.s3.amazonaws.com/PMC13072431.1/PMC13072431.1.pdf?md5=daf9887f29314073935c324c018c892d,PMC13072431.pdf,2026-08-08,CC BY,https://creativecommons.org/licenses/by/4.0/,approved_open_access,included,"Bulk PMC Open Access Subset acquisition matching this corpus's scope vocabulary (NSCLC + PD-1/PD-L1 checkpoint-inhibitor terms), deterministic identity/license/full-text adjudication, and a documented rule-based title scope screen excluding wrong cancer types, preclinical/mechanism-only studies, off-topic diagnostic/surgical-technique papers, and single-patient case reports. Not yet individually reviewed for the golden evidence map.",,sha256:d1b1841b3de5d2f02f5b25f5ab41247c37940b7e964ee33901bfa39b9a40d114,paper,,,,,,"Acquired via bulk PMC OA ingestion pipeline (work/oncology/acquisition_receipt.json), not individually hand-curated. study_type/population/intervention/comparator left blank pending evidence-record-level review."
oncology-vachlas-2026-soluble-isoforms-of-pd-1-and-p,"Soluble Isoforms of PD-1 and PD-L1 in Non-Small Cell Lung Cancer: Correlation with Tumor Stage, Longitudinal Analysis and Prognostic Implications.",Konstantinos Vachlas; Dimitra Grapsa; Stylianos Gaitanakis; Anna Papadopoulou; Paraskevi Moutsatsou; Nikolaos Syrigos; Ioannis P Trontzas,2026,Journal of personalized medicine,10.3390/jpm16040203,42042570,,PMC13117836,https://pmc.ncbi.nlm.nih.gov/articles/PMC13117836/,https://pmc-oa-opendata.s3.amazonaws.com/PMC13117836.1/PMC13117836.1.pdf?md5=2792c4d9d8c64e3dd6c1b031cde2c50e,PMC13117836.pdf,2026-08-08,CC BY,https://creativecommons.org/licenses/by/4.0/,approved_open_access,included,"Bulk PMC Open Access Subset acquisition matching this corpus's scope vocabulary (NSCLC + PD-1/PD-L1 checkpoint-inhibitor terms), deterministic identity/license/full-text adjudication, and a documented rule-based title scope screen excluding wrong cancer types, preclinical/mechanism-only studies, off-topic diagnostic/surgical-technique papers, and single-patient case reports. Not yet individually reviewed for the golden evidence map.",,sha256:8b97f20017cf2640868d54e45dc544e8f538360d1eb82cfb0c906070c770ad54,paper,,,,,,"Acquired via bulk PMC OA ingestion pipeline (work/oncology/acquisition_receipt.json), not individually hand-curated. study_type/population/intervention/comparator left blank pending evidence-record-level review."
oncology-guzel-2026-hemophagocytic-lymphohistiocyt,Hemophagocytic Lymphohistiocytosis Associated with Immune Checkpoint Inhibitors: A Pharmacovigilance Analysis of Spontaneous Reports.,Suleyman Sami Guzel; Kubilay Tay; Ebru Cicek; Seda Jeral Evinc; Suheyla Atak; Cigdem Papila; Nebi Serkan Demirci; Ozkan Alan,2026,Cancers,10.3390/cancers18071164,41976386,,PMC13072010,https://pmc.ncbi.nlm.nih.gov/articles/PMC13072010/,https://pmc-oa-opendata.s3.amazonaws.com/PMC13072010.1/PMC13072010.1.pdf?md5=653e9fcf1bc3db800dd1f48a5832a854,PMC13072010.pdf,2026-08-08,CC BY,https://creativecommons.org/licenses/by/4.0/,approved_open_access,included,"Bulk PMC Open Access Subset acquisition matching this corpus's scope vocabulary (NSCLC + PD-1/PD-L1 checkpoint-inhibitor terms), deterministic identity/license/full-text adjudication, and a documented rule-based title scope screen excluding wrong cancer types, preclinical/mechanism-only studies, off-topic diagnostic/surgical-technique papers, and single-patient case reports. Not yet individually reviewed for the golden evidence map.",,sha256:8da60655eb7733c8165c0d20678552b1f14cf131a032c89e927437d1a352fb97,paper,,,,,,"Acquired via bulk PMC OA ingestion pipeline (work/oncology/acquisition_receipt.json), not individually hand-curated. study_type/population/intervention/comparator left blank pending evidence-record-level review."
oncology-markovic-2026-real-world-comparison-of-pd-1,Real-World Comparison of PD-1 and PD-L1 Inhibitor Monotherapy in Metastatic Non-Small Cell Lung Cancer with High PD-L1 Expression.,Filip Marković; Zlatan Bojić; Mihailo Stjepanović; Milica Kontić,2026,Cancers,10.3390/cancers18071153,41976377,,PMC13072067,https://pmc.ncbi.nlm.nih.gov/articles/PMC13072067/,https://pmc-oa-opendata.s3.amazonaws.com/PMC13072067.1/PMC13072067.1.pdf?md5=cf1c130431c60841386614bb0138c255,PMC13072067.pdf,2026-08-08,CC BY,https://creativecommons.org/licenses/by/4.0/,approved_open_access,included,"Bulk PMC Open Access Subset acquisition matching this corpus's scope vocabulary (NSCLC + PD-1/PD-L1 checkpoint-inhibitor terms), deterministic identity/license/full-text adjudication, and a documented rule-based title scope screen excluding wrong cancer types, preclinical/mechanism-only studies, off-topic diagnostic/surgical-technique papers, and single-patient case reports. Not yet individually reviewed for the golden evidence map.",,sha256:fb4ac65aa0bf87e1c2046fb7fdea85ab1254e4838f6bfc5cc9b8685a79d57ae7,paper,,,,,,"Acquired via bulk PMC OA ingestion pipeline (work/oncology/acquisition_receipt.json), not individually hand-curated. study_type/population/intervention/comparator left blank pending evidence-record-level review."
oncology-lee-2026-treatment-patterns-across-line,Treatment Patterns Across Lines of Therapy for Advanced Non-Small Cell Lung Cancer in the United States.,Do H Lee; Yimeng Li; Szu-Chun Yang; Anne C Chiang; Pamela R Soulos; Cary P Gross; Shi-Yi Wang,2026,Cancer medicine,10.1002/cam4.71736,42007970,,PMC13094514,https://pmc.ncbi.nlm.nih.gov/articles/PMC13094514/,https://pmc-oa-opendata.s3.amazonaws.com/PMC13094514.1/PMC13094514.1.pdf?md5=32ccb94fbaf8da538e3b74de9036f25b,PMC13094514.pdf,2026-08-08,CC BY,https://creativecommons.org/licenses/by/4.0/,approved_open_access,included,"Bulk PMC Open Access Subset acquisition matching this corpus's scope vocabulary (NSCLC + PD-1/PD-L1 checkpoint-inhibitor terms), deterministic identity/license/full-text adjudication, and a documented rule-based title scope screen excluding wrong cancer types, preclinical/mechanism-only studies, off-topic diagnostic/surgical-technique papers, and single-patient case reports. Not yet individually reviewed for the golden evidence map.",,sha256:8d040e8c103648a7b0e42b9fa6249a82a14215b24ac1f55e0f17564c4783eb13,paper,,,,,,"Acquired via bulk PMC OA ingestion pipeline (work/oncology/acquisition_receipt.json), not individually hand-curated. study_type/population/intervention/comparator left blank pending evidence-record-level review."
oncology-zhan-2026-clinical-characteristics-and-r,Clinical Characteristics and Risk Factors of Immune Checkpoint Inhibitor-Related Myocarditis: A Real World Observational Study.,Mei Zhan; Qinran Long; Ran Liu; Litao Huang; Bin Wu; Ting Xu; Jinhan He,2026,Clinical cardiology,10.1002/clc.70312,42007771,,PMC13094356,https://pmc.ncbi.nlm.nih.gov/articles/PMC13094356/,https://pmc-oa-opendata.s3.amazonaws.com/PMC13094356.1/PMC13094356.1.pdf?md5=e87459bd3f6aec760344ee13f280295e,PMC13094356.pdf,2026-08-08,CC BY,https://creativecommons.org/licenses/by/4.0/,approved_open_access,included,"Bulk PMC Open Access Subset acquisition matching this corpus's scope vocabulary (NSCLC + PD-1/PD-L1 checkpoint-inhibitor terms), deterministic identity/license/full-text adjudication, and a documented rule-based title scope screen excluding wrong cancer types, preclinical/mechanism-only studies, off-topic diagnostic/surgical-technique papers, and single-patient case reports. Not yet individually reviewed for the golden evidence map.",,sha256:36d3b00faf0fe8ef4650f9cf04afa4afe3da84274119c086d8a20927bf7d8126,paper,,,,,,"Acquired via bulk PMC OA ingestion pipeline (work/oncology/acquisition_receipt.json), not individually hand-curated. study_type/population/intervention/comparator left blank pending evidence-record-level review."
oncology-luo-2026-efficacy-of-first-line-immune,Efficacy of first-line immune checkpoint inhibitors in advanced non-small-cell lung cancer with or without brain metastases: a systematic review and network meta-analysis.,Jie Luo; Moxuan Han; Mingwei Sima; Yan Cui; Ziyang Yu; Chang Dong; Kejia Ma; Donghui Yue,2026,Frontiers in oncology,10.3389/fonc.2026.1809450,41994648,,PMC13079038,https://pmc.ncbi.nlm.nih.gov/articles/PMC13079038/,https://pmc-oa-opendata.s3.amazonaws.com/PMC13079038.1/PMC13079038.1.pdf?md5=434588ff726c24e3b1949913015c57bc,PMC13079038.pdf,2026-08-08,CC BY,https://creativecommons.org/licenses/by/4.0/,approved_open_access,included,"Bulk PMC Open Access Subset acquisition matching this corpus's scope vocabulary (NSCLC + PD-1/PD-L1 checkpoint-inhibitor terms), deterministic identity/license/full-text adjudication, and a documented rule-based title scope screen excluding wrong cancer types, preclinical/mechanism-only studies, off-topic diagnostic/surgical-technique papers, and single-patient case reports. Not yet individually reviewed for the golden evidence map.",,sha256:cc27b4b4f69728d3dc0eb58e1461202a1995a6b9fac48a61b71cde7bd730df70,paper,,,,,,"Acquired via bulk PMC OA ingestion pipeline (work/oncology/acquisition_receipt.json), not individually hand-curated. study_type/population/intervention/comparator left blank pending evidence-record-level review."
oncology-tang-2026-efficacy-of-pd-1-pd-l1-inhibit,Efficacy of PD-1/PD-L1 inhibitors combined with multi-targeted anti-angiogenic TKIs in advanced or metastatic NSCLC: A meta-analysis based on RCTs.,Zeqi Tang; Xiaoming Zhang; Zhanqi Sun; Shiyan Zhang; Xiaoling Feng; Yixia Chen; Haiqi Xu,2026,Frontiers in oncology,10.3389/fonc.2026.1799126,41994630,,PMC13078995,https://pmc.ncbi.nlm.nih.gov/articles/PMC13078995/,https://pmc-oa-opendata.s3.amazonaws.com/PMC13078995.1/PMC13078995.1.pdf?md5=6c1562856688b8920f8822a6a1e4e9b4,PMC13078995.pdf,2026-08-08,CC BY,https://creativecommons.org/licenses/by/4.0/,approved_open_access,included,"Bulk PMC Open Access Subset acquisition matching this corpus's scope vocabulary (NSCLC + PD-1/PD-L1 checkpoint-inhibitor terms), deterministic identity/license/full-text adjudication, and a documented rule-based title scope screen excluding wrong cancer types, preclinical/mechanism-only studies, off-topic diagnostic/surgical-technique papers, and single-patient case reports. Not yet individually reviewed for the golden evidence map.",,sha256:e04a44af94093407538baa889cab0e09098ae86f13aeefde46990e6a0ce6f4ce,paper,,,,,,"Acquired via bulk PMC OA ingestion pipeline (work/oncology/acquisition_receipt.json), not individually hand-curated. study_type/population/intervention/comparator left blank pending evidence-record-level review."
oncology-manova-2026-real-world-evidence-of-atezoli,Real-World Evidence of Atezolizumab Efficacy as Part of First-Line Treatment for Extensive-Stage SCLC in Bulgaria.,Manoela Manova; Boryana Ivanova; Rositsa Krasteva; Nikolay Conev; Tanya Zlatanova; Jeliazko Arabadjiev; Natalia Chilingirova; Mila Petrova; Assen Dudov; Bozhil Robev; Velko Minchev; Ivan Tonev; Krassimir Koynov; Daniel Penchev; Todor Georgiev; Antoan Rangelov; Alexandra Savova,2026,Cancers,10.3390/cancers18071129,41976352,,PMC13072253,https://pmc.ncbi.nlm.nih.gov/articles/PMC13072253/,https://pmc-oa-opendata.s3.amazonaws.com/PMC13072253.1/PMC13072253.1.pdf?md5=086e961648f16f36f6bac4e32d30fa3a,PMC13072253.pdf,2026-08-08,CC BY,https://creativecommons.org/licenses/by/4.0/,approved_open_access,included,"Bulk PMC Open Access Subset acquisition matching this corpus's scope vocabulary (NSCLC + PD-1/PD-L1 checkpoint-inhibitor terms), deterministic identity/license/full-text adjudication, and a documented rule-based title scope screen excluding wrong cancer types, preclinical/mechanism-only studies, off-topic diagnostic/surgical-technique papers, and single-patient case reports. Not yet individually reviewed for the golden evidence map.",,sha256:5b268e87858c7ff6ecc7c4074c0df486f06d73d027be2d7b9dd32c0c2268acd0,paper,,,,,,"Acquired via bulk PMC OA ingestion pipeline (work/oncology/acquisition_receipt.json), not individually hand-curated. study_type/population/intervention/comparator left blank pending evidence-record-level review."
oncology-nishioka-2026-identification-of-hidden-cache,Identification of Hidden Cachexia Subgroup in PD-L1-High NSCLC: Comparative Analysis of the AWGC vs. Fearon Criteria.,Naoya Nishioka; Hayato Kawachi; Tadaaki Yamada; Motohiro Tamiya; Yoshiki Negi; Yasuhiro Goto; Akira Nakao; Shinsuke Shiotsu; Keiko Tanimura; Takayuki Takeda; Asuka Okada; Taishi Harada; Koji Date; Yusuke Chihara; Isao Hasegawa; Nobuyo Tamiya; Takeo Ogawa; Masahiro Iwasaku; Shinsaku Tokuda; Takashi Kijima; Koichi Takayama,2026,"Journal of cachexia, sarcopenia and muscle",10.1002/jcsm.70281,41967103,,PMC13070542,https://pmc.ncbi.nlm.nih.gov/articles/PMC13070542/,https://pmc-oa-opendata.s3.amazonaws.com/PMC13070542.1/PMC13070542.1.pdf?md5=db01dcdcd696d1baec1f01d709db1aa0,PMC13070542.pdf,2026-08-08,CC BY,https://creativecommons.org/licenses/by/4.0/,approved_open_access,included,"Bulk PMC Open Access Subset acquisition matching this corpus's scope vocabulary (NSCLC + PD-1/PD-L1 checkpoint-inhibitor terms), deterministic identity/license/full-text adjudication, and a documented rule-based title scope screen excluding wrong cancer types, preclinical/mechanism-only studies, off-topic diagnostic/surgical-technique papers, and single-patient case reports. Not yet individually reviewed for the golden evidence map.",,sha256:8b71da11db8918629fc253216d10756149575bb95ffd5e6840eb3b6d35278e3a,paper,,,,,,"Acquired via bulk PMC OA ingestion pipeline (work/oncology/acquisition_receipt.json), not individually hand-curated. study_type/population/intervention/comparator left blank pending evidence-record-level review."
oncology-takakura-2026-addition-of-immune-checkpoint,Addition of Immune Checkpoint Inhibitor to Platinum Retreatment for Recurrent Non-Small Cell Lung Cancer After Perioperative Chemotherapy: A Multicenter Retrospective Study.,Toshiaki Takakura; Ryota Shibaki; Atsushi Washioka; Yusuke Murakami; Yuhei Harutani; Hiroaki Akamatsu; Nobuyuki Yamamoto,2026,Thoracic cancer,10.1111/1759-7714.70269,41912319,,PMC13070734,https://pmc.ncbi.nlm.nih.gov/articles/PMC13070734/,https://pmc-oa-opendata.s3.amazonaws.com/PMC13070734.1/PMC13070734.1.pdf?md5=954d18524fbd7dce2f8143550bc38d1c,PMC13070734.pdf,2026-08-08,CC BY,https://creativecommons.org/licenses/by/4.0/,approved_open_access,included,"Bulk PMC Open Access Subset acquisition matching this corpus's scope vocabulary (NSCLC + PD-1/PD-L1 checkpoint-inhibitor terms), deterministic identity/license/full-text adjudication, and a documented rule-based title scope screen excluding wrong cancer types, preclinical/mechanism-only studies, off-topic diagnostic/surgical-technique papers, and single-patient case reports. Not yet individually reviewed for the golden evidence map.",,sha256:fa37e93bcde194b08f654494db2c72c511f02cf8dd1d37021304afd6cb52c00c,paper,,,,,,"Acquired via bulk PMC OA ingestion pipeline (work/oncology/acquisition_receipt.json), not individually hand-curated. study_type/population/intervention/comparator left blank pending evidence-record-level review."
oncology-kalinka-2026-first-line-cemiplimab-for-loca,First-Line Cemiplimab for Locally Advanced NSCLC: Updated Subgroup Analyses From the EMPOWER-Lung 1 and EMPOWER-Lung 3 Trials.,Ewa Kalinka; Igor Bondarenko; Miranda Gogishvili; Tamar Melkadze; Ana Baramidze; Ahmet Sezer; Tamta Makharadze; Saadettin Kilickap; Mahmut Gümüş; Konstantin Penkov; Davit Giorgadze; Mustafa Özgüroğlu; Ruben G W Quek; Debra A G McIntyre; Eric Kim; Frank Seebach; Jean-Francois Pouliot,2026,JTO clinical and research reports,10.1016/j.jtocrr.2025.100947,41869512,,PMC12999338,https://pmc.ncbi.nlm.nih.gov/articles/PMC12999338/,https://pmc-oa-opendata.s3.amazonaws.com/PMC12999338.1/PMC12999338.1.pdf?md5=ca4b83f65d4f68b5dc094e1eb416e0ce,PMC12999338.pdf,2026-08-08,CC BY,https://creativecommons.org/licenses/by/4.0/,approved_open_access,included,"Bulk PMC Open Access Subset acquisition matching this corpus's scope vocabulary (NSCLC + PD-1/PD-L1 checkpoint-inhibitor terms), deterministic identity/license/full-text adjudication, and a documented rule-based title scope screen excluding wrong cancer types, preclinical/mechanism-only studies, off-topic diagnostic/surgical-technique papers, and single-patient case reports. Not yet individually reviewed for the golden evidence map.",,sha256:39d89d2b2cdb613d940cb2948a42460110fba683a60687a5827720ef154c6842,paper,,,,,,"Acquired via bulk PMC OA ingestion pipeline (work/oncology/acquisition_receipt.json), not individually hand-curated. study_type/population/intervention/comparator left blank pending evidence-record-level review."
oncology-lee-2026-immune-checkpoint-inhibitor-ou,Immune Checkpoint Inhibitor Outcomes in NSCLC Across Populations and Practice Settings.,Matthew Lee; Jialing Liu; Kari J Teigen; Krishti Sabloak; Melissa Howell; Mario Gonzalez; Bassam Ghabach; David E Gerber; Kalyani Narra; Mitchell S von Itzstein,2026,JTO clinical and research reports,10.1016/j.jtocrr.2026.100952,41852939,,PMC12992504,https://pmc.ncbi.nlm.nih.gov/articles/PMC12992504/,https://pmc-oa-opendata.s3.amazonaws.com/PMC12992504.1/PMC12992504.1.pdf?md5=ab0222e6bc31674e6e93dd18c1e6e63b,PMC12992504.pdf,2026-08-08,CC BY,https://creativecommons.org/licenses/by/4.0/,approved_open_access,included,"Bulk PMC Open Access Subset acquisition matching this corpus's scope vocabulary (NSCLC + PD-1/PD-L1 checkpoint-inhibitor terms), deterministic identity/license/full-text adjudication, and a documented rule-based title scope screen excluding wrong cancer types, preclinical/mechanism-only studies, off-topic diagnostic/surgical-technique papers, and single-patient case reports. Not yet individually reviewed for the golden evidence map.",,sha256:bf5d2d007001d7a0efbcf3242b78d95884e1ee7963013586466b82a9b9f00ec3,paper,,,,,,"Acquired via bulk PMC OA ingestion pipeline (work/oncology/acquisition_receipt.json), not individually hand-curated. study_type/population/intervention/comparator left blank pending evidence-record-level review."
oncology-koos-2026-immune-checkpoint-inhibitor-in,Immune Checkpoint Inhibitor-Induced Myocarditis: A Late Presentation.,Adrienne Koos; Farnoosh Shariati; Senthil Anand,2026,Ochsner journal,10.31486/toj.25.0063,41852863,,PMC12994503,https://pmc.ncbi.nlm.nih.gov/articles/PMC12994503/,https://pmc-oa-opendata.s3.amazonaws.com/PMC12994503.1/PMC12994503.1.pdf?md5=0268a13dbab0d0145e4cadd3716d75e5,PMC12994503.pdf,2026-08-08,CC BY,https://creativecommons.org/licenses/by/4.0/,approved_open_access,included,"Bulk PMC Open Access Subset acquisition matching this corpus's scope vocabulary (NSCLC + PD-1/PD-L1 checkpoint-inhibitor terms), deterministic identity/license/full-text adjudication, and a documented rule-based title scope screen excluding wrong cancer types, preclinical/mechanism-only studies, off-topic diagnostic/surgical-technique papers, and single-patient case reports. Not yet individually reviewed for the golden evidence map.",,sha256:83e48f80ef3374f4fd1f8217f3ea8f2720d7f53f93e4f98d9075006a676ad7bb,paper,,,,,,"Acquired via bulk PMC OA ingestion pipeline (work/oncology/acquisition_receipt.json), not individually hand-curated. study_type/population/intervention/comparator left blank pending evidence-record-level review."
oncology-li-2026-targeting-the-golgi-apparatus,Targeting the Golgi apparatus enhances PD-L1 blockade and synergizes with oxaliplatin to improve immunotherapy efficacy.,Haohuan Li; Chao Cui; Chenglu Sun; Ziyu Chen; Dengfeng Gao; Peng Yuan; Shibo Tian; Qin Zhong; Funeng Xu; Xiaoxia Liang; Long Jin; Keren Long; Lu Lu; Juan Deng; Jiaxue Cao; Xiaolan Fan; Fanli Kong; Chengdong Wang; Desheng Li; Zhiyong Qian; Mingzhou Li,2026,The Journal of biological chemistry,10.1016/j.jbc.2026.111343,41791704,,PMC13053745,https://pmc.ncbi.nlm.nih.gov/articles/PMC13053745/,https://pmc-oa-opendata.s3.amazonaws.com/PMC13053745.1/PMC13053745.1.pdf?md5=579209d280014b60be04f9c23ab2bd93,PMC13053745.pdf,2026-08-08,CC BY,https://creativecommons.org/licenses/by/4.0/,approved_open_access,included,"Bulk PMC Open Access Subset acquisition matching this corpus's scope vocabulary (NSCLC + PD-1/PD-L1 checkpoint-inhibitor terms), deterministic identity/license/full-text adjudication, and a documented rule-based title scope screen excluding wrong cancer types, preclinical/mechanism-only studies, off-topic diagnostic/surgical-technique papers, and single-patient case reports. Not yet individually reviewed for the golden evidence map.",,sha256:66d787ff6b3172eba94114159cd2370e925470d97ac0daedfd01872441ee211d,paper,,,,,,"Acquired via bulk PMC OA ingestion pipeline (work/oncology/acquisition_receipt.json), not individually hand-curated. study_type/population/intervention/comparator left blank pending evidence-record-level review."
oncology-ding-2026-slc2a3-mediated-lactate-metabo,SLC2A3-Mediated Lactate Metabolism Promotes Lung Cancer Bone Metastasis by Modulating P53 Lactylation and Immune Evasion.,Yi Ding; Yuying Tian; Wenjie Ren; Xianglin Hu; Mengjuan Li; Bei Liu; Chen Chen; Yunhan Lu; Lei Li; Wangjun Yan; Kun Li,2026,"Advanced science (Weinheim, Baden-Wurttemberg, Germany)",10.1002/advs.202516622,41637551,,PMC13088277,https://pmc.ncbi.nlm.nih.gov/articles/PMC13088277/,https://pmc-oa-opendata.s3.amazonaws.com/PMC13088277.1/PMC13088277.1.pdf?md5=ffe4dcc82fff841f5bb42656a0c4831b,PMC13088277.pdf,2026-08-08,CC BY,https://creativecommons.org/licenses/by/4.0/,approved_open_access,included,"Bulk PMC Open Access Subset acquisition matching this corpus's scope vocabulary (NSCLC + PD-1/PD-L1 checkpoint-inhibitor terms), deterministic identity/license/full-text adjudication, and a documented rule-based title scope screen excluding wrong cancer types, preclinical/mechanism-only studies, off-topic diagnostic/surgical-technique papers, and single-patient case reports. Not yet individually reviewed for the golden evidence map.",,sha256:faec46fd63a8055feefa06692d744ea799d2f050f3e442bf56f17ce68e22d438,paper,,,,,,"Acquired via bulk PMC OA ingestion pipeline (work/oncology/acquisition_receipt.json), not individually hand-curated. study_type/population/intervention/comparator left blank pending evidence-record-level review."
oncology-remaily-2026-fc-gamma-receptor-binding-modu,Fc gamma receptor binding modulates IgG clearance in cancer cachexia.,Bryan C Remaily; Kyeongmin Kim; Justin Thomas; Adeoluwa Adeluola; Greg Young; Min Hai; Mayu Fukuda; Gillian Mulcahy; Camille Stanton; Lauren Granchie; Pankaj Kumar; Trang Vu; Faith Jeffrey; Noah Palozzi; Xiaokui Mo; Samuel K Kulp; Dwight H Owen; Thomas A Mace; Christopher C Coss; Mitch A Phelps; Latha P Ganesan,2026,Frontiers in immunology,10.3389/fimmu.2026.1676732,41988202,,PMC13076527,https://pmc.ncbi.nlm.nih.gov/articles/PMC13076527/,https://pmc-oa-opendata.s3.amazonaws.com/PMC13076527.1/PMC13076527.1.pdf?md5=214c2e9facccf8e5853cae945758997e,PMC13076527.pdf,2026-08-08,CC BY,https://creativecommons.org/licenses/by/4.0/,approved_open_access,included,"Bulk PMC Open Access Subset acquisition matching this corpus's scope vocabulary (NSCLC + PD-1/PD-L1 checkpoint-inhibitor terms), deterministic identity/license/full-text adjudication, and a documented rule-based title scope screen excluding wrong cancer types, preclinical/mechanism-only studies, off-topic diagnostic/surgical-technique papers, and single-patient case reports. Not yet individually reviewed for the golden evidence map.",,sha256:abb4f2e9a9452eb3d4388fcb14da09649de3c4651bfb23c46132d0a72c163246,paper,,,,,,"Acquired via bulk PMC OA ingestion pipeline (work/oncology/acquisition_receipt.json), not individually hand-curated. study_type/population/intervention/comparator left blank pending evidence-record-level review."
oncology-qin-2026-slc4a7-drives-nsclc-progressio,SLC4A7 Drives NSCLC Progression and Immune Evasion via pH Dysregulation: Its Targeting Synergizes with Anti-PD-1/L1 Therapy.,Hao Qin; Dongfang Tang; Zheng Li; Fuzhi Yang; Jing Wang; Xiucheng Liu; Chang Chen; Wen Gao,2026,International journal of biological sciences,10.7150/ijbs.129129,42088432,,PMC13137449,https://pmc.ncbi.nlm.nih.gov/articles/PMC13137449/,https://pmc-oa-opendata.s3.amazonaws.com/PMC13137449.1/PMC13137449.1.pdf?md5=e54862d78d6cc44c0a7c08fb4863fc2b,PMC13137449.pdf,2026-08-08,CC BY,https://creativecommons.org/licenses/by/4.0/,approved_open_access,included,"Bulk PMC Open Access Subset acquisition matching this corpus's scope vocabulary (NSCLC + PD-1/PD-L1 checkpoint-inhibitor terms), deterministic identity/license/full-text adjudication, and a documented rule-based title scope screen excluding wrong cancer types, preclinical/mechanism-only studies, off-topic diagnostic/surgical-technique papers, and single-patient case reports. Not yet individually reviewed for the golden evidence map.",,sha256:886562cb101c395b6c448723db239e8aa723dda6c8a83d8fd4bb376f479327cf,paper,,,,,,"Acquired via bulk PMC OA ingestion pipeline (work/oncology/acquisition_receipt.json), not individually hand-curated. study_type/population/intervention/comparator left blank pending evidence-record-level review."
oncology-zeyaullah-2026-precision-engineered-cd3-t-cel,"Precision-Engineered CD3 T-Cell Engagers for Solid Tumours: Conditional Activation, Microenvironment Modulation, and Clinical Translation.",Md Zeyaullah; Abdullah M AlShahrani; Mohammad Suhail Khan; Md Faruque Ahmad; Abdelrhman A G Altijani; Awad Osman Abdalla Mohamed; Hytham Hummad; Ali Mohieldin; S Rehan Ahmad,2026,Cancers,10.3390/cancers18071088,41976311,,PMC13072142,https://pmc.ncbi.nlm.nih.gov/articles/PMC13072142/,https://pmc-oa-opendata.s3.amazonaws.com/PMC13072142.1/PMC13072142.1.pdf?md5=e32b1bb281cec3b3e4b0042501441440,PMC13072142.pdf,2026-08-08,CC BY,https://creativecommons.org/licenses/by/4.0/,approved_open_access,included,"Bulk PMC Open Access Subset acquisition matching this corpus's scope vocabulary (NSCLC + PD-1/PD-L1 checkpoint-inhibitor terms), deterministic identity/license/full-text adjudication, and a documented rule-based title scope screen excluding wrong cancer types, preclinical/mechanism-only studies, off-topic diagnostic/surgical-technique papers, and single-patient case reports. Not yet individually reviewed for the golden evidence map.",,sha256:5024c4b53a4cfb735e7f6d7bbf87fbf33dd2497646b63ffbf1c6d47f9ad7d4e8,paper,,,,,,"Acquired via bulk PMC OA ingestion pipeline (work/oncology/acquisition_receipt.json), not individually hand-curated. study_type/population/intervention/comparator left blank pending evidence-record-level review."
oncology-occhipinti-2026-network-analysis-predicts-pemb,Network analysis predicts pembrolizumab response in advanced NSCLC with PD-L1 < 50.,Mario Occhipinti; Antonella Cruoglio; Silvia Marchesi; Arsela Prelaj; Marco Petrilli; Aurelia Rughetti; Paolo Ambrosini; Elisabetta Ferretti; Claudia Proto; Monica Ganzinelli; Marta Brambilla; Laura Mazzeo; Teresa Beninato; Filippo de Braud; Marina Chiara Garassino; Lorenzo Farina; Giuseppe Lo Russo; Manuela Petti,2026,Cancer cell international,10.1186/s12935-026-04268-5,41888909,,PMC13147633,https://pmc.ncbi.nlm.nih.gov/articles/PMC13147633/,https://pmc-oa-opendata.s3.amazonaws.com/PMC13147633.1/PMC13147633.1.pdf?md5=694e620ac5ecaa0fa87eda138d41e007,PMC13147633.pdf,2026-08-08,CC BY,https://creativecommons.org/licenses/by/4.0/,approved_open_access,included,"Bulk PMC Open Access Subset acquisition matching this corpus's scope vocabulary (NSCLC + PD-1/PD-L1 checkpoint-inhibitor terms), deterministic identity/license/full-text adjudication, and a documented rule-based title scope screen excluding wrong cancer types, preclinical/mechanism-only studies, off-topic diagnostic/surgical-technique papers, and single-patient case reports. Not yet individually reviewed for the golden evidence map.",,sha256:15d53023ec97b3e8c5ad8e679375ceeb5699a692697fbf6ff10c00004113e7ba,paper,,,,,,"Acquired via bulk PMC OA ingestion pipeline (work/oncology/acquisition_receipt.json), not individually hand-curated. study_type/population/intervention/comparator left blank pending evidence-record-level review."
oncology-gargalionis-2026-polycystin-1-orchestrates-tumo,Polycystin-1 Orchestrates Tumor Context-Dependent Mechanotransduction Programs Driving Epithelial-to-Mesenchymal Transition and Invasion in Solid Cancers.,Antonios N Gargalionis; Kostas A Papavassiliou; Angeliki-Ioanna Giannopoulou; Panagiotis Sarantis; Christina Piperi; Eleftheria Lakiotaki; Anastasios Stofas; Christos Adamopoulos; Panagiota Kontou; Efstathios Boviatsis; Stefanos Korfias; Nikolaos Kavantzas; Penelope Korkolopoulou; Efthimia K Basdra; Athanasios G Papavassiliou,2026,International journal of biological sciences,10.7150/ijbs.131646,42003915,,PMC13086009,https://pmc.ncbi.nlm.nih.gov/articles/PMC13086009/,https://pmc-oa-opendata.s3.amazonaws.com/PMC13086009.1/PMC13086009.1.pdf?md5=61c7eb0dd421449249655f3e6b7ffe43,PMC13086009.pdf,2026-08-08,CC BY,https://creativecommons.org/licenses/by/4.0/,approved_open_access,included,"Bulk PMC Open Access Subset acquisition matching this corpus's scope vocabulary (NSCLC + PD-1/PD-L1 checkpoint-inhibitor terms), deterministic identity/license/full-text adjudication, and a documented rule-based title scope screen excluding wrong cancer types, preclinical/mechanism-only studies, off-topic diagnostic/surgical-technique papers, and single-patient case reports. Not yet individually reviewed for the golden evidence map.",,sha256:6a3feaeb6b1743c01736dddead70be613c5b15fbe0f2605cd9b2d2b8f979e8c3,paper,,,,,,"Acquired via bulk PMC OA ingestion pipeline (work/oncology/acquisition_receipt.json), not individually hand-curated. study_type/population/intervention/comparator left blank pending evidence-record-level review."
oncology-chen-2026-risk-factors-and-nomogram-pred,Risk factors and nomogram prediction model for checkpoint inhibitor-related pneumonitis in patients with advanced non-small cell lung cancer.,Ya-Fang Chen; Jiao Tian; Xiao-Mei Liu; Ying Hu; Yi He,2026,Frontiers in medicine,10.3389/fmed.2026.1742594,41958570,,PMC13057278,https://pmc.ncbi.nlm.nih.gov/articles/PMC13057278/,https://pmc-oa-opendata.s3.amazonaws.com/PMC13057278.1/PMC13057278.1.pdf?md5=cf2ae12657ed26cb3f46a5950aec9f98,PMC13057278.pdf,2026-08-08,CC BY,https://creativecommons.org/licenses/by/4.0/,approved_open_access,included,"Bulk PMC Open Access Subset acquisition matching this corpus's scope vocabulary (NSCLC + PD-1/PD-L1 checkpoint-inhibitor terms), deterministic identity/license/full-text adjudication, and a documented rule-based title scope screen excluding wrong cancer types, preclinical/mechanism-only studies, off-topic diagnostic/surgical-technique papers, and single-patient case reports. Not yet individually reviewed for the golden evidence map.",,sha256:05b249a5a6f6051a4c22ec1601b1642e797226fc7992bfa918c0647c1f906e6f,paper,,,,,,"Acquired via bulk PMC OA ingestion pipeline (work/oncology/acquisition_receipt.json), not individually hand-curated. study_type/population/intervention/comparator left blank pending evidence-record-level review."
oncology-goto-2026-a-probiotic-bacterium-modulate,A probiotic bacterium modulates antitumour γδ T-cell responses in lung cancer.,Yoshihiko Goto; Garry Dolton; Hannah Thomas; Théo Morin; Yuka Tajima; Kosuke Imamura; Shinya Sakata; Kentaro Oka; Atsushi Hayashi; Motomichi Takahashi; Takamasa Ueno; Takuro Sakagami; Yusuke Tomita; Andrew K Sewell; Chihiro Motozono,2026,Frontiers in immunology,10.3389/fimmu.2026.1750569,41993168,,PMC13079699,https://pmc.ncbi.nlm.nih.gov/articles/PMC13079699/,https://pmc-oa-opendata.s3.amazonaws.com/PMC13079699.1/PMC13079699.1.pdf?md5=fb66e7a6c2aa8fe7ddc7472126942a2f,PMC13079699.pdf,2026-08-08,CC BY,https://creativecommons.org/licenses/by/4.0/,approved_open_access,included,"Bulk PMC Open Access Subset acquisition matching this corpus's scope vocabulary (NSCLC + PD-1/PD-L1 checkpoint-inhibitor terms), deterministic identity/license/full-text adjudication, and a documented rule-based title scope screen excluding wrong cancer types, preclinical/mechanism-only studies, off-topic diagnostic/surgical-technique papers, and single-patient case reports. Not yet individually reviewed for the golden evidence map.",,sha256:21b8adcc977c61b81e8b5e300093a410f80a0536f6e4aca900b761eed895ffbe,paper,,,,,,"Acquired via bulk PMC OA ingestion pipeline (work/oncology/acquisition_receipt.json), not individually hand-curated. study_type/population/intervention/comparator left blank pending evidence-record-level review."
oncology-serio-2026-longitudinal-whole-exome-seque,Longitudinal Whole-Exome Sequencing of Cell-Free DNA Reveals Molecular Evolution and Heterogeneous Clinical Outcomes in PD-L1 Stratified Advanced NSCLC Adenocarcinoma Patients Treated with Atezolizumab.,Viola Bianca Serio; Tommaso Regoli; Debora Maffeo; Ignazio Martellucci; Diletta Rosati; Marco Ghisalberti; Alberto Balistreri; Gianluca Santamaria; Niccolò Vono; Francesca Mari; Francesca Colombo; Elisa Frullanti; Maria Palmieri,2026,International journal of molecular sciences,10.3390/ijms27072947,41977137,,PMC13073845,https://pmc.ncbi.nlm.nih.gov/articles/PMC13073845/,https://pmc-oa-opendata.s3.amazonaws.com/PMC13073845.1/PMC13073845.1.pdf?md5=8463b3f45e4df9c385fe04593f9772c3,PMC13073845.pdf,2026-08-08,CC BY,https://creativecommons.org/licenses/by/4.0/,approved_open_access,included,"Bulk PMC Open Access Subset acquisition matching this corpus's scope vocabulary (NSCLC + PD-1/PD-L1 checkpoint-inhibitor terms), deterministic identity/license/full-text adjudication, and a documented rule-based title scope screen excluding wrong cancer types, preclinical/mechanism-only studies, off-topic diagnostic/surgical-technique papers, and single-patient case reports. Not yet individually reviewed for the golden evidence map.",,sha256:6e7955d837741ff364f8b405ae670f4219f7e859aba5041184b83e2719387eec,paper,,,,,,"Acquired via bulk PMC OA ingestion pipeline (work/oncology/acquisition_receipt.json), not individually hand-curated. study_type/population/intervention/comparator left blank pending evidence-record-level review."
oncology-vasiliauskas-2026-longitudinal-analysis-of-perip,Longitudinal Analysis of Peripheral Blood CD4+ T-Cell Profiles and Clinical Outcomes in Metastatic Non-Small-Cell Lung Cancer Patients Following Bronchoscopic Cryotherapy and Pembrolizumab-Based Therapy.,Gediminas Vasiliauskas; Evelina Žemaitė; Erika Skrodenienė; Lina Poškienė; Skaidrius Miliauskas; Marius Žemaitis,2026,International journal of molecular sciences,10.3390/ijms27072927,41977120,,PMC13073585,https://pmc.ncbi.nlm.nih.gov/articles/PMC13073585/,https://pmc-oa-opendata.s3.amazonaws.com/PMC13073585.1/PMC13073585.1.pdf?md5=d3552ad05fb85d604250ee085c42d316,PMC13073585.pdf,2026-08-08,CC BY,https://creativecommons.org/licenses/by/4.0/,approved_open_access,included,"Bulk PMC Open Access Subset acquisition matching this corpus's scope vocabulary (NSCLC + PD-1/PD-L1 checkpoint-inhibitor terms), deterministic identity/license/full-text adjudication, and a documented rule-based title scope screen excluding wrong cancer types, preclinical/mechanism-only studies, off-topic diagnostic/surgical-technique papers, and single-patient case reports. Not yet individually reviewed for the golden evidence map.",,sha256:6d68da60ad8ac28efa59f1c2d641f80b5062e7a46b6618ae84eabb38e8fd0d2a,paper,,,,,,"Acquired via bulk PMC OA ingestion pipeline (work/oncology/acquisition_receipt.json), not individually hand-curated. study_type/population/intervention/comparator left blank pending evidence-record-level review."
oncology-celik-2026-impact-of-prior-mrna-covid-19,Impact of Prior mRNA COVID-19 Vaccination on PFS2 in NSCLC Patients Receiving Second-Line Immune Checkpoint Inhibitors: A Real-World Analysis.,Selahattin Çelik; Engin Eren Kavak; Esra Zeynelgil; Gökşen İnanç İmamoğlu; İsmail Dilli; Salih Karatlı; Mehmetcan Atak; Mustafa Altınbaş; Tülay Eren,2026,Journal of clinical medicine,10.3390/jcm15072475,41976774,,PMC13073436,https://pmc.ncbi.nlm.nih.gov/articles/PMC13073436/,https://pmc-oa-opendata.s3.amazonaws.com/PMC13073436.1/PMC13073436.1.pdf?md5=7ac23b73fb7c2b614f970d9be9f1d840,PMC13073436.pdf,2026-08-08,CC BY,https://creativecommons.org/licenses/by/4.0/,approved_open_access,included,"Bulk PMC Open Access Subset acquisition matching this corpus's scope vocabulary (NSCLC + PD-1/PD-L1 checkpoint-inhibitor terms), deterministic identity/license/full-text adjudication, and a documented rule-based title scope screen excluding wrong cancer types, preclinical/mechanism-only studies, off-topic diagnostic/surgical-technique papers, and single-patient case reports. Not yet individually reviewed for the golden evidence map.",,sha256:b0d7a2ab14b4a1f0b4210b136ed5d32034ecdab779d74c6e77350eb9a637eacd,paper,,,,,,"Acquired via bulk PMC OA ingestion pipeline (work/oncology/acquisition_receipt.json), not individually hand-curated. study_type/population/intervention/comparator left blank pending evidence-record-level review."
oncology-wang-2026-acidic-microenvironment-induce,"Acidic microenvironment-induced LAMC2 expression promotes proliferation, migration, and pathway regulation in non-small cell lung cancer cells.",Lu Wang; Dengliang Huang; Yaogang Zhang; Jing Hou; Meiyuan Tian; Jun Jiang; Yanyan Ma,2026,Frontiers in oncology,10.3389/fonc.2026.1747868,41952674,,PMC13053221,https://pmc.ncbi.nlm.nih.gov/articles/PMC13053221/,https://pmc-oa-opendata.s3.amazonaws.com/PMC13053221.1/PMC13053221.1.pdf?md5=453a1b33d9dc12e0f37c8e9f705b979b,PMC13053221.pdf,2026-08-08,CC BY,https://creativecommons.org/licenses/by/4.0/,approved_open_access,included,"Bulk PMC Open Access Subset acquisition matching this corpus's scope vocabulary (NSCLC + PD-1/PD-L1 checkpoint-inhibitor terms), deterministic identity/license/full-text adjudication, and a documented rule-based title scope screen excluding wrong cancer types, preclinical/mechanism-only studies, off-topic diagnostic/surgical-technique papers, and single-patient case reports. Not yet individually reviewed for the golden evidence map.",,sha256:c404956b00db3ac32c0a04f14ce34816294f32711a7bea318570420a80839832,paper,,,,,,"Acquired via bulk PMC OA ingestion pipeline (work/oncology/acquisition_receipt.json), not individually hand-curated. study_type/population/intervention/comparator left blank pending evidence-record-level review."
oncology-li-2026-advances-in-metabolic-reprogra,Advances in Metabolic Reprogramming and Immune Regulatory Mechanisms in Lung Cancer.,Xiaomeng Li; Xuejiao Li; Hongbo Wu; Rui Li,2026,Oncology research,10.32604/or.2026.076176,41930159,,PMC13040304,https://pmc.ncbi.nlm.nih.gov/articles/PMC13040304/,https://pmc-oa-opendata.s3.amazonaws.com/PMC13040304.1/PMC13040304.1.pdf?md5=2a18cb94f0e05c54f452df66046665e9,PMC13040304.pdf,2026-08-08,CC BY,https://creativecommons.org/licenses/by/4.0/,approved_open_access,included,"Bulk PMC Open Access Subset acquisition matching this corpus's scope vocabulary (NSCLC + PD-1/PD-L1 checkpoint-inhibitor terms), deterministic identity/license/full-text adjudication, and a documented rule-based title scope screen excluding wrong cancer types, preclinical/mechanism-only studies, off-topic diagnostic/surgical-technique papers, and single-patient case reports. Not yet individually reviewed for the golden evidence map.",,sha256:4dfc25bb9aff2a25654211a14a36264faba8f07cb3a912b9f9c2d087754e3d24,paper,,,,,,"Acquired via bulk PMC OA ingestion pipeline (work/oncology/acquisition_receipt.json), not individually hand-curated. study_type/population/intervention/comparator left blank pending evidence-record-level review."
oncology-wojskowicz-2026-a-real-world-single-center-obs,"A Real-World, Single-Center, Observational Retrospective Experience of Durvalumab Treatment After Concomitant Chemoradiation for Unresectable Stage III Non-Small Cell Lung Cancer.",Agnieszka Wojskowicz; Piotr Skalij; Dominika Hempel; Łukasz Zalewski; Monika Konopka-Filippow; Iwona Sidorkiewicz; Agnieszka Krzystyniak; Ewa Sierko,2026,Cancers,10.3390/cancers18061044,41899644,,PMC13025999,https://pmc.ncbi.nlm.nih.gov/articles/PMC13025999/,https://pmc-oa-opendata.s3.amazonaws.com/PMC13025999.1/PMC13025999.1.pdf?md5=e23661e03428e22435d58dc8424c17f8,PMC13025999.pdf,2026-08-08,CC BY,https://creativecommons.org/licenses/by/4.0/,approved_open_access,included,"Bulk PMC Open Access Subset acquisition matching this corpus's scope vocabulary (NSCLC + PD-1/PD-L1 checkpoint-inhibitor terms), deterministic identity/license/full-text adjudication, and a documented rule-based title scope screen excluding wrong cancer types, preclinical/mechanism-only studies, off-topic diagnostic/surgical-technique papers, and single-patient case reports. Not yet individually reviewed for the golden evidence map.",,sha256:46d52c6ef7a50e09ecb041e1c5052fe8bc4a1699811bf529b985c63a7b8cceb6,paper,,,,,,"Acquired via bulk PMC OA ingestion pipeline (work/oncology/acquisition_receipt.json), not individually hand-curated. study_type/population/intervention/comparator left blank pending evidence-record-level review."
oncology-mildanoglu-2026-immunotherapy-versus-chemo-imm,Immunotherapy Versus Chemo-Immunotherapy as First-Line Treatment in Metastatic Non-Small Cell Lung Cancer Patients with PD-L1 TPS ≥ 50%: A Real-World Retrospective Study.,Maral Martin Mildanoglu; Mehmet Haluk Yucel; Ebru Engin Delipoyraz; Erdem Sunger; Hakan Ozcelik; Sena Fidan; Cihat Terzioglu; Harun Muglu; Jamshid Hamdard; Burcin Cakan Demirel; Yasin Kutlu; Ozgur Acikgoz; Mesut Seker; Ahmet Bilici,2026,Journal of clinical medicine,10.3390/jcm15062406,41899326,,PMC13027139,https://pmc.ncbi.nlm.nih.gov/articles/PMC13027139/,https://pmc-oa-opendata.s3.amazonaws.com/PMC13027139.1/PMC13027139.1.pdf?md5=c298e3a49b2c8b1f85f27a5467cf0afa,PMC13027139.pdf,2026-08-08,CC BY,https://creativecommons.org/licenses/by/4.0/,approved_open_access,included,"Bulk PMC Open Access Subset acquisition matching this corpus's scope vocabulary (NSCLC + PD-1/PD-L1 checkpoint-inhibitor terms), deterministic identity/license/full-text adjudication, and a documented rule-based title scope screen excluding wrong cancer types, preclinical/mechanism-only studies, off-topic diagnostic/surgical-technique papers, and single-patient case reports. Not yet individually reviewed for the golden evidence map.",,sha256:cf1d5d431932ebcbfd1ab2698e5cfff71665ddc62e1923c5f4f7b69cbe3de99f,paper,,,,,,"Acquired via bulk PMC OA ingestion pipeline (work/oncology/acquisition_receipt.json), not individually hand-curated. study_type/population/intervention/comparator left blank pending evidence-record-level review."
oncology-liang-2026-lactylation-stabilizes-pd-l1-t,Lactylation stabilizes PD-L1 to promote tumor immune evasion and cell growth.,Lijun Liang; Yiqi Zong; Jinghao Huang; Yixuan Chen; Nuotong Xu; Pengyu Yan; Hai Song; Ming Wu,2026,Cell death & disease,10.1038/s41419-026-08589-1,41864972,,PMC13039446,https://pmc.ncbi.nlm.nih.gov/articles/PMC13039446/,https://pmc-oa-opendata.s3.amazonaws.com/PMC13039446.1/PMC13039446.1.pdf?md5=4eaf20a148625bc3a5f0389599e50761,PMC13039446.pdf,2026-08-08,CC BY,https://creativecommons.org/licenses/by/4.0/,approved_open_access,included,"Bulk PMC Open Access Subset acquisition matching this corpus's scope vocabulary (NSCLC + PD-1/PD-L1 checkpoint-inhibitor terms), deterministic identity/license/full-text adjudication, and a documented rule-based title scope screen excluding wrong cancer types, preclinical/mechanism-only studies, off-topic diagnostic/surgical-technique papers, and single-patient case reports. Not yet individually reviewed for the golden evidence map.",,sha256:3a9c0a0a549b154ab5a00eda24c21007b6f733253d3a8419e5323439153bf744,paper,,,,,,"Acquired via bulk PMC OA ingestion pipeline (work/oncology/acquisition_receipt.json), not individually hand-curated. study_type/population/intervention/comparator left blank pending evidence-record-level review."
oncology-huang-2026-heterogeneity-of-response-to-p,[Heterogeneity of Response to PD-1/PD-L1 Inhibitors in Elderly Patients with Advanced NSCLC under the Background of Immunosenescence and Intervention Strategies].,Yurong Huang; Yuan Wang; Aojiao Wei; Yulu Xiong; Mingzhi Duan; Tongyao Xu; Wenjie He,2026,Zhongguo fei ai za zhi = Chinese journal of lung cancer,10.3779/j.issn.1009-3419.2026.101.05,42124414,,PMC13168003,https://pmc.ncbi.nlm.nih.gov/articles/PMC13168003/,https://pmc-oa-opendata.s3.amazonaws.com/PMC13168003.1/PMC13168003.1.pdf?md5=ea4d651a46a10f6afce54ee37aa0c9a5,PMC13168003.pdf,2026-08-08,CC BY,https://creativecommons.org/licenses/by/4.0/,approved_open_access,included,"Bulk PMC Open Access Subset acquisition matching this corpus's scope vocabulary (NSCLC + PD-1/PD-L1 checkpoint-inhibitor terms), deterministic identity/license/full-text adjudication, and a documented rule-based title scope screen excluding wrong cancer types, preclinical/mechanism-only studies, off-topic diagnostic/surgical-technique papers, and single-patient case reports. Not yet individually reviewed for the golden evidence map.",,sha256:7a42fe64cfb9bbe7e31dae57b1253867a22fcd8e5dd8f28a37300d44698c0f7e,paper,,,,,,"Acquired via bulk PMC OA ingestion pipeline (work/oncology/acquisition_receipt.json), not individually hand-curated. study_type/population/intervention/comparator left blank pending evidence-record-level review."
oncology-liu-2026-clinicopathological-genomic-ch,"[Clinicopathological, Genomic Characteristics and Prognostic Analysis in 18 Cases of SMARCA4-deficient or SMARCA4-mutated Pulmonary Tumors].",Chang Liu; Jing Yang; Fanlu Meng; Linlin Zhang; Xin Wang; Tao Yu; Diansheng Zhong,2026,Zhongguo fei ai za zhi = Chinese journal of lung cancer,10.3779/j.issn.1009-3419.2026.106.09,42124413,,PMC13167991,https://pmc.ncbi.nlm.nih.gov/articles/PMC13167991/,https://pmc-oa-opendata.s3.amazonaws.com/PMC13167991.1/PMC13167991.1.pdf?md5=220437ada36f07f111d06b0bef127cba,PMC13167991.pdf,2026-08-08,CC BY,https://creativecommons.org/licenses/by/4.0/,approved_open_access,included,"Bulk PMC Open Access Subset acquisition matching this corpus's scope vocabulary (NSCLC + PD-1/PD-L1 checkpoint-inhibitor terms), deterministic identity/license/full-text adjudication, and a documented rule-based title scope screen excluding wrong cancer types, preclinical/mechanism-only studies, off-topic diagnostic/surgical-technique papers, and single-patient case reports. Not yet individually reviewed for the golden evidence map.",,sha256:fb3657365adc2f013a44b29c78af63bad4b50ea19123a3704ffa612bea0009cd,paper,,,,,,"Acquired via bulk PMC OA ingestion pipeline (work/oncology/acquisition_receipt.json), not individually hand-curated. study_type/population/intervention/comparator left blank pending evidence-record-level review."
oncology-gao-2026-atad2-drives-immunotherapy-res,ATAD2 drives immunotherapy resistance by promoting lactic acid-mediated CD8+ T cell dysfunction in lung adenocarcinoma.,Wanfeng Gao; Jialei Xu; Yue Li; Jingchang Zhang; Chenghao Ma; Junfeng Chen; Jiajing Chen,2026,Frontiers in immunology,10.3389/fimmu.2026.1800533,41939918,,PMC13044016,https://pmc.ncbi.nlm.nih.gov/articles/PMC13044016/,https://pmc-oa-opendata.s3.amazonaws.com/PMC13044016.1/PMC13044016.1.pdf?md5=22bd567a367b719d47154d5b8f4ba977,PMC13044016.pdf,2026-08-08,CC BY,https://creativecommons.org/licenses/by/4.0/,approved_open_access,included,"Bulk PMC Open Access Subset acquisition matching this corpus's scope vocabulary (NSCLC + PD-1/PD-L1 checkpoint-inhibitor terms), deterministic identity/license/full-text adjudication, and a documented rule-based title scope screen excluding wrong cancer types, preclinical/mechanism-only studies, off-topic diagnostic/surgical-technique papers, and single-patient case reports. Not yet individually reviewed for the golden evidence map.",,sha256:512b7a3132b79af56c69601c8b04a35b0fccdcaf28b30b971f5c0f3bb264a229,paper,,,,,,"Acquired via bulk PMC OA ingestion pipeline (work/oncology/acquisition_receipt.json), not individually hand-curated. study_type/population/intervention/comparator left blank pending evidence-record-level review."
oncology-hu-2026-islet-function-impairment-outc,Islet function impairment outcomes of immune checkpoint inhibitors in cancer patients: a systematic review and meta-analysis.,Qi Hu; Yongzheng Fan; Ping He,2026,Frontiers in immunology,10.3389/fimmu.2026.1669492,41939914,,PMC13044012,https://pmc.ncbi.nlm.nih.gov/articles/PMC13044012/,https://pmc-oa-opendata.s3.amazonaws.com/PMC13044012.1/PMC13044012.1.pdf?md5=d0901c000d2a6868ac37ea02a4adbe57,PMC13044012.pdf,2026-08-08,CC BY,https://creativecommons.org/licenses/by/4.0/,approved_open_access,included,"Bulk PMC Open Access Subset acquisition matching this corpus's scope vocabulary (NSCLC + PD-1/PD-L1 checkpoint-inhibitor terms), deterministic identity/license/full-text adjudication, and a documented rule-based title scope screen excluding wrong cancer types, preclinical/mechanism-only studies, off-topic diagnostic/surgical-technique papers, and single-patient case reports. Not yet individually reviewed for the golden evidence map.",,sha256:f77a2a5533a63e4c16eb43bf0031bcf4e1dccebd2886fea1a0b6a1e3d34cfb18,paper,,,,,,"Acquired via bulk PMC OA ingestion pipeline (work/oncology/acquisition_receipt.json), not individually hand-curated. study_type/population/intervention/comparator left blank pending evidence-record-level review."
oncology-sommervoll-2026-how-does-pulmonary-function-im,How does pulmonary function impact QoL in patients with locally advanced NSCLC treated with chemoradiotherapy and durvalumab?,Frigg Å Sommervoll; Henrik Horndalsveen; Dag Einar Sommervoll; Jussi Koivonen; Tarje Onsøien Halvorsen; Bjørn Henning Grønberg; Marianne Aanerud; Saulius Cicenas; Nina Helbekkmo; Jarkko Ahvonen; Maria Silvoniemi; Gina Barrera; Maria M Bjaanæs; Vilde Haakensen; Åsa Öjlert; Kersti Oselin; Åslaug Helland; Tesfaye Madebo,2026,"Acta oncologica (Stockholm, Sweden)",10.2340/1651-226X.2026.45040,41854264,,PMC13006962,https://pmc.ncbi.nlm.nih.gov/articles/PMC13006962/,https://pmc-oa-opendata.s3.amazonaws.com/PMC13006962.1/PMC13006962.1.pdf?md5=8ea1ae8ebbbc01114e326c055f54170c,PMC13006962.pdf,2026-08-08,CC BY,https://creativecommons.org/licenses/by/4.0/,approved_open_access,included,"Bulk PMC Open Access Subset acquisition matching this corpus's scope vocabulary (NSCLC + PD-1/PD-L1 checkpoint-inhibitor terms), deterministic identity/license/full-text adjudication, and a documented rule-based title scope screen excluding wrong cancer types, preclinical/mechanism-only studies, off-topic diagnostic/surgical-technique papers, and single-patient case reports. Not yet individually reviewed for the golden evidence map.",,sha256:50d59828839a97b4b00d17c9b47d2bec991f4779ddd39f8b45a842e1c5f1b9de,paper,,,,,,"Acquired via bulk PMC OA ingestion pipeline (work/oncology/acquisition_receipt.json), not individually hand-curated. study_type/population/intervention/comparator left blank pending evidence-record-level review."
oncology-chen-2026-comparative-efficacy-and-safet,Comparative Efficacy and Safety of First-Line Immune Checkpoint Inhibitors Plus Chemotherapy with or Without Bevacizumab in Advanced Non-Squamous Non-Small Cell Lung Carcinoma.,Ping Chen; Mengchi Wang; Siyan Peng; Honglin Zhu; Yanming Wang; Zixuan Wan; Xuan Yang; Zhixin Yu; Yixin Zhou,2026,"Current oncology (Toronto, Ont.)",10.3390/curroncol33030173,41892201,,PMC13025701,https://pmc.ncbi.nlm.nih.gov/articles/PMC13025701/,https://pmc-oa-opendata.s3.amazonaws.com/PMC13025701.1/PMC13025701.1.pdf?md5=2e2b608c79dda7d0b47c3ea6028b6f4e,PMC13025701.pdf,2026-08-08,CC BY,https://creativecommons.org/licenses/by/4.0/,approved_open_access,included,"Bulk PMC Open Access Subset acquisition matching this corpus's scope vocabulary (NSCLC + PD-1/PD-L1 checkpoint-inhibitor terms), deterministic identity/license/full-text adjudication, and a documented rule-based title scope screen excluding wrong cancer types, preclinical/mechanism-only studies, off-topic diagnostic/surgical-technique papers, and single-patient case reports. Not yet individually reviewed for the golden evidence map.",,sha256:82b0138fcd8573fe2229cc8ee3cbda824290b05383616b2a0ece6abcce6e0145,paper,,,,,,"Acquired via bulk PMC OA ingestion pipeline (work/oncology/acquisition_receipt.json), not individually hand-curated. study_type/population/intervention/comparator left blank pending evidence-record-level review."
oncology-wang-2026-engineering-bite-inspired-ipsc,Engineering BiTE-inspired IPSC-exosomes to potentiate CAR-T cell therapy against lung cancer.,Ronghao Wang; Guining Fu; Haozhao Dou; Mingyuan Hu; Zhanglin Li; Junwen Gan; Jiasheng He; Xiaojian Li; Guihong Zhang; Xianjun Li; Tianchuan Zhu; Qingdong Cao,2026,Journal of nanobiotechnology,10.1186/s12951-026-04242-3,41845388,,PMC13107855,https://pmc.ncbi.nlm.nih.gov/articles/PMC13107855/,https://pmc-oa-opendata.s3.amazonaws.com/PMC13107855.1/PMC13107855.1.pdf?md5=21ae527bf07c08d1226a2b1fe51872d2,PMC13107855.pdf,2026-08-08,CC BY,https://creativecommons.org/licenses/by/4.0/,approved_open_access,included,"Bulk PMC Open Access Subset acquisition matching this corpus's scope vocabulary (NSCLC + PD-1/PD-L1 checkpoint-inhibitor terms), deterministic identity/license/full-text adjudication, and a documented rule-based title scope screen excluding wrong cancer types, preclinical/mechanism-only studies, off-topic diagnostic/surgical-technique papers, and single-patient case reports. Not yet individually reviewed for the golden evidence map.",,sha256:195afe6dfb0a829af06ea465bef1843ba9490a1a724be881e3470e38b4413fe4,paper,,,,,,"Acquired via bulk PMC OA ingestion pipeline (work/oncology/acquisition_receipt.json), not individually hand-curated. study_type/population/intervention/comparator left blank pending evidence-record-level review."
oncology-mucha-2026-the-role-of-the-ecto-nucleotid,The Role of the Ecto-Nucleotidases CD73 and CD39 in Chemo- and Immunotherapy.,Patryk T Mucha; Ankita Brahmachari; Marika A Frańczak; Marta Tomczyk; Barbara Kutryb-Zając; Patrycja Koszałka; Elisa Giovannetti; Godefridus J Peters,2026,Cancers,10.3390/cancers18060957,41899559,,PMC13024995,https://pmc.ncbi.nlm.nih.gov/articles/PMC13024995/,https://pmc-oa-opendata.s3.amazonaws.com/PMC13024995.1/PMC13024995.1.pdf?md5=5d01138884cf525a0bb291ef600671df,PMC13024995.pdf,2026-08-08,CC BY,https://creativecommons.org/licenses/by/4.0/,approved_open_access,included,"Bulk PMC Open Access Subset acquisition matching this corpus's scope vocabulary (NSCLC + PD-1/PD-L1 checkpoint-inhibitor terms), deterministic identity/license/full-text adjudication, and a documented rule-based title scope screen excluding wrong cancer types, preclinical/mechanism-only studies, off-topic diagnostic/surgical-technique papers, and single-patient case reports. Not yet individually reviewed for the golden evidence map.",,sha256:39b848fadb904346de90c7817bd2febe7856fbb4bafe9a028ab525d69aa175c6,paper,,,,,,"Acquired via bulk PMC OA ingestion pipeline (work/oncology/acquisition_receipt.json), not individually hand-curated. study_type/population/intervention/comparator left blank pending evidence-record-level review."
oncology-wang-2026-response-adapted-benefit-of-po,Response-Adapted Benefit of Postoperative Adjuvant Therapy Following Neoadjuvant Treatment in Resectable NSCLC: A Single-Center Retrospective Cohort Study.,Yanbo Wang; Weiran Zhang; Xin Wang; Han Zhang; Qiuqiao Mu; Jianyu Wang; Qingsheng Liu; Guotai Wang; Xin Li; Daqiang Sun,2026,Cancers,10.3390/cancers18060955,41899557,,PMC13025113,https://pmc.ncbi.nlm.nih.gov/articles/PMC13025113/,https://pmc-oa-opendata.s3.amazonaws.com/PMC13025113.1/PMC13025113.1.pdf?md5=cfb5301929ee381e28ba5cd2d270abf0,PMC13025113.pdf,2026-08-08,CC BY,https://creativecommons.org/licenses/by/4.0/,approved_open_access,included,"Bulk PMC Open Access Subset acquisition matching this corpus's scope vocabulary (NSCLC + PD-1/PD-L1 checkpoint-inhibitor terms), deterministic identity/license/full-text adjudication, and a documented rule-based title scope screen excluding wrong cancer types, preclinical/mechanism-only studies, off-topic diagnostic/surgical-technique papers, and single-patient case reports. Not yet individually reviewed for the golden evidence map.",,sha256:ff2de5f68f80f47724d33fe8b6b404c57a091ee96aa0b08e47bae385f957ce64,paper,,,,,,"Acquired via bulk PMC OA ingestion pipeline (work/oncology/acquisition_receipt.json), not individually hand-curated. study_type/population/intervention/comparator left blank pending evidence-record-level review."
oncology-tsuruta-2026-c-x-c-chemokine-receptor-cxcr4,C-X-C chemokine receptor CXCR4 mediates diurnal changes in the aggregation and dispersion of CD8+ T cells within the tumor microenvironment.,Akito Tsuruta; Marina Fujimoto; Yasuha Hiraoka; Aoi Taniguchi; Yuki Shiiba; Takuto Inoki; Tomoaki Yamauchi; Yuya Yoshida; Naoya Matsunaga; Shigehiro Ohdo; Satoru Koyanagi,2026,International journal of cancer,10.1002/ijc.70252,41257391,,PMC12811207,https://pmc.ncbi.nlm.nih.gov/articles/PMC12811207/,https://pmc-oa-opendata.s3.amazonaws.com/PMC12811207.1/PMC12811207.1.pdf?md5=0e3ab041ba028885d20f0fd9f0c52bf7,PMC12811207.pdf,2026-08-08,CC BY,https://creativecommons.org/licenses/by/4.0/,approved_open_access,included,"Bulk PMC Open Access Subset acquisition matching this corpus's scope vocabulary (NSCLC + PD-1/PD-L1 checkpoint-inhibitor terms), deterministic identity/license/full-text adjudication, and a documented rule-based title scope screen excluding wrong cancer types, preclinical/mechanism-only studies, off-topic diagnostic/surgical-technique papers, and single-patient case reports. Not yet individually reviewed for the golden evidence map.",,sha256:86e605df1d3fe06a41282150e75e2c8b08c9d2f066e974c500809111cce1aae8,paper,,,,,,"Acquired via bulk PMC OA ingestion pipeline (work/oncology/acquisition_receipt.json), not individually hand-curated. study_type/population/intervention/comparator left blank pending evidence-record-level review."
oncology-kozlikova-2026-photochemical-enhancement-of-p,Photochemical enhancement of PD-L1-SAP immunotoxin efficacy in non-small cell lung cancer cell lines.,Magdaléna Kozlíková; Inger Kristine Fjeldskaar Aukrust; Monika Rohlíčková; Miloslav Macháček; Kristian Berg; Anette Weyergang; Pål Kristian Selbo,2026,Frontiers in immunology,10.3389/fimmu.2026.1750003,41909645,,PMC13021574,https://pmc.ncbi.nlm.nih.gov/articles/PMC13021574/,https://pmc-oa-opendata.s3.amazonaws.com/PMC13021574.1/PMC13021574.1.pdf?md5=23b3f465264fdc19bd05620b493a8fce,PMC13021574.pdf,2026-08-08,CC BY,https://creativecommons.org/licenses/by/4.0/,approved_open_access,included,"Bulk PMC Open Access Subset acquisition matching this corpus's scope vocabulary (NSCLC + PD-1/PD-L1 checkpoint-inhibitor terms), deterministic identity/license/full-text adjudication, and a documented rule-based title scope screen excluding wrong cancer types, preclinical/mechanism-only studies, off-topic diagnostic/surgical-technique papers, and single-patient case reports. Not yet individually reviewed for the golden evidence map.",,sha256:5f0ceb491c4e029442934a27f354a71f2dcaaebf10aad200cb228b0b6071dc09,paper,,,,,,"Acquired via bulk PMC OA ingestion pipeline (work/oncology/acquisition_receipt.json), not individually hand-curated. study_type/population/intervention/comparator left blank pending evidence-record-level review."
oncology-gandara-2026-association-between-patient-re,Association Between Patient-Reported Outcomes and Overall Survival in Patients with Advanced NSCLC Treated with First-Line Cemiplimab-Based Therapy.,David R Gandara; Tamta Makharadze; Mahmut Gümüş; Miranda Gogishvili; Ahmet Sezer; Eric Kim; Eric Yan; Frank Seebach; James Harnett; Ruben G W Quek,2026,Cancers,10.3390/cancers18060916,41899521,,PMC13024962,https://pmc.ncbi.nlm.nih.gov/articles/PMC13024962/,https://pmc-oa-opendata.s3.amazonaws.com/PMC13024962.1/PMC13024962.1.pdf?md5=bbbe94a55a4084dea2142dd5b364f99c,PMC13024962.pdf,2026-08-08,CC BY,https://creativecommons.org/licenses/by/4.0/,approved_open_access,included,"Bulk PMC Open Access Subset acquisition matching this corpus's scope vocabulary (NSCLC + PD-1/PD-L1 checkpoint-inhibitor terms), deterministic identity/license/full-text adjudication, and a documented rule-based title scope screen excluding wrong cancer types, preclinical/mechanism-only studies, off-topic diagnostic/surgical-technique papers, and single-patient case reports. Not yet individually reviewed for the golden evidence map.",,sha256:723def194452480fd01b50b0c104890d5e4a1989714e1104b368313da0ba49c7,paper,,,,,,"Acquired via bulk PMC OA ingestion pipeline (work/oncology/acquisition_receipt.json), not individually hand-curated. study_type/population/intervention/comparator left blank pending evidence-record-level review."
oncology-darshini-2026-the-eye-never-lies-when-a-lesi,The Eye Never Lies: When A Lesion Unveils Lung Cancer.,Sivanesan Darshini; Nor Safiqah Sharil; Boon Hau Ng; Xin Yee Chong; Andrea Yu-Lin Ban; Nik Nuratiqah Nik Abeed,2026,Respirology case reports,10.1002/rcr2.70540,42022515,,PMC13098104,https://pmc.ncbi.nlm.nih.gov/articles/PMC13098104/,https://pmc-oa-opendata.s3.amazonaws.com/PMC13098104.1/PMC13098104.1.pdf?md5=f62737e0b0ce15a8277f306d718f19b9,PMC13098104.pdf,2026-08-08,CC BY,https://creativecommons.org/licenses/by/4.0/,approved_open_access,included,"Bulk PMC Open Access Subset acquisition matching this corpus's scope vocabulary (NSCLC + PD-1/PD-L1 checkpoint-inhibitor terms), deterministic identity/license/full-text adjudication, and a documented rule-based title scope screen excluding wrong cancer types, preclinical/mechanism-only studies, off-topic diagnostic/surgical-technique papers, and single-patient case reports. Not yet individually reviewed for the golden evidence map.",,sha256:81e771d744b262c6158e0e40da7a865f6e21edf5993c53f40e59d8fe566700cc,paper,,,,,,"Acquired via bulk PMC OA ingestion pipeline (work/oncology/acquisition_receipt.json), not individually hand-curated. study_type/population/intervention/comparator left blank pending evidence-record-level review."
oncology-herz-2026-radiation-dose-dependent-and-i,Radiation Dose-Dependent and -Independent Pulmonary Infiltrates in Patients with High-Grade Pneumonitis After Radiochemotherapy and Durvalumab Consolidation for Stage III NSCLC.,Andreas Herz; Aymane Khouya; Maja Guberina; Martin Metzenmacher; Marcel Opitz; Christoph Pöttgen; Gerrit Fischedick; Hubertus Hautzel; Thomas Gauler; Ken Herrmann; Erik Büscher; Servet Bölükbas; Fabian Doerr; Natalie Baldes; Laura Valentina Klüner; Benedikt M Schaarschmidt; Rüdiger Karpf-Wissel; Jane Winantea; Denise Bos; Verena Jendrossek; Emil Mladenov; Lena Gockeln; Mario Andre Hetzel; Florian Wirsdörfer; Martin Schuler; Martin Stuschke; Nika Guberina,2026,"Diagnostics (Basel, Switzerland)",10.3390/diagnostics16060827,41897560,,PMC13025436,https://pmc.ncbi.nlm.nih.gov/articles/PMC13025436/,https://pmc-oa-opendata.s3.amazonaws.com/PMC13025436.1/PMC13025436.1.pdf?md5=873a8e447f7ec1af13e4c7b671bb7d12,PMC13025436.pdf,2026-08-08,CC BY,https://creativecommons.org/licenses/by/4.0/,approved_open_access,included,"Bulk PMC Open Access Subset acquisition matching this corpus's scope vocabulary (NSCLC + PD-1/PD-L1 checkpoint-inhibitor terms), deterministic identity/license/full-text adjudication, and a documented rule-based title scope screen excluding wrong cancer types, preclinical/mechanism-only studies, off-topic diagnostic/surgical-technique papers, and single-patient case reports. Not yet individually reviewed for the golden evidence map.",,sha256:273913bd13a9f5c479a706b481ea8aaf56ca44274c650960f8413ec898a09b22,paper,,,,,,"Acquired via bulk PMC OA ingestion pipeline (work/oncology/acquisition_receipt.json), not individually hand-curated. study_type/population/intervention/comparator left blank pending evidence-record-level review."
oncology-zhao-2026-c1rl-as1-microrna-424-5p-adren,C1RL-AS1/microRNA-424-5p/adrenoceptor β2 axis: A novel regulatory mechanism in lung adenocarcinoma associated with immune infiltration and prognosis.,Wenqi Zhao; Liming Yi; Gaopeng Wu; Zhiqi Gao; Na Sun,2026,PloS one,10.1371/journal.pone.0343805,41811864,,PMC12978463,https://pmc.ncbi.nlm.nih.gov/articles/PMC12978463/,https://pmc-oa-opendata.s3.amazonaws.com/PMC12978463.1/PMC12978463.1.pdf?md5=f880206f1dcd6255d5f826f6b5a90672,PMC12978463.pdf,2026-08-08,CC BY,https://creativecommons.org/licenses/by/4.0/,approved_open_access,included,"Bulk PMC Open Access Subset acquisition matching this corpus's scope vocabulary (NSCLC + PD-1/PD-L1 checkpoint-inhibitor terms), deterministic identity/license/full-text adjudication, and a documented rule-based title scope screen excluding wrong cancer types, preclinical/mechanism-only studies, off-topic diagnostic/surgical-technique papers, and single-patient case reports. Not yet individually reviewed for the golden evidence map.",,sha256:9a926a3cf9787cd64b5201236bce6f30d86573f42dcfcae2fd2877c3d42ddf4f,paper,,,,,,"Acquired via bulk PMC OA ingestion pipeline (work/oncology/acquisition_receipt.json), not individually hand-curated. study_type/population/intervention/comparator left blank pending evidence-record-level review."
oncology-zhang-2026-a-single-arm-phase-ib-study-of,A single-arm phase Ib study of personalized peptide-pulsed dendritic cell-based multiple target cytotoxic T lymphocyte immunotherapy in combination with toripalimab as second-line therapy in advanced non-small-cell lung cancer.,Weihong Zhang; Jing Qin; Jing Luo; Yanjuan Xiong; Fan Yang; Bin Li; Meng Shen; Huizhen Geng; Zibo Li; Xiao Tian; Shuzhan Li; Runmei Li; Yang Wang; Xinwei Zhang; Xiubao Ren; Qian Sun; Li Zhou; Liang Liu,2026,"Cancer immunology, immunotherapy : CII",10.1007/s00262-026-04338-7,41811469,,PMC12979723,https://pmc.ncbi.nlm.nih.gov/articles/PMC12979723/,https://pmc-oa-opendata.s3.amazonaws.com/PMC12979723.1/PMC12979723.1.pdf?md5=3a62c467dba52d1df8af5c1ec2616af1,PMC12979723.pdf,2026-08-08,CC BY,https://creativecommons.org/licenses/by/4.0/,approved_open_access,included,"Bulk PMC Open Access Subset acquisition matching this corpus's scope vocabulary (NSCLC + PD-1/PD-L1 checkpoint-inhibitor terms), deterministic identity/license/full-text adjudication, and a documented rule-based title scope screen excluding wrong cancer types, preclinical/mechanism-only studies, off-topic diagnostic/surgical-technique papers, and single-patient case reports. Not yet individually reviewed for the golden evidence map.",,sha256:7b3a52bde1b6d52479e3d0be7c145a82eaafd8225a445f9d8bddab218dee8d11,paper,,,,,,"Acquired via bulk PMC OA ingestion pipeline (work/oncology/acquisition_receipt.json), not individually hand-curated. study_type/population/intervention/comparator left blank pending evidence-record-level review."
oncology-yang-2026-soluble-cytokines-and-chemokin,Soluble cytokines and chemokines in NSCLC: drivers of immune evasion and angiogenesis.,Liang Yang; Zhijun Fan; Zhe Wang; Dong Zhou,2026,Frontiers in immunology,10.3389/fimmu.2026.1699065,41884817,,PMC13011355,https://pmc.ncbi.nlm.nih.gov/articles/PMC13011355/,https://pmc-oa-opendata.s3.amazonaws.com/PMC13011355.1/PMC13011355.1.pdf?md5=93252b96a9a889d7352cbf49f6dee123,PMC13011355.pdf,2026-08-08,CC BY,https://creativecommons.org/licenses/by/4.0/,approved_open_access,included,"Bulk PMC Open Access Subset acquisition matching this corpus's scope vocabulary (NSCLC + PD-1/PD-L1 checkpoint-inhibitor terms), deterministic identity/license/full-text adjudication, and a documented rule-based title scope screen excluding wrong cancer types, preclinical/mechanism-only studies, off-topic diagnostic/surgical-technique papers, and single-patient case reports. Not yet individually reviewed for the golden evidence map.",,sha256:6b776bba9479938489abf715f039b7a751546a28121987094b380f5b2e58c1c4,paper,,,,,,"Acquired via bulk PMC OA ingestion pipeline (work/oncology/acquisition_receipt.json), not individually hand-curated. study_type/population/intervention/comparator left blank pending evidence-record-level review."
oncology-tsuboi-2026-a-subgroup-analysis-of-periope,A Subgroup Analysis of Perioperative Pembrolizumab in Clinical Stage II Non-Small-Cell Lung Cancer from the Randomized KEYNOTE-671 Study.,Masahiro Tsuboi; Heather Wakelee; Marina C Garassino; Shugeng Gao; Alexander Luft; Ke-Neng Chen; Jonathan D Spicer; Yuming Zhu; Hisashi Saji; Morihito Okada; Tõnu Vanakesa; Haiquan Chen; Guofang Zhao; Norihiko Ikeda; David R Jones; Benny Weksler; Chien-Sheng Huang; Erin Jensen; Steven M Keller; Ayman Samkari; Moishe Liberman,2026,European journal of cardio-thoracic surgery : official journal of the European Association for Cardio-thoracic Surgery,10.1093/ejcts/ezag028,41875364,,PMC13020334,https://pmc.ncbi.nlm.nih.gov/articles/PMC13020334/,https://pmc-oa-opendata.s3.amazonaws.com/PMC13020334.1/PMC13020334.1.pdf?md5=fecc83abbd78bbea678560071b9815dc,PMC13020334.pdf,2026-08-08,CC BY,https://creativecommons.org/licenses/by/4.0/,approved_open_access,included,"Bulk PMC Open Access Subset acquisition matching this corpus's scope vocabulary (NSCLC + PD-1/PD-L1 checkpoint-inhibitor terms), deterministic identity/license/full-text adjudication, and a documented rule-based title scope screen excluding wrong cancer types, preclinical/mechanism-only studies, off-topic diagnostic/surgical-technique papers, and single-patient case reports. Not yet individually reviewed for the golden evidence map.",,sha256:35a0c2adb5d6b3b051e096268d92e0b6487d9613e806c2b4d3d63aa44c28298c,paper,,,,,,"Acquired via bulk PMC OA ingestion pipeline (work/oncology/acquisition_receipt.json), not individually hand-curated. study_type/population/intervention/comparator left blank pending evidence-record-level review."
oncology-hasegawa-2026-long-term-survival-achieved-by,Long-Term Survival Achieved by Combined Surgical Resection and Immunotherapy for Recurrent Adrenal Oligometastasis of Lung Adenocarcinoma: A Case Study.,Sachie Hasegawa; Takumi Kiwamoto; Yuka Aida; Toshihiro Shiozawa; Nobuyuki Hizawa,2026,Cureus,10.7759/cureus.104958,41970061,,PMC13065258,https://pmc.ncbi.nlm.nih.gov/articles/PMC13065258/,https://pmc-oa-opendata.s3.amazonaws.com/PMC13065258.1/PMC13065258.1.pdf?md5=3ea5b1c718ff794e138dbd7f2e5d3d31,PMC13065258.pdf,2026-08-08,CC BY,https://creativecommons.org/licenses/by/4.0/,approved_open_access,included,"Bulk PMC Open Access Subset acquisition matching this corpus's scope vocabulary (NSCLC + PD-1/PD-L1 checkpoint-inhibitor terms), deterministic identity/license/full-text adjudication, and a documented rule-based title scope screen excluding wrong cancer types, preclinical/mechanism-only studies, off-topic diagnostic/surgical-technique papers, and single-patient case reports. Not yet individually reviewed for the golden evidence map.",,sha256:764d8e815080a4cf43e05c1d0d73e6f231c12f6f5e4afbf3eeb2d73e39189345,paper,,,,,,"Acquired via bulk PMC OA ingestion pipeline (work/oncology/acquisition_receipt.json), not individually hand-curated. study_type/population/intervention/comparator left blank pending evidence-record-level review."
oncology-guzel-2026-comparison-of-6-cycles-with-4,Comparison of 6 cycles with 4 cycles of chemotherapy and atezolizumab in the first-line treatment of ES-SCLC: a retrospective multicenter analysis.,Halil Göksel Güzel; Derya Kıvrak Salim; Saadettin Kılıçkap; Yasemin Kemal; Cengiz Akosman; Çağlar Köseoğlu; Alper Coşkun; Seval Orman; Safa Can Efil; Onur Baş; Esra Zeynelgil; Halil Çelik; Aytaç Terzi; Tuba Karaçelik; Nuri Karadurmuş; Erdem Çubukçu; Tuğba Başoğlu Tüylü; Burak Bilgin; Mustafa Erman; Serdar Karakaya; Kadir Eser; Elif Atağ; Melek Karakurt Eryılmaz; Banu Öztürk,2026,The oncologist,10.1093/oncolo/oyag092,41838398,,PMC13049592,https://pmc.ncbi.nlm.nih.gov/articles/PMC13049592/,https://pmc-oa-opendata.s3.amazonaws.com/PMC13049592.1/PMC13049592.1.pdf?md5=189f774f3d17ff8fd5d7e21b082c6a60,PMC13049592.pdf,2026-08-08,CC BY,https://creativecommons.org/licenses/by/4.0/,approved_open_access,included,"Bulk PMC Open Access Subset acquisition matching this corpus's scope vocabulary (NSCLC + PD-1/PD-L1 checkpoint-inhibitor terms), deterministic identity/license/full-text adjudication, and a documented rule-based title scope screen excluding wrong cancer types, preclinical/mechanism-only studies, off-topic diagnostic/surgical-technique papers, and single-patient case reports. Not yet individually reviewed for the golden evidence map.",,sha256:0e28d61e069afa500bc92f9be79641212eec700ed6d5e56972e6154108f94cc9,paper,,,,,,"Acquired via bulk PMC OA ingestion pipeline (work/oncology/acquisition_receipt.json), not individually hand-curated. study_type/population/intervention/comparator left blank pending evidence-record-level review."
oncology-xu-2026-the-neutrophil-net-axis-in-imm,"The Neutrophil-NET Axis in Immune Checkpoint Inhibitor Resistance in Non-Small Cell Lung Cancer: Roles, Biomarkers and Therapeutic Opportunities.",Geng Xu; Bing Wang; Elisa Giovannetti,2026,Biomolecules,10.3390/biom16030400,41897336,,PMC13023653,https://pmc.ncbi.nlm.nih.gov/articles/PMC13023653/,https://pmc-oa-opendata.s3.amazonaws.com/PMC13023653.1/PMC13023653.1.pdf?md5=26382f34581097968a951462adbbd5ea,PMC13023653.pdf,2026-08-08,CC BY,https://creativecommons.org/licenses/by/4.0/,approved_open_access,included,"Bulk PMC Open Access Subset acquisition matching this corpus's scope vocabulary (NSCLC + PD-1/PD-L1 checkpoint-inhibitor terms), deterministic identity/license/full-text adjudication, and a documented rule-based title scope screen excluding wrong cancer types, preclinical/mechanism-only studies, off-topic diagnostic/surgical-technique papers, and single-patient case reports. Not yet individually reviewed for the golden evidence map.",,sha256:04b6ad686954d66f8b867577ad1dd54856f58cb370215609c71e2591f99c1bcb,paper,,,,,,"Acquired via bulk PMC OA ingestion pipeline (work/oncology/acquisition_receipt.json), not individually hand-curated. study_type/population/intervention/comparator left blank pending evidence-record-level review."
oncology-hou-2026-kukoamine-b-inhibits-emt-in-lu,Kukoamine B Inhibits EMT in Lung Adenocarcinoma Cells by Regulating Intracellular PD-L1-Mediated p65 Nuclear Translocation.,Congyan Hou; Jingqin Chen; Lisheng Zhang; Qiuyin Huang; Junnuo Xu; Ren Zhang; Yanli He,2026,Biology,10.3390/biology15050435,41823862,,PMC12984737,https://pmc.ncbi.nlm.nih.gov/articles/PMC12984737/,https://pmc-oa-opendata.s3.amazonaws.com/PMC12984737.1/PMC12984737.1.pdf?md5=1ad8f82a2ba6e29247cf9e250772b84b,PMC12984737.pdf,2026-08-08,CC BY,https://creativecommons.org/licenses/by/4.0/,approved_open_access,included,"Bulk PMC Open Access Subset acquisition matching this corpus's scope vocabulary (NSCLC + PD-1/PD-L1 checkpoint-inhibitor terms), deterministic identity/license/full-text adjudication, and a documented rule-based title scope screen excluding wrong cancer types, preclinical/mechanism-only studies, off-topic diagnostic/surgical-technique papers, and single-patient case reports. Not yet individually reviewed for the golden evidence map.",,sha256:b6986a0dcbd5cbf6be934fd572443a9f742ead582c20584e0fb93933f059f9b1,paper,,,,,,"Acquired via bulk PMC OA ingestion pipeline (work/oncology/acquisition_receipt.json), not individually hand-curated. study_type/population/intervention/comparator left blank pending evidence-record-level review."
oncology-li-2026-in-silico-design-of-the-multi,In silico design of the multi-epitope vaccine for lung adenocarcinoma based on hub gene-derived neoantigens.,Shaoshuai Li; Minjia Huang; Liqiu Jia; Siyu Liu; Xueting Sun; Daxia Cai; Yanping Su; Minjiang Chen; Chenying Lu; Jiansheng Huang; Jianfei Tu; Jiansong Ji,2026,BMC cancer,10.1186/s12885-026-15765-1,41792674,,PMC13077948,https://pmc.ncbi.nlm.nih.gov/articles/PMC13077948/,https://pmc-oa-opendata.s3.amazonaws.com/PMC13077948.1/PMC13077948.1.pdf?md5=308659cc1cfdc9bcd269b98c4b8a7f70,PMC13077948.pdf,2026-08-08,CC BY,https://creativecommons.org/licenses/by/4.0/,approved_open_access,included,"Bulk PMC Open Access Subset acquisition matching this corpus's scope vocabulary (NSCLC + PD-1/PD-L1 checkpoint-inhibitor terms), deterministic identity/license/full-text adjudication, and a documented rule-based title scope screen excluding wrong cancer types, preclinical/mechanism-only studies, off-topic diagnostic/surgical-technique papers, and single-patient case reports. Not yet individually reviewed for the golden evidence map.",,sha256:05e9782fbac0b7250f77491e02b068bbb3b7cf4c99021091cf485bdd13ea7c22,paper,,,,,,"Acquired via bulk PMC OA ingestion pipeline (work/oncology/acquisition_receipt.json), not individually hand-curated. study_type/population/intervention/comparator left blank pending evidence-record-level review."
oncology-shukuya-2026-advances-in-pharmacological-tr,Advances in Pharmacological Treatment of Thoracic Malignancies.,Takehito Shukuya; Kazuhisa Takahashi,2026,Juntendo medical journal,10.14789/ejmj.JMJ25-0049-R,42211160,,PMC13212547,https://pmc.ncbi.nlm.nih.gov/articles/PMC13212547/,https://pmc-oa-opendata.s3.amazonaws.com/PMC13212547.1/PMC13212547.1.pdf?md5=5c825218adfc76992e0f774b5cbf75f9,PMC13212547.pdf,2026-08-08,CC BY,https://creativecommons.org/licenses/by/4.0/,approved_open_access,included,"Bulk PMC Open Access Subset acquisition matching this corpus's scope vocabulary (NSCLC + PD-1/PD-L1 checkpoint-inhibitor terms), deterministic identity/license/full-text adjudication, and a documented rule-based title scope screen excluding wrong cancer types, preclinical/mechanism-only studies, off-topic diagnostic/surgical-technique papers, and single-patient case reports. Not yet individually reviewed for the golden evidence map.",,sha256:5542006d573a0332499e7ae9268588ca46216572c8a570946b4fcbd6efc9237d,paper,,,,,,"Acquired via bulk PMC OA ingestion pipeline (work/oncology/acquisition_receipt.json), not individually hand-curated. study_type/population/intervention/comparator left blank pending evidence-record-level review."
oncology-planel-2026-pd-1-blockade-does-not-enhance,PD-1 blockade does not enhance alloimmunization after allogeneic dendritic cell vaccination in cancer patients.,Severine Planel; Guillaume Vayssière; Gianni Maggipinto; Estelle Leplus; Karine Laulagnier; Florence Renard; Francoise Myster; Marie Gerard; Ingel Demedts; Kristof Cuppens; Elvire Pons-Tostivint; Els Wauters; Frank J Borm; Anne Sibille; Benoît Colinet; Maurice Pérol; Willemijn S M E Theelen; Bonne Biesma; Charlotte Van De Kerkhove; Eva Buchmeier; Friederike C Althoff; Sofie Derijcke; Denis Moro-Sibilot; Frédérique Cantero; Laurence Chaperot; Philippe Saas; Marcin Skrzypski; Johan Vansteenkiste; Joël Plumas,2026,Frontiers in immunology,10.3389/fimmu.2026.1763434,41859082,,PMC12995621,https://pmc.ncbi.nlm.nih.gov/articles/PMC12995621/,https://pmc-oa-opendata.s3.amazonaws.com/PMC12995621.1/PMC12995621.1.pdf?md5=8d2ccb030c90e26743bdd32d2944a64a,PMC12995621.pdf,2026-08-08,CC BY,https://creativecommons.org/licenses/by/4.0/,approved_open_access,included,"Bulk PMC Open Access Subset acquisition matching this corpus's scope vocabulary (NSCLC + PD-1/PD-L1 checkpoint-inhibitor terms), deterministic identity/license/full-text adjudication, and a documented rule-based title scope screen excluding wrong cancer types, preclinical/mechanism-only studies, off-topic diagnostic/surgical-technique papers, and single-patient case reports. Not yet individually reviewed for the golden evidence map.",,sha256:e372f028ef426f7645c84733404cf96c37d1cd4eb2be103c52ec012903534bd0,paper,,,,,,"Acquired via bulk PMC OA ingestion pipeline (work/oncology/acquisition_receipt.json), not individually hand-curated. study_type/population/intervention/comparator left blank pending evidence-record-level review."
oncology-cioti-2026-scars-that-speak-unraveling-th,Scars That Speak: Unraveling the Oncogenic Aftermath of Pulmonary Tuberculosis-A Narrative Review.,Cristina Cioti; Miruna Cristian Gherase; Irina Tica; Gabriela Fricatel; Elena Ciciu; Oana Cristina Arghir,2026,Journal of clinical medicine,10.3390/jcm15051966,41827383,,PMC12985596,https://pmc.ncbi.nlm.nih.gov/articles/PMC12985596/,https://pmc-oa-opendata.s3.amazonaws.com/PMC12985596.1/PMC12985596.1.pdf?md5=7e670d30bd905b95156a0991ea6d4c38,PMC12985596.pdf,2026-08-08,CC BY,https://creativecommons.org/licenses/by/4.0/,approved_open_access,included,"Bulk PMC Open Access Subset acquisition matching this corpus's scope vocabulary (NSCLC + PD-1/PD-L1 checkpoint-inhibitor terms), deterministic identity/license/full-text adjudication, and a documented rule-based title scope screen excluding wrong cancer types, preclinical/mechanism-only studies, off-topic diagnostic/surgical-technique papers, and single-patient case reports. Not yet individually reviewed for the golden evidence map.",,sha256:5d38eb69867b624b2b72bfdfa824c2dc9ebd283f02ca06fdb23e25b4c60c7a20,paper,,,,,,"Acquired via bulk PMC OA ingestion pipeline (work/oncology/acquisition_receipt.json), not individually hand-curated. study_type/population/intervention/comparator left blank pending evidence-record-level review."
oncology-zhang-2026-successful-management-of-fulmi,Successful Management of Fulminant Immune Checkpoint Inhibitor-Associated Myocarditis Amid Corticosteroid Constraints and Clinical-Biomarker Dissociation.,Yunting Zhang; Yanwen Fang; Lifang Zhang; Wenjing Wu; Jingang Zheng,2026,JACC. Case reports,10.1016/j.jaccas.2025.106787,41553325,,PMC13100520,https://pmc.ncbi.nlm.nih.gov/articles/PMC13100520/,https://pmc-oa-opendata.s3.amazonaws.com/PMC13100520.1/PMC13100520.1.pdf?md5=d436c565ec41cbdfbd8536647024917d,PMC13100520.pdf,2026-08-08,CC BY,https://creativecommons.org/licenses/by/4.0/,approved_open_access,included,"Bulk PMC Open Access Subset acquisition matching this corpus's scope vocabulary (NSCLC + PD-1/PD-L1 checkpoint-inhibitor terms), deterministic identity/license/full-text adjudication, and a documented rule-based title scope screen excluding wrong cancer types, preclinical/mechanism-only studies, off-topic diagnostic/surgical-technique papers, and single-patient case reports. Not yet individually reviewed for the golden evidence map.",,sha256:ec87727c5dc23468abfcd96b3e15b001afb792e28c87dd22c5f191c9a3efd7e4,paper,,,,,,"Acquired via bulk PMC OA ingestion pipeline (work/oncology/acquisition_receipt.json), not individually hand-curated. study_type/population/intervention/comparator left blank pending evidence-record-level review."
oncology-huang-2026-the-b-cell-autoantibody-axis-i,The B-cell-autoantibody axis in lung cancer immunity.,Yan Huang; Haoyue Hu; Ruoyu Sun; Yi Wang,2026,Theranostics,10.7150/thno.131046,41799207,,PMC12964384,https://pmc.ncbi.nlm.nih.gov/articles/PMC12964384/,https://pmc-oa-opendata.s3.amazonaws.com/PMC12964384.1/PMC12964384.1.pdf?md5=7ce12c49e80e4ce19424cc9367a671d5,PMC12964384.pdf,2026-08-08,CC BY,https://creativecommons.org/licenses/by/4.0/,approved_open_access,included,"Bulk PMC Open Access Subset acquisition matching this corpus's scope vocabulary (NSCLC + PD-1/PD-L1 checkpoint-inhibitor terms), deterministic identity/license/full-text adjudication, and a documented rule-based title scope screen excluding wrong cancer types, preclinical/mechanism-only studies, off-topic diagnostic/surgical-technique papers, and single-patient case reports. Not yet individually reviewed for the golden evidence map.",,sha256:477102ce43597aab8ce61e18b037e4c48f3e16d8917659c3b3872dc99807e7ba,paper,,,,,,"Acquired via bulk PMC OA ingestion pipeline (work/oncology/acquisition_receipt.json), not individually hand-curated. study_type/population/intervention/comparator left blank pending evidence-record-level review."
oncology-rouvinov-2026-evaluating-the-therapeutic-imp,Evaluating the Therapeutic Impact of Immune Checkpoint Inhibitors in the Management of Brain Metastases from Non-Small Cell Lung Cancer.,Keren Rouvinov; Rashad Naamneh; Alexander Yakobson; Arina Soklakova; Wenad Najjar; Mahmoud Abu Amna; Mohnnad Asla; Ashraf Abu Jama; Nashat Abu Yasin; Mhammad Abu Juda; Sofyan Abu Freih; Yotam Malek; Walid Shalata,2026,Biomedicines,10.3390/biomedicines14030566,41898213,,PMC13024657,https://pmc.ncbi.nlm.nih.gov/articles/PMC13024657/,https://pmc-oa-opendata.s3.amazonaws.com/PMC13024657.1/PMC13024657.1.pdf?md5=49a97ebbfa8ba5b5da02eab0f3a0144e,PMC13024657.pdf,2026-08-08,CC BY,https://creativecommons.org/licenses/by/4.0/,approved_open_access,included,"Bulk PMC Open Access Subset acquisition matching this corpus's scope vocabulary (NSCLC + PD-1/PD-L1 checkpoint-inhibitor terms), deterministic identity/license/full-text adjudication, and a documented rule-based title scope screen excluding wrong cancer types, preclinical/mechanism-only studies, off-topic diagnostic/surgical-technique papers, and single-patient case reports. Not yet individually reviewed for the golden evidence map.",,sha256:9917fbf58b485c8e486eacc6d75bdec437f689a7fea689b26d56d08d9d87a626,paper,,,,,,"Acquired via bulk PMC OA ingestion pipeline (work/oncology/acquisition_receipt.json), not individually hand-curated. study_type/population/intervention/comparator left blank pending evidence-record-level review."
oncology-panagiotou-2026-serum-soluble-receptor-for-adv,Serum-Soluble Receptor for Advanced Glycation End Products as a Potential Biomarker in Lung Cancer Patients.,Emmanouil Panagiotou; Anastasia Georganta; Efstathios Garoflos; Eleftheria Karaviti; Dimitra Karaviti; Athanasios Kontogiannis; Sofia Chorianopoulou; Elias Kotteas; Nikolaos Syrigos; Melpomeni Peppa,2026,Journal of personalized medicine,10.3390/jpm16030140,41893008,,PMC13028320,https://pmc.ncbi.nlm.nih.gov/articles/PMC13028320/,https://pmc-oa-opendata.s3.amazonaws.com/PMC13028320.1/PMC13028320.1.pdf?md5=af3e0442f4a117fe636d12ad5b9783b9,PMC13028320.pdf,2026-08-08,CC BY,https://creativecommons.org/licenses/by/4.0/,approved_open_access,included,"Bulk PMC Open Access Subset acquisition matching this corpus's scope vocabulary (NSCLC + PD-1/PD-L1 checkpoint-inhibitor terms), deterministic identity/license/full-text adjudication, and a documented rule-based title scope screen excluding wrong cancer types, preclinical/mechanism-only studies, off-topic diagnostic/surgical-technique papers, and single-patient case reports. Not yet individually reviewed for the golden evidence map.",,sha256:50e17be3c22c08fb1999b00770d80e4dcb73ef2bc931fe23c01bc5a82c5d4472,paper,,,,,,"Acquired via bulk PMC OA ingestion pipeline (work/oncology/acquisition_receipt.json), not individually hand-curated. study_type/population/intervention/comparator left blank pending evidence-record-level review."
oncology-sun-2026-association-of-endocrine-immun,Association of endocrine immune-related adverse events with progression-free survival in advanced non-small cell lung cancer treated with PD-1/PD-L1 inhibitors with or without anlotinib.,Furong Sun; Yuzhu Gao; Xiaoyan Zheng; Jie Hua; Shouzhen Liu; Dong Cao; Jianping Zhou,2026,Frontiers in oncology,10.3389/fonc.2026.1701750,41847701,,PMC12989326,https://pmc.ncbi.nlm.nih.gov/articles/PMC12989326/,https://pmc-oa-opendata.s3.amazonaws.com/PMC12989326.1/PMC12989326.1.pdf?md5=b95c47bddb703f1dc204902f03d85a2e,PMC12989326.pdf,2026-08-08,CC BY,https://creativecommons.org/licenses/by/4.0/,approved_open_access,included,"Bulk PMC Open Access Subset acquisition matching this corpus's scope vocabulary (NSCLC + PD-1/PD-L1 checkpoint-inhibitor terms), deterministic identity/license/full-text adjudication, and a documented rule-based title scope screen excluding wrong cancer types, preclinical/mechanism-only studies, off-topic diagnostic/surgical-technique papers, and single-patient case reports. Not yet individually reviewed for the golden evidence map.",,sha256:c19019884843e71fe84e913489e036ae543293933d8efbcb31fcb16e7388602f,paper,,,,,,"Acquired via bulk PMC OA ingestion pipeline (work/oncology/acquisition_receipt.json), not individually hand-curated. study_type/population/intervention/comparator left blank pending evidence-record-level review."
oncology-brunelli-2026-a-multifactorial-model-to-pred,A Multifactorial Model to Predict the Surgical Complexity of Lung Resection After Neoadjuvant Chemoimmunotherapy.,Alessandro Brunelli; Marco Nardini; Joshil Lodhia; Nilanjan Chaudhuri; Richard Milton; Elaine Teh; Peter Tcherveniakov; Kostas Papagiannopoulos; Katy Clarke; Pooja Bhatnagar; Kevin Franks,2026,Annals of thoracic surgery short reports,10.1016/j.atssr.2025.09.014,42027491,,PMC13100776,https://pmc.ncbi.nlm.nih.gov/articles/PMC13100776/,https://pmc-oa-opendata.s3.amazonaws.com/PMC13100776.1/PMC13100776.1.pdf?md5=535e138ec618f188dcccbf7ad7ec27bf,PMC13100776.pdf,2026-08-08,CC BY,https://creativecommons.org/licenses/by/4.0/,approved_open_access,included,"Bulk PMC Open Access Subset acquisition matching this corpus's scope vocabulary (NSCLC + PD-1/PD-L1 checkpoint-inhibitor terms), deterministic identity/license/full-text adjudication, and a documented rule-based title scope screen excluding wrong cancer types, preclinical/mechanism-only studies, off-topic diagnostic/surgical-technique papers, and single-patient case reports. Not yet individually reviewed for the golden evidence map.",,sha256:eec1aeda6f58f5db07367aa7890130e8eee2cc6b5acd28f97d0557236798a0ad,paper,,,,,,"Acquired via bulk PMC OA ingestion pipeline (work/oncology/acquisition_receipt.json), not individually hand-curated. study_type/population/intervention/comparator left blank pending evidence-record-level review."
oncology-wang-2026-thymalfasin-combined-with-immu,"Thymalfasin combined with immune checkpoint inhibitors in the treatment of non-small cell lung cancer: A retrospective study on efficacy, safety, and immunological function.",Peipei Wang; Xiaojing Zhang; Cheng Xiang; Guoying Li; Yajing Zhang,2026,Pakistan journal of medical sciences,10.12669/pjms.42.3.13385,41994384,,PMC13080045,https://pmc.ncbi.nlm.nih.gov/articles/PMC13080045/,https://pmc-oa-opendata.s3.amazonaws.com/PMC13080045.1/PMC13080045.1.pdf?md5=1c954f93869ad6684679d0527f1efe85,PMC13080045.pdf,2026-08-08,CC BY,https://creativecommons.org/licenses/by/4.0/,approved_open_access,included,"Bulk PMC Open Access Subset acquisition matching this corpus's scope vocabulary (NSCLC + PD-1/PD-L1 checkpoint-inhibitor terms), deterministic identity/license/full-text adjudication, and a documented rule-based title scope screen excluding wrong cancer types, preclinical/mechanism-only studies, off-topic diagnostic/surgical-technique papers, and single-patient case reports. Not yet individually reviewed for the golden evidence map.",,sha256:ace81977a55d4c46460f9b93f9d8599c8df63c61bc8849def00704dc571085eb,paper,,,,,,"Acquired via bulk PMC OA ingestion pipeline (work/oncology/acquisition_receipt.json), not individually hand-curated. study_type/population/intervention/comparator left blank pending evidence-record-level review."
oncology-o-shea-2026-independent-testing-of-publish,Independent Testing of Published CT Models for PD-L1 Status in Non-Small Cell Lung Cancer.,Robert O'Shea; Carolyn Horst; Thubeena Manickavasagar; Eleni Josephides; Sarah Hunter; Phillipe Taniere; Daisuke Nonaka; Mieke Van Hemelrijck; James Spicer; Daniel J Hughes; Gary J R Cook; Andrea Bille; Eleni Karapanagiotou; Vicky Goh,2026,Radiology,10.1148/radiol.241962,41914868,,PMC13044353,https://pmc.ncbi.nlm.nih.gov/articles/PMC13044353/,https://pmc-oa-opendata.s3.amazonaws.com/PMC13044353.1/PMC13044353.1.pdf?md5=733424cb63359bd5cf9694092c6502a1,PMC13044353.pdf,2026-08-08,CC BY,https://creativecommons.org/licenses/by/4.0/,approved_open_access,included,"Bulk PMC Open Access Subset acquisition matching this corpus's scope vocabulary (NSCLC + PD-1/PD-L1 checkpoint-inhibitor terms), deterministic identity/license/full-text adjudication, and a documented rule-based title scope screen excluding wrong cancer types, preclinical/mechanism-only studies, off-topic diagnostic/surgical-technique papers, and single-patient case reports. Not yet individually reviewed for the golden evidence map.",,sha256:d2dc5eadc891501120b3b5313cb7ad28be6d198199c5ebc28c3f4365b955578d,paper,,,,,,"Acquired via bulk PMC OA ingestion pipeline (work/oncology/acquisition_receipt.json), not individually hand-curated. study_type/population/intervention/comparator left blank pending evidence-record-level review."
oncology-park-2026-blood-based-biomarkers-for-pre,Blood Based Biomarkers for Predicting Treatment Response to Immune Checkpoint Inhibitors After EGFR-TKI Resistance in Non-Small Cell Lung Cancer.,Min Seok Park; Jun Hyeok Lim; Nuri Park; Eunji Park; Ayoung Lim; Suji Lee; Yejin Cho; Sehan Kwak; Minseo Lee; Donghyun Seo; Lucia Kim; Woo Kyung Ryu; Jeong-Seon Ryu; Eun Young Kim; Soon-Sun Hong; Kyung Hee Jung,2026,Thoracic cancer,10.1111/1759-7714.70257,41825931,,PMC13098063,https://pmc.ncbi.nlm.nih.gov/articles/PMC13098063/,https://pmc-oa-opendata.s3.amazonaws.com/PMC13098063.1/PMC13098063.1.pdf?md5=9afed656d4d4b7f80a5e02a7b3ff3bb7,PMC13098063.pdf,2026-08-08,CC BY,https://creativecommons.org/licenses/by/4.0/,approved_open_access,included,"Bulk PMC Open Access Subset acquisition matching this corpus's scope vocabulary (NSCLC + PD-1/PD-L1 checkpoint-inhibitor terms), deterministic identity/license/full-text adjudication, and a documented rule-based title scope screen excluding wrong cancer types, preclinical/mechanism-only studies, off-topic diagnostic/surgical-technique papers, and single-patient case reports. Not yet individually reviewed for the golden evidence map.",,sha256:96adb57eae031f1e5745a422dd7da6104a713c9b97e6f97d694cd16bf75aceba,paper,,,,,,"Acquired via bulk PMC OA ingestion pipeline (work/oncology/acquisition_receipt.json), not individually hand-curated. study_type/population/intervention/comparator left blank pending evidence-record-level review."
oncology-krieghoff-henning-2026-sex-differences-in-cancer-immu,Sex Differences in Cancer Immunotherapy-Clinical Evidence and Mechanisms With a Focus on NSCLC.,Eva Krieghoff-Henning; Balagopal Pai; Maike Collienne; Isabel Ben-Batalla; Sonja Loges,2026,Immunological reviews,10.1111/imr.70113,41761458,,PMC12949348,https://pmc.ncbi.nlm.nih.gov/articles/PMC12949348/,https://pmc-oa-opendata.s3.amazonaws.com/PMC12949348.1/PMC12949348.1.pdf?md5=4b2bc30a56ed96340a73632d55c63cd6,PMC12949348.pdf,2026-08-08,CC BY,https://creativecommons.org/licenses/by/4.0/,approved_open_access,included,"Bulk PMC Open Access Subset acquisition matching this corpus's scope vocabulary (NSCLC + PD-1/PD-L1 checkpoint-inhibitor terms), deterministic identity/license/full-text adjudication, and a documented rule-based title scope screen excluding wrong cancer types, preclinical/mechanism-only studies, off-topic diagnostic/surgical-technique papers, and single-patient case reports. Not yet individually reviewed for the golden evidence map.",,sha256:7916869224ea5b937c30ccbcdc068fe91b613dd4ccd586813df70b5fd2d81524,paper,,,,,,"Acquired via bulk PMC OA ingestion pipeline (work/oncology/acquisition_receipt.json), not individually hand-curated. study_type/population/intervention/comparator left blank pending evidence-record-level review."
oncology-wang-2026-inhibiting-adar1-mediated-exce,Inhibiting ADAR1-Mediated Excessive Epigenetic A-to-I RNA Editing Improves the Immune Microenvironment and Increases Sensitivity to Immunotherapy in Lung Adenocarcinoma.,Sihui Wang; Sufei Zheng; Chengming Liu; Chaoqi Zhang; Xinfeng Wang; Zhanyu Wang; Yan Wang; Xiaoli Feng; Qi Xue; Nan Sun; Jie He,2026,MedComm,10.1002/mco2.70574,41756256,,PMC12932977,https://pmc.ncbi.nlm.nih.gov/articles/PMC12932977/,https://pmc-oa-opendata.s3.amazonaws.com/PMC12932977.1/PMC12932977.1.pdf?md5=f765494462b63aa146fe582961e1b85a,PMC12932977.pdf,2026-08-08,CC BY,https://creativecommons.org/licenses/by/4.0/,approved_open_access,included,"Bulk PMC Open Access Subset acquisition matching this corpus's scope vocabulary (NSCLC + PD-1/PD-L1 checkpoint-inhibitor terms), deterministic identity/license/full-text adjudication, and a documented rule-based title scope screen excluding wrong cancer types, preclinical/mechanism-only studies, off-topic diagnostic/surgical-technique papers, and single-patient case reports. Not yet individually reviewed for the golden evidence map.",,sha256:7531accd24f19669a322f620cc9c5645f6874ed6a7166fa490bfe22c726316c0,paper,,,,,,"Acquired via bulk PMC OA ingestion pipeline (work/oncology/acquisition_receipt.json), not individually hand-curated. study_type/population/intervention/comparator left blank pending evidence-record-level review."
oncology-chang-2026-association-of-immune-checkpoi,Association of immune checkpoint inhibitor-induced bullous pemphigoid with underlying cancer type: A lack of association with cancer tissue COL17A1 mutations and dysregulation.,Rachel C Chang; Henning Olbrich; Yulu F Wang; Haley Gainer; Nina Curkovic; Theresa L Walunas; Jessica Shiu; Parul Goyal; Adrian P Mansini; Ralf J Ludwig; Kyle T Amber,2026,JID innovations : skin science from molecules to population health,10.1016/j.xjidi.2026.100450,41658267,,PMC12878624,https://pmc.ncbi.nlm.nih.gov/articles/PMC12878624/,https://pmc-oa-opendata.s3.amazonaws.com/PMC12878624.1/PMC12878624.1.pdf?md5=99d31c20af5599280bc676efc8765643,PMC12878624.pdf,2026-08-08,CC BY,https://creativecommons.org/licenses/by/4.0/,approved_open_access,included,"Bulk PMC Open Access Subset acquisition matching this corpus's scope vocabulary (NSCLC + PD-1/PD-L1 checkpoint-inhibitor terms), deterministic identity/license/full-text adjudication, and a documented rule-based title scope screen excluding wrong cancer types, preclinical/mechanism-only studies, off-topic diagnostic/surgical-technique papers, and single-patient case reports. Not yet individually reviewed for the golden evidence map.",,sha256:01d3f9f77ef87d48c1d4f53d11013086622795a427ba4c98a7d7c47b9bb7ee6b,paper,,,,,,"Acquired via bulk PMC OA ingestion pipeline (work/oncology/acquisition_receipt.json), not individually hand-curated. study_type/population/intervention/comparator left blank pending evidence-record-level review."
oncology-wang-2026-il4i1-macrophages-and-tdo2-myo,IL4I1⁺ Macrophages and TDO2⁺ Myofibroblasts Drive AhR-Mediated Immunosuppression and Ferroptosis Resistance in Solid Predominant Lung Adenocarcinoma.,Zhaoxuan Wang; Weijiao Xu; Lei Zhao; Lin Zhong; Wendan Yu; Shengmin Wang; Lu Sun; Tao Guo; Fengzhou Li; Zhuoshi Li; Lei Fang; Shiqing Wang; Guohui Zhang; Guoqing Xue; Wei Guo; Shilei Zhao; Chundong Gu,2026,"Advanced science (Weinheim, Baden-Wurttemberg, Germany)",10.1002/advs.202513606,41431173,,PMC12955909,https://pmc.ncbi.nlm.nih.gov/articles/PMC12955909/,https://pmc-oa-opendata.s3.amazonaws.com/PMC12955909.1/PMC12955909.1.pdf?md5=43ce79d5981a1bd4f37379382c0e17e1,PMC12955909.pdf,2026-08-08,CC BY,https://creativecommons.org/licenses/by/4.0/,approved_open_access,included,"Bulk PMC Open Access Subset acquisition matching this corpus's scope vocabulary (NSCLC + PD-1/PD-L1 checkpoint-inhibitor terms), deterministic identity/license/full-text adjudication, and a documented rule-based title scope screen excluding wrong cancer types, preclinical/mechanism-only studies, off-topic diagnostic/surgical-technique papers, and single-patient case reports. Not yet individually reviewed for the golden evidence map.",,sha256:a0ca3e4ec0929acd96962e5eab26fd395e4e4e6fcf3f8a3ed9e75807c77fbe24,paper,,,,,,"Acquired via bulk PMC OA ingestion pipeline (work/oncology/acquisition_receipt.json), not individually hand-curated. study_type/population/intervention/comparator left blank pending evidence-record-level review."
oncology-chang-2026-fatal-pembrolizumab-induced-st,Fatal Pembrolizumab-Induced Stevens-Johnson Syndrome/Toxic Epidermal Necrolysis in a Patient With Advanced Lung Adenocarcinoma.,Po-Chih Chang; Ting-Wei Chang; Chia-Yu Kuo; Yi-Zhe Wu,2026,The Kaohsiung journal of medical sciences,10.1002/kjm2.70132,41126788,,PMC12955931,https://pmc.ncbi.nlm.nih.gov/articles/PMC12955931/,https://pmc-oa-opendata.s3.amazonaws.com/PMC12955931.1/PMC12955931.1.pdf?md5=faac4f2980005b13750801dba5ffc055,PMC12955931.pdf,2026-08-08,CC BY,https://creativecommons.org/licenses/by/4.0/,approved_open_access,included,"Bulk PMC Open Access Subset acquisition matching this corpus's scope vocabulary (NSCLC + PD-1/PD-L1 checkpoint-inhibitor terms), deterministic identity/license/full-text adjudication, and a documented rule-based title scope screen excluding wrong cancer types, preclinical/mechanism-only studies, off-topic diagnostic/surgical-technique papers, and single-patient case reports. Not yet individually reviewed for the golden evidence map.",,sha256:e3090fa8f4bb545132183085cf967b46bf540ee86ff992e1891d8d1ba64e9acb,paper,,,,,,"Acquired via bulk PMC OA ingestion pipeline (work/oncology/acquisition_receipt.json), not individually hand-curated. study_type/population/intervention/comparator left blank pending evidence-record-level review."
oncology-begin-2026-pd-l1-negative-advanced-non-sm,PD-L1 Negative Advanced Non-Small Cell Lung Cancer: Practice Patterns and Real-World Outcomes.,Audrey-Ann Bégin; Maude Dubé-Pelletier; Catherine Labbé; Vicky Mai; Michaël Maranda-Robitaille; Marie-Hélène Denault,2026,"Current oncology (Toronto, Ont.)",10.3390/curroncol33030144,41892172,,PMC13024867,https://pmc.ncbi.nlm.nih.gov/articles/PMC13024867/,https://pmc-oa-opendata.s3.amazonaws.com/PMC13024867.1/PMC13024867.1.pdf?md5=0472b6f5794a201fe7ef0b8aa71d773a,PMC13024867.pdf,2026-08-08,CC BY,https://creativecommons.org/licenses/by/4.0/,approved_open_access,included,"Bulk PMC Open Access Subset acquisition matching this corpus's scope vocabulary (NSCLC + PD-1/PD-L1 checkpoint-inhibitor terms), deterministic identity/license/full-text adjudication, and a documented rule-based title scope screen excluding wrong cancer types, preclinical/mechanism-only studies, off-topic diagnostic/surgical-technique papers, and single-patient case reports. Not yet individually reviewed for the golden evidence map.",,sha256:1a732a2fd80bece3df8e4322d822ff2811cbb604221a557cacaa75434c77dbc4,paper,,,,,,"Acquired via bulk PMC OA ingestion pipeline (work/oncology/acquisition_receipt.json), not individually hand-curated. study_type/population/intervention/comparator left blank pending evidence-record-level review."
oncology-kennedy-2026-overall-survival-by-baseline-a,Overall survival by baseline and on-treatment systemic immune-inflammation index in patients with advanced cancer receiving immune checkpoint inhibitors: a large single-centre cohort study.,Oliver John Kennedy; Rebecca Lee; Fiona Blackhall; Ananya Choudhury; Robert Metcalf; Tom Waddell; Paul Lorigan,2026,Immunotherapy advances,10.1093/immadv/ltaf031,41908508,,PMC13023032,https://pmc.ncbi.nlm.nih.gov/articles/PMC13023032/,https://pmc-oa-opendata.s3.amazonaws.com/PMC13023032.1/PMC13023032.1.pdf?md5=d65ac1e6d9a9fc5152440c7ac8eccb4c,PMC13023032.pdf,2026-08-08,CC BY,https://creativecommons.org/licenses/by/4.0/,approved_open_access,included,"Bulk PMC Open Access Subset acquisition matching this corpus's scope vocabulary (NSCLC + PD-1/PD-L1 checkpoint-inhibitor terms), deterministic identity/license/full-text adjudication, and a documented rule-based title scope screen excluding wrong cancer types, preclinical/mechanism-only studies, off-topic diagnostic/surgical-technique papers, and single-patient case reports. Not yet individually reviewed for the golden evidence map.",,sha256:cb0b5791ff793f8cbf4501b7351d4a3db6fe63354d6a978180e098b33cc1668a,paper,,,,,,"Acquired via bulk PMC OA ingestion pipeline (work/oncology/acquisition_receipt.json), not individually hand-curated. study_type/population/intervention/comparator left blank pending evidence-record-level review."
oncology-rao-2026-dot1l-promotes-immune-evasion,DOT1L promotes immune evasion in lung adenocarcinoma through H3K79me2-mediated epigenetic activation of immune checkpoints.,Xiwu Rao; Xiangjun Qi; Zhiqiang Chen; Jingrui Wang; Xiaoshu Chai; Lizhu Lin,2026,Frontiers in immunology,10.3389/fimmu.2026.1719299,41836439,,PMC12979096,https://pmc.ncbi.nlm.nih.gov/articles/PMC12979096/,https://pmc-oa-opendata.s3.amazonaws.com/PMC12979096.1/PMC12979096.1.pdf?md5=12bfc23cb159d064a217afea632795c2,PMC12979096.pdf,2026-08-08,CC BY,https://creativecommons.org/licenses/by/4.0/,approved_open_access,included,"Bulk PMC Open Access Subset acquisition matching this corpus's scope vocabulary (NSCLC + PD-1/PD-L1 checkpoint-inhibitor terms), deterministic identity/license/full-text adjudication, and a documented rule-based title scope screen excluding wrong cancer types, preclinical/mechanism-only studies, off-topic diagnostic/surgical-technique papers, and single-patient case reports. Not yet individually reviewed for the golden evidence map.",,sha256:229cc0a16589312dbda631a10c0263f8cd2f0cdaafe81606ad1656c318d95c0b,paper,,,,,,"Acquired via bulk PMC OA ingestion pipeline (work/oncology/acquisition_receipt.json), not individually hand-curated. study_type/population/intervention/comparator left blank pending evidence-record-level review."
oncology-miura-2026-concurrent-chemoradiotherapy-w,Concurrent Chemoradiotherapy with Daily Low-Dose Carboplatin in Older Patients with Unresectable Locally Advanced Non-Small-Cell Lung Cancer: Clinical Outcomes and Prognostic Significance of Systemic Inflammation Markers.,Yu Miura; Hisao Imai; Satoshi Endo; Kosuke Hashimoto; Ou Yamaguchi; Atsuto Mouri; Ken Masubuchi; Takeshi Masubuchi; Yuka Fujita; Shingo Kato; Hiroshi Kagamu; Kyoichi Kaira,2026,"Current oncology (Toronto, Ont.)",10.3390/curroncol33030135,41892163,,PMC13026046,https://pmc.ncbi.nlm.nih.gov/articles/PMC13026046/,https://pmc-oa-opendata.s3.amazonaws.com/PMC13026046.1/PMC13026046.1.pdf?md5=2a7312f104db07c54fd1422df7d660d4,PMC13026046.pdf,2026-08-08,CC BY,https://creativecommons.org/licenses/by/4.0/,approved_open_access,included,"Bulk PMC Open Access Subset acquisition matching this corpus's scope vocabulary (NSCLC + PD-1/PD-L1 checkpoint-inhibitor terms), deterministic identity/license/full-text adjudication, and a documented rule-based title scope screen excluding wrong cancer types, preclinical/mechanism-only studies, off-topic diagnostic/surgical-technique papers, and single-patient case reports. Not yet individually reviewed for the golden evidence map.",,sha256:de9ffaf19516f6c9e7ec9f241140e1c534afd91cfc0f782af3df38843926b8d1,paper,,,,,,"Acquired via bulk PMC OA ingestion pipeline (work/oncology/acquisition_receipt.json), not individually hand-curated. study_type/population/intervention/comparator left blank pending evidence-record-level review."
oncology-zhu-2026-oncolytic-adenovirus-encoding,Oncolytic adenovirus encoding a TGF-β inhibitor synergizes with PD-1 blockade to potentiate NK cell cytotoxicity against NSCLC.,Zhongqi Zhu; Chonghe Xu; Xiaoli Kong; Shulei Zhang; Shuping Lu; Shuo Zhang; Wei Xu; Qingmei Zhang; Mei Zhu,2026,Frontiers in immunology,10.3389/fimmu.2026.1759236,41822504,,PMC12975894,https://pmc.ncbi.nlm.nih.gov/articles/PMC12975894/,https://pmc-oa-opendata.s3.amazonaws.com/PMC12975894.1/PMC12975894.1.pdf?md5=cba8455536c9a0fc96a669ed249770ea,PMC12975894.pdf,2026-08-08,CC BY,https://creativecommons.org/licenses/by/4.0/,approved_open_access,included,"Bulk PMC Open Access Subset acquisition matching this corpus's scope vocabulary (NSCLC + PD-1/PD-L1 checkpoint-inhibitor terms), deterministic identity/license/full-text adjudication, and a documented rule-based title scope screen excluding wrong cancer types, preclinical/mechanism-only studies, off-topic diagnostic/surgical-technique papers, and single-patient case reports. Not yet individually reviewed for the golden evidence map.",,sha256:63166b95f18f1a3bd0955462c8128aaadd53f72017737fe7edeee97015edf679,paper,,,,,,"Acquired via bulk PMC OA ingestion pipeline (work/oncology/acquisition_receipt.json), not individually hand-curated. study_type/population/intervention/comparator left blank pending evidence-record-level review."
oncology-gandara-2026-composite-patient-reported-out,Composite patient-reported outcomes and risk prediction for overall survival in advanced non-small cell lung cancer with first-line cemiplimab.,David Gandara; Miranda Gogishvili; Ahmet Sezer; Tamta Makharadze; Mahmut Gümüş; Eric Yan; James Harnett; Ruben G W Quek,2026,Frontiers in oncology,10.3389/fonc.2026.1676687,41821892,,PMC12975601,https://pmc.ncbi.nlm.nih.gov/articles/PMC12975601/,https://pmc-oa-opendata.s3.amazonaws.com/PMC12975601.1/PMC12975601.1.pdf?md5=a8ed592829a68c41f2de415d0006768e,PMC12975601.pdf,2026-08-08,CC BY,https://creativecommons.org/licenses/by/4.0/,approved_open_access,included,"Bulk PMC Open Access Subset acquisition matching this corpus's scope vocabulary (NSCLC + PD-1/PD-L1 checkpoint-inhibitor terms), deterministic identity/license/full-text adjudication, and a documented rule-based title scope screen excluding wrong cancer types, preclinical/mechanism-only studies, off-topic diagnostic/surgical-technique papers, and single-patient case reports. Not yet individually reviewed for the golden evidence map.",,sha256:50086add1e02c2b4eef195e4f73840852b3ed91da8427c6c62ec61dc5f873bb7,paper,,,,,,"Acquired via bulk PMC OA ingestion pipeline (work/oncology/acquisition_receipt.json), not individually hand-curated. study_type/population/intervention/comparator left blank pending evidence-record-level review."
oncology-cheng-2026-investigating-the-immune-effec,Investigating the Immune Effects of Radiotherapy in Non-Small Cell Lung Cancer-Results of the PD-RAD Study.,Shuhui Cheng; Tiana Kordbacheh; Antonia Banyard; Anshuman Chaturvedi; Diego Sanchez Martinez; Crispin T Hiley; Maggie Harris; Clara Chan; Corinne Faivre-Finn; Timothy M Illidge; Eleanor J Cheadle,2026,Oncology research,10.32604/or.2025.072053,41799515,,PMC12963685,https://pmc.ncbi.nlm.nih.gov/articles/PMC12963685/,https://pmc-oa-opendata.s3.amazonaws.com/PMC12963685.1/PMC12963685.1.pdf?md5=7a27bf6dac8af375299c8abd7a10533f,PMC12963685.pdf,2026-08-08,CC BY,https://creativecommons.org/licenses/by/4.0/,approved_open_access,included,"Bulk PMC Open Access Subset acquisition matching this corpus's scope vocabulary (NSCLC + PD-1/PD-L1 checkpoint-inhibitor terms), deterministic identity/license/full-text adjudication, and a documented rule-based title scope screen excluding wrong cancer types, preclinical/mechanism-only studies, off-topic diagnostic/surgical-technique papers, and single-patient case reports. Not yet individually reviewed for the golden evidence map.",,sha256:5efc56ea205e304c1e3b1076d2a5bcc77c3b153f96565289fcb3fd0b342822a9,paper,,,,,,"Acquired via bulk PMC OA ingestion pipeline (work/oncology/acquisition_receipt.json), not individually hand-curated. study_type/population/intervention/comparator left blank pending evidence-record-level review."
oncology-mittenbacher-2026-evaluation-of-the-updated-2022,Evaluation of the updated 2022 lung-GPA in NSCLC adenocarcinoma patients with brain metastases: analysis of prognostic factors in a German clinical cohort.,Niklas Mittenbacher; Jens Christian Philippi; Dirk Vordermark; Daniel Medenwald; Jörg Andreas Müller,2026,"Radiation oncology (London, England)",10.1186/s13014-026-02805-0,41736058,,PMC12964932,https://pmc.ncbi.nlm.nih.gov/articles/PMC12964932/,https://pmc-oa-opendata.s3.amazonaws.com/PMC12964932.1/PMC12964932.1.pdf?md5=8711e2d5b7125237f098af8ed5dae6c3,PMC12964932.pdf,2026-08-08,CC BY,https://creativecommons.org/licenses/by/4.0/,approved_open_access,included,"Bulk PMC Open Access Subset acquisition matching this corpus's scope vocabulary (NSCLC + PD-1/PD-L1 checkpoint-inhibitor terms), deterministic identity/license/full-text adjudication, and a documented rule-based title scope screen excluding wrong cancer types, preclinical/mechanism-only studies, off-topic diagnostic/surgical-technique papers, and single-patient case reports. Not yet individually reviewed for the golden evidence map.",,sha256:db8d29f9ba8a97758688959bfee38b7df6f4e1cd87638df7daadc868befdb44d,paper,,,,,,"Acquired via bulk PMC OA ingestion pipeline (work/oncology/acquisition_receipt.json), not individually hand-curated. study_type/population/intervention/comparator left blank pending evidence-record-level review."
oncology-kang-2026-evolution-of-immune-checkpoint,Evolution of Immune Checkpoint Blockade in Metastatic NSCLC: A Narrative Review of Emerging Bispecific Antibodies and the Practical Challenges of Clinical Integration.,Jin Hyoung Kang,2026,Cancers,10.3390/cancers18040709,41749962,,PMC12939777,https://pmc.ncbi.nlm.nih.gov/articles/PMC12939777/,https://pmc-oa-opendata.s3.amazonaws.com/PMC12939777.1/PMC12939777.1.pdf?md5=f4dc096a2e842bc2473e68914bf836b7,PMC12939777.pdf,2026-08-08,CC BY,https://creativecommons.org/licenses/by/4.0/,approved_open_access,included,"Bulk PMC Open Access Subset acquisition matching this corpus's scope vocabulary (NSCLC + PD-1/PD-L1 checkpoint-inhibitor terms), deterministic identity/license/full-text adjudication, and a documented rule-based title scope screen excluding wrong cancer types, preclinical/mechanism-only studies, off-topic diagnostic/surgical-technique papers, and single-patient case reports. Not yet individually reviewed for the golden evidence map.",,sha256:ee3a7e631b8be8c9401de09665b3245fda9a0df377e07ee6c8b9302c760bda50,paper,,,,,,"Acquired via bulk PMC OA ingestion pipeline (work/oncology/acquisition_receipt.json), not individually hand-curated. study_type/population/intervention/comparator left blank pending evidence-record-level review."
oncology-qian-2026-efficacy-and-safety-of-nab-pac,Efficacy and safety of nab-paclitaxel plus PD-1 inhibitor in elderly patients with advanced squamous lung cancer.,Heya Qian; Jian Jiang; Siyuan Li; Chen Ni; Yanan Chen; Yu Song; Tao Zhu; Yan Yan,2026,BMC cancer,10.1186/s12885-026-15767-z,41723434,,PMC13032691,https://pmc.ncbi.nlm.nih.gov/articles/PMC13032691/,https://pmc-oa-opendata.s3.amazonaws.com/PMC13032691.1/PMC13032691.1.pdf?md5=79fbe5a17036d956d0f5082573cee790,PMC13032691.pdf,2026-08-08,CC BY,https://creativecommons.org/licenses/by/4.0/,approved_open_access,included,"Bulk PMC Open Access Subset acquisition matching this corpus's scope vocabulary (NSCLC + PD-1/PD-L1 checkpoint-inhibitor terms), deterministic identity/license/full-text adjudication, and a documented rule-based title scope screen excluding wrong cancer types, preclinical/mechanism-only studies, off-topic diagnostic/surgical-technique papers, and single-patient case reports. Not yet individually reviewed for the golden evidence map.",,sha256:866310aba021f737eddd6d83e86410a03541d0852c8bf42d9767905d2301c1ac,paper,,,,,,"Acquired via bulk PMC OA ingestion pipeline (work/oncology/acquisition_receipt.json), not individually hand-curated. study_type/population/intervention/comparator left blank pending evidence-record-level review."
oncology-wada-2026-four-dimensional-computed-tomo,Four-Dimensional Computed Tomography of Respiratory Function Changes Post-Radiotherapy for Lung Cancer.,Shiho Wada; Tomohiro Itonaga; Ryuji Mikami; Tatsuhiko Zama; Yukinori Okada; Kazuhiro Saito,2026,Cureus,10.7759/cureus.103971,41727802,,PMC12922633,https://pmc.ncbi.nlm.nih.gov/articles/PMC12922633/,https://pmc-oa-opendata.s3.amazonaws.com/PMC12922633.1/PMC12922633.1.pdf?md5=54a6bb16aa5047fb153e14abef2ba50e,PMC12922633.pdf,2026-08-08,CC BY,https://creativecommons.org/licenses/by/4.0/,approved_open_access,included,"Bulk PMC Open Access Subset acquisition matching this corpus's scope vocabulary (NSCLC + PD-1/PD-L1 checkpoint-inhibitor terms), deterministic identity/license/full-text adjudication, and a documented rule-based title scope screen excluding wrong cancer types, preclinical/mechanism-only studies, off-topic diagnostic/surgical-technique papers, and single-patient case reports. Not yet individually reviewed for the golden evidence map.",,sha256:fd38703e886c7096881d396c1110b76f29dbe3e140b1bfea259152763fadbe17,paper,,,,,,"Acquired via bulk PMC OA ingestion pipeline (work/oncology/acquisition_receipt.json), not individually hand-curated. study_type/population/intervention/comparator left blank pending evidence-record-level review."
oncology-li-2026-integrating-car-t-therapy-with,"Integrating CAR-T therapy with PD-1/PD-L1 blockade: Mechanisms, synergy, and optimized strategies in NSCLC.",Xingxing Li; Zitong Wang; Shuyang Mao; Yijun Zhao; Jiayi Ye; Beibei Liang; Jialei Peng; Xinyi Xie; Jinglan Pan; Chunhai Xiao; Jian Zhao; Xiuhong Lu; Wei Xie,2026,iScience,10.1016/j.isci.2025.114607,41675056,,PMC12887263,https://pmc.ncbi.nlm.nih.gov/articles/PMC12887263/,https://pmc-oa-opendata.s3.amazonaws.com/PMC12887263.1/PMC12887263.1.pdf?md5=fbe246d3b7263cecafb679f64274a27e,PMC12887263.pdf,2026-08-08,CC BY,https://creativecommons.org/licenses/by/4.0/,approved_open_access,included,"Bulk PMC Open Access Subset acquisition matching this corpus's scope vocabulary (NSCLC + PD-1/PD-L1 checkpoint-inhibitor terms), deterministic identity/license/full-text adjudication, and a documented rule-based title scope screen excluding wrong cancer types, preclinical/mechanism-only studies, off-topic diagnostic/surgical-technique papers, and single-patient case reports. Not yet individually reviewed for the golden evidence map.",,sha256:985127556e8882342b57e2cf65d046125e1ecb783b271259136b94634640d545,paper,,,,,,"Acquired via bulk PMC OA ingestion pipeline (work/oncology/acquisition_receipt.json), not individually hand-curated. study_type/population/intervention/comparator left blank pending evidence-record-level review."
oncology-liao-2026-genomic-biomarkers-of-immunoth,Genomic biomarkers of immunotherapy plus chemotherapy in patients with advanced NSCLC: Insights from the phase 3 ORIENT-11 study.,Jun Liao; Jie Huang; Xueyuan Chen; Shaodong Hong; Gang Chen; Yaxiong Zhang; Ting Zhou; Weitao Zhuang; Lanlan Pang; Yunpeng Yang; Li Zhang; Wenfeng Fang,2026,iScience,10.1016/j.isci.2026.114730,41660271,,PMC12876322,https://pmc.ncbi.nlm.nih.gov/articles/PMC12876322/,https://pmc-oa-opendata.s3.amazonaws.com/PMC12876322.1/PMC12876322.1.pdf?md5=7946d0009b93bb165340335ea4c8ee98,PMC12876322.pdf,2026-08-08,CC BY,https://creativecommons.org/licenses/by/4.0/,approved_open_access,included,"Bulk PMC Open Access Subset acquisition matching this corpus's scope vocabulary (NSCLC + PD-1/PD-L1 checkpoint-inhibitor terms), deterministic identity/license/full-text adjudication, and a documented rule-based title scope screen excluding wrong cancer types, preclinical/mechanism-only studies, off-topic diagnostic/surgical-technique papers, and single-patient case reports. Not yet individually reviewed for the golden evidence map.",,sha256:db78a64a6f45a6bc826c8779deeba52e2228fb3269887b0106e77598937c7b58,paper,,,,,,"Acquired via bulk PMC OA ingestion pipeline (work/oncology/acquisition_receipt.json), not individually hand-curated. study_type/population/intervention/comparator left blank pending evidence-record-level review."
oncology-yuan-2026-inferring-tumor-immune-microen,Inferring tumor immune microenvironment -related risk states from pretreatment H&E pathomics and clinical biomarkers to predict checkpoint inhibitor pneumonitis in advanced NSCLC: a multicenter multimodal study.,Lei Yuan; Qi Wang; Fei Sun; Wenlong Yang; Jie Lei; Juan Liu; Yiwei Fan; Yibo Shan; Yi Lu; Yaojing Zhang; Yilun Wang; Jianwei Zhu; Lintao Guo; Wenxuan Chen; Shichun Lu; Hongcan Shi,2026,Frontiers in immunology,10.3389/fimmu.2026.1792179,41798925,,PMC12960525,https://pmc.ncbi.nlm.nih.gov/articles/PMC12960525/,https://pmc-oa-opendata.s3.amazonaws.com/PMC12960525.1/PMC12960525.1.pdf?md5=edee430d8ea4d18a782e212e90b96119,PMC12960525.pdf,2026-08-08,CC BY,https://creativecommons.org/licenses/by/4.0/,approved_open_access,included,"Bulk PMC Open Access Subset acquisition matching this corpus's scope vocabulary (NSCLC + PD-1/PD-L1 checkpoint-inhibitor terms), deterministic identity/license/full-text adjudication, and a documented rule-based title scope screen excluding wrong cancer types, preclinical/mechanism-only studies, off-topic diagnostic/surgical-technique papers, and single-patient case reports. Not yet individually reviewed for the golden evidence map.",,sha256:9fef8cdd07150664c3115ed740994775e2f028ec0a012618dae5f5fd763d6a15,paper,,,,,,"Acquired via bulk PMC OA ingestion pipeline (work/oncology/acquisition_receipt.json), not individually hand-curated. study_type/population/intervention/comparator left blank pending evidence-record-level review."
oncology-jiang-2026-integrating-pleural-pd-1-cd8-t,Integrating pleural PD-1+CD8+ T cell as a complement variable into LENT score to assess patients with lung adenocarcinoma complicated with MPE.,Weizhen Jiang; Leilei Lv; Yaoxin Zhang; Qiuxia Qu; Cheng Chen,2026,Frontiers in immunology,10.3389/fimmu.2026.1630590,41798922,,PMC12960558,https://pmc.ncbi.nlm.nih.gov/articles/PMC12960558/,https://pmc-oa-opendata.s3.amazonaws.com/PMC12960558.1/PMC12960558.1.pdf?md5=7c2f030bdf0e4404d9f33366f481a688,PMC12960558.pdf,2026-08-08,CC BY,https://creativecommons.org/licenses/by/4.0/,approved_open_access,included,"Bulk PMC Open Access Subset acquisition matching this corpus's scope vocabulary (NSCLC + PD-1/PD-L1 checkpoint-inhibitor terms), deterministic identity/license/full-text adjudication, and a documented rule-based title scope screen excluding wrong cancer types, preclinical/mechanism-only studies, off-topic diagnostic/surgical-technique papers, and single-patient case reports. Not yet individually reviewed for the golden evidence map.",,sha256:650da3dad83f67824e267905e8102733eaef3cdb8eed232fa4c1ef80c236667d,paper,,,,,,"Acquired via bulk PMC OA ingestion pipeline (work/oncology/acquisition_receipt.json), not individually hand-curated. study_type/population/intervention/comparator left blank pending evidence-record-level review."
oncology-xue-2026-targeting-regulated-cell-death,"Targeting regulated cell death pathways in lung cancer: mechanisms, therapeutic strategies, and clinical translation.",Fangsu Xue; Jiacheng Sun; Jitai Zhang; Yuntian Shen,2026,Frontiers in immunology,10.3389/fimmu.2026.1703943,41789093,,PMC12957166,https://pmc.ncbi.nlm.nih.gov/articles/PMC12957166/,https://pmc-oa-opendata.s3.amazonaws.com/PMC12957166.1/PMC12957166.1.pdf?md5=fc6c5ec63dceab89d1d5885751f62537,PMC12957166.pdf,2026-08-08,CC BY,https://creativecommons.org/licenses/by/4.0/,approved_open_access,included,"Bulk PMC Open Access Subset acquisition matching this corpus's scope vocabulary (NSCLC + PD-1/PD-L1 checkpoint-inhibitor terms), deterministic identity/license/full-text adjudication, and a documented rule-based title scope screen excluding wrong cancer types, preclinical/mechanism-only studies, off-topic diagnostic/surgical-technique papers, and single-patient case reports. Not yet individually reviewed for the golden evidence map.",,sha256:5e3b1ae4940748ddcc3cb6d79c48a89191de346b5ddb4248b20d27636fad1896,paper,,,,,,"Acquired via bulk PMC OA ingestion pipeline (work/oncology/acquisition_receipt.json), not individually hand-curated. study_type/population/intervention/comparator left blank pending evidence-record-level review."
oncology-almahari-2026-multiple-small-intestinal-meta,Multiple small intestinal metastatic tumours: from basics to advanced testing.,Sayed A Almahari; Abed M Zaitoun; Mina Fouad; Dileep N Lobo,2026,Oxford medical case reports,10.1093/omcr/omaf308,41716926,,PMC12915055,https://pmc.ncbi.nlm.nih.gov/articles/PMC12915055/,https://pmc-oa-opendata.s3.amazonaws.com/PMC12915055.1/PMC12915055.1.pdf?md5=d7f5e0d55374ff8e43140ed508257047,PMC12915055.pdf,2026-08-08,CC BY,https://creativecommons.org/licenses/by/4.0/,approved_open_access,included,"Bulk PMC Open Access Subset acquisition matching this corpus's scope vocabulary (NSCLC + PD-1/PD-L1 checkpoint-inhibitor terms), deterministic identity/license/full-text adjudication, and a documented rule-based title scope screen excluding wrong cancer types, preclinical/mechanism-only studies, off-topic diagnostic/surgical-technique papers, and single-patient case reports. Not yet individually reviewed for the golden evidence map.",,sha256:148eb95f3331df2d23ab32d08e65b5f4113e9120ea503d2da4c7f6228c2afd2f,paper,,,,,,"Acquired via bulk PMC OA ingestion pipeline (work/oncology/acquisition_receipt.json), not individually hand-curated. study_type/population/intervention/comparator left blank pending evidence-record-level review."
oncology-murakami-2026-advances-in-radiation-therapy,Advances in Radiation Therapy for Unresectable Locally Advanced Non-Small Cell Lung Cancer: From Technical Advances to Immunotherapy Integration.,Naoya Murakami,2026,Juntendo medical journal,10.14789/ejmj.JMJ25-0059-R,41859213,,PMC12997351,https://pmc.ncbi.nlm.nih.gov/articles/PMC12997351/,https://pmc-oa-opendata.s3.amazonaws.com/PMC12997351.1/PMC12997351.1.pdf?md5=ee35ad40e686b0addd006d590881fb30,PMC12997351.pdf,2026-08-08,CC BY,https://creativecommons.org/licenses/by/4.0/,approved_open_access,included,"Bulk PMC Open Access Subset acquisition matching this corpus's scope vocabulary (NSCLC + PD-1/PD-L1 checkpoint-inhibitor terms), deterministic identity/license/full-text adjudication, and a documented rule-based title scope screen excluding wrong cancer types, preclinical/mechanism-only studies, off-topic diagnostic/surgical-technique papers, and single-patient case reports. Not yet individually reviewed for the golden evidence map.",,sha256:efbde49619620847e290eae112e738ef2010c412e2f50dcf4344bada97ff63f2,paper,,,,,,"Acquired via bulk PMC OA ingestion pipeline (work/oncology/acquisition_receipt.json), not individually hand-curated. study_type/population/intervention/comparator left blank pending evidence-record-level review."
oncology-ito-2026-phenotype-of-circulating-tumor,Phenotype of circulating tumor-reactive T cells predicts immune checkpoint inhibitor response in non-small cell lung cancer.,Katsuhiro Ito; Kei Iida; Tomoko Hirano; Merrin Man Long Leong; Kenji Morii; Toshi Menju; Hiroshi Date; Hiroaki Ozasa; Hironori Yoshida; Toyohiro Hirai; Shusuke Kawashima; Kazuhiro Aoyama; Yuka Saeki; Takashi Inozume; Takashi Kobayashi; Kenji Chamoto; Tomonori Yaguchi,2026,Nature communications,10.1038/s41467-026-69680-x,41702949,,PMC13022356,https://pmc.ncbi.nlm.nih.gov/articles/PMC13022356/,https://pmc-oa-opendata.s3.amazonaws.com/PMC13022356.1/PMC13022356.1.pdf?md5=73bc82650b694c570d0870c338a5921b,PMC13022356.pdf,2026-08-08,CC BY,https://creativecommons.org/licenses/by/4.0/,approved_open_access,included,"Bulk PMC Open Access Subset acquisition matching this corpus's scope vocabulary (NSCLC + PD-1/PD-L1 checkpoint-inhibitor terms), deterministic identity/license/full-text adjudication, and a documented rule-based title scope screen excluding wrong cancer types, preclinical/mechanism-only studies, off-topic diagnostic/surgical-technique papers, and single-patient case reports. Not yet individually reviewed for the golden evidence map.",,sha256:3c324b9826a785c1b8869b89009a5ae2f8b3c60f788c5e96f3332637953ed1c2,paper,,,,,,"Acquired via bulk PMC OA ingestion pipeline (work/oncology/acquisition_receipt.json), not individually hand-curated. study_type/population/intervention/comparator left blank pending evidence-record-level review."
oncology-zeng-2026-cadonilimab-pd-1-ctla-4-bispec,Cadonilimab (PD-1/CTLA-4 bispecific antibody) combination therapy for driver gene-negative advanced NSCLC: a single-center retrospective real-world study.,Lulin Zeng; Yan Xiang; Ao Sun; Kaihua Lu,2026,Frontiers in oncology,10.3389/fonc.2026.1718151,41777658,,PMC12950591,https://pmc.ncbi.nlm.nih.gov/articles/PMC12950591/,https://pmc-oa-opendata.s3.amazonaws.com/PMC12950591.1/PMC12950591.1.pdf?md5=294dcf5a68dc05f7e575d3263ce44e47,PMC12950591.pdf,2026-08-08,CC BY,https://creativecommons.org/licenses/by/4.0/,approved_open_access,included,"Bulk PMC Open Access Subset acquisition matching this corpus's scope vocabulary (NSCLC + PD-1/PD-L1 checkpoint-inhibitor terms), deterministic identity/license/full-text adjudication, and a documented rule-based title scope screen excluding wrong cancer types, preclinical/mechanism-only studies, off-topic diagnostic/surgical-technique papers, and single-patient case reports. Not yet individually reviewed for the golden evidence map.",,sha256:250bda357a5ed945778fc7a957850ed3f8b8c93c0d4f2e9f474cc30ce734fd0a,paper,,,,,,"Acquired via bulk PMC OA ingestion pipeline (work/oncology/acquisition_receipt.json), not individually hand-curated. study_type/population/intervention/comparator left blank pending evidence-record-level review."
oncology-rad-2026-leptin-therapy-improves-metabo,Leptin Therapy Improves Metabolic Dysfunction in Immune Checkpoint Inhibitor-induced Lipodystrophy.,Mona Vahidi Rad; Suhail Saad-Omer; Bharath Nair Suresh Kumar Bindu; Vinaya Simha,2026,JCEM case reports,10.1210/jcemcr/luaf340,41700130,,PMC12906953,https://pmc.ncbi.nlm.nih.gov/articles/PMC12906953/,https://pmc-oa-opendata.s3.amazonaws.com/PMC12906953.1/PMC12906953.1.pdf?md5=c08b46c976b94a11d0947d34e4c834ef,PMC12906953.pdf,2026-08-08,CC BY,https://creativecommons.org/licenses/by/4.0/,approved_open_access,included,"Bulk PMC Open Access Subset acquisition matching this corpus's scope vocabulary (NSCLC + PD-1/PD-L1 checkpoint-inhibitor terms), deterministic identity/license/full-text adjudication, and a documented rule-based title scope screen excluding wrong cancer types, preclinical/mechanism-only studies, off-topic diagnostic/surgical-technique papers, and single-patient case reports. Not yet individually reviewed for the golden evidence map.",,sha256:de9c8866c9dc9439f95ddd2086554def1deffbc602d4111c0ffc1f1e3284066c,paper,,,,,,"Acquired via bulk PMC OA ingestion pipeline (work/oncology/acquisition_receipt.json), not individually hand-curated. study_type/population/intervention/comparator left blank pending evidence-record-level review."
oncology-qiu-2026-ppp2r2a-insufficiency-enhances,PPP2R2A insufficiency enhances PD-L1 immune checkpoint blockade efficacy in lung cancer through cGAS-STING activation.,Zhaojun Qiu; No-Joon Song; Anqi Li; Deepika Singh; Chandra B Prasad; Chunhong Yan; David P Carbone; Qi-En Wang; Xiaoli Zhang; Zihai Li; Junran Zhang,2026,The Journal of clinical investigation,10.1172/JCI193354,41411055,,PMC12904717,https://pmc.ncbi.nlm.nih.gov/articles/PMC12904717/,https://pmc-oa-opendata.s3.amazonaws.com/PMC12904717.1/PMC12904717.1.pdf?md5=e3c8219ec798ecbe065d65aed35ae6c0,PMC12904717.pdf,2026-08-08,CC BY,https://creativecommons.org/licenses/by/4.0/,approved_open_access,included,"Bulk PMC Open Access Subset acquisition matching this corpus's scope vocabulary (NSCLC + PD-1/PD-L1 checkpoint-inhibitor terms), deterministic identity/license/full-text adjudication, and a documented rule-based title scope screen excluding wrong cancer types, preclinical/mechanism-only studies, off-topic diagnostic/surgical-technique papers, and single-patient case reports. Not yet individually reviewed for the golden evidence map.",,sha256:8cbe63f3fa7ddc50c38ee43319d4b96850327a0d8e259580ab18d8f26d79879a,paper,,,,,,"Acquired via bulk PMC OA ingestion pipeline (work/oncology/acquisition_receipt.json), not individually hand-curated. study_type/population/intervention/comparator left blank pending evidence-record-level review."
oncology-han-2026-the-value-of-t1-mapping-and-in,The value of T1 mapping and intravoxel incoherent motion parameters in predicting PD-L1 expression and dynamically monitoring immunotherapy in advanced lung cancer.,Qijia Han; Shulin Li; Zhiming Xiang,2026,Frontiers in oncology,10.3389/fonc.2026.1687192,41768249,,PMC12945821,https://pmc.ncbi.nlm.nih.gov/articles/PMC12945821/,https://pmc-oa-opendata.s3.amazonaws.com/PMC12945821.1/PMC12945821.1.pdf?md5=8fe22045dfd7170eef7bac5b40634dcc,PMC12945821.pdf,2026-08-08,CC BY,https://creativecommons.org/licenses/by/4.0/,approved_open_access,included,"Bulk PMC Open Access Subset acquisition matching this corpus's scope vocabulary (NSCLC + PD-1/PD-L1 checkpoint-inhibitor terms), deterministic identity/license/full-text adjudication, and a documented rule-based title scope screen excluding wrong cancer types, preclinical/mechanism-only studies, off-topic diagnostic/surgical-technique papers, and single-patient case reports. Not yet individually reviewed for the golden evidence map.",,sha256:ba5654022e96d9759ab4473f2677a191a1fe972040e2f43de3b37008c8dc5b6d,paper,,,,,,"Acquired via bulk PMC OA ingestion pipeline (work/oncology/acquisition_receipt.json), not individually hand-curated. study_type/population/intervention/comparator left blank pending evidence-record-level review."
oncology-peroz-2026-deep-learning-based-assessment,Deep learning-based assessment of PD-L1 expression in NSCLC predicts outcome for patients treated with anti-PD-1 immunotherapy.,Morgane Peroz; Nicolas Roussot; Alis Ilie; David Rageot; Valentin Derangere; Caroline Truntzer; François Ghiringhelli,2026,Frontiers in immunology,10.3389/fimmu.2026.1750816,41766864,,PMC12946059,https://pmc.ncbi.nlm.nih.gov/articles/PMC12946059/,https://pmc-oa-opendata.s3.amazonaws.com/PMC12946059.1/PMC12946059.1.pdf?md5=b04ca5b6e4f0fa085b4413962942f6ef,PMC12946059.pdf,2026-08-08,CC BY,https://creativecommons.org/licenses/by/4.0/,approved_open_access,included,"Bulk PMC Open Access Subset acquisition matching this corpus's scope vocabulary (NSCLC + PD-1/PD-L1 checkpoint-inhibitor terms), deterministic identity/license/full-text adjudication, and a documented rule-based title scope screen excluding wrong cancer types, preclinical/mechanism-only studies, off-topic diagnostic/surgical-technique papers, and single-patient case reports. Not yet individually reviewed for the golden evidence map.",,sha256:7f43de84ab389647e24e9ec5ab28ac5299a91c1c9f47261cc515735287a4ba5c,paper,,,,,,"Acquired via bulk PMC OA ingestion pipeline (work/oncology/acquisition_receipt.json), not individually hand-curated. study_type/population/intervention/comparator left blank pending evidence-record-level review."
oncology-ersoy-2026-baseline-glucose-to-lymphocyte,Baseline glucose-to-lymphocyte ratio predicts nivolumab outcomes in advanced non-small cell lung cancer: a multicenter retrospective study.,Mustafa Ersoy; Umut Kefeli; Devrim Cabuk; Ertugrul Bayram; Duygu Bayir; Oktay Bozkurt; Muslih Ürün; Ramazan Coşar; Teoman Sakalar; Emel Mutlu; Muhammet Cengiz; Elif Sahin; Pervin Sancı; Canan Yıldız; Erdem Kolemen; Ayse Cengiz; Gozde Agdas; Erkam Kocaaslan; Ezgi Turkoglu; Sedat Yıldırım; Berrak Mermeit; Anil Karakayalı; Hayati Arvas; Mehmet Mutlu; Sedat Biter; Havva Yeşil Çinkir; Mehmet H Yücel,2026,Frontiers in immunology,10.3389/fimmu.2026.1714533,41766853,,PMC12936015,https://pmc.ncbi.nlm.nih.gov/articles/PMC12936015/,https://pmc-oa-opendata.s3.amazonaws.com/PMC12936015.1/PMC12936015.1.pdf?md5=709b011d5e211eb1424ed324e1ef1429,PMC12936015.pdf,2026-08-08,CC BY,https://creativecommons.org/licenses/by/4.0/,approved_open_access,included,"Bulk PMC Open Access Subset acquisition matching this corpus's scope vocabulary (NSCLC + PD-1/PD-L1 checkpoint-inhibitor terms), deterministic identity/license/full-text adjudication, and a documented rule-based title scope screen excluding wrong cancer types, preclinical/mechanism-only studies, off-topic diagnostic/surgical-technique papers, and single-patient case reports. Not yet individually reviewed for the golden evidence map.",,sha256:d8914d3163b758bb1d30c78ac1faafed80b24cfeac4b6371efa61cf26055235c,paper,,,,,,"Acquired via bulk PMC OA ingestion pipeline (work/oncology/acquisition_receipt.json), not individually hand-curated. study_type/population/intervention/comparator left blank pending evidence-record-level review."
oncology-markovic-2026-immune-related-thyroid-dysfunc,"Immune-Related Thyroid Dysfunction in PD-L1 High Non-Oncogene-Addicted NSCLC Treated with First-Line Pembrolizumab: Incidence, Timing, and Predictive Impact.",Filip Marković; Mihailo Stjepanović; Milica Kontić,2026,"Current oncology (Toronto, Ont.)",10.3390/curroncol33020109,41744872,,PMC12939588,https://pmc.ncbi.nlm.nih.gov/articles/PMC12939588/,https://pmc-oa-opendata.s3.amazonaws.com/PMC12939588.1/PMC12939588.1.pdf?md5=a3a6b8a6049afdced8bc2c91f5bc3ba5,PMC12939588.pdf,2026-08-08,CC BY,https://creativecommons.org/licenses/by/4.0/,approved_open_access,included,"Bulk PMC Open Access Subset acquisition matching this corpus's scope vocabulary (NSCLC + PD-1/PD-L1 checkpoint-inhibitor terms), deterministic identity/license/full-text adjudication, and a documented rule-based title scope screen excluding wrong cancer types, preclinical/mechanism-only studies, off-topic diagnostic/surgical-technique papers, and single-patient case reports. Not yet individually reviewed for the golden evidence map.",,sha256:31daac048974bbdb21a7f36d46ebe2ec3a0f4bf304b432911d92c7cc90576e4f,paper,,,,,,"Acquired via bulk PMC OA ingestion pipeline (work/oncology/acquisition_receipt.json), not individually hand-curated. study_type/population/intervention/comparator left blank pending evidence-record-level review."
oncology-chen-2026-pd-1-pd-l1-blockade-in-hiv-ass,PD-1/PD-L1 blockade in HIV-associated advanced lung cancer: from mechanisms to clinical practice.,Ruifang Chen; Shuai Ren; Haicheng Tang; Qingguo Wu,2026,Frontiers in immunology,10.3389/fimmu.2026.1708278,41743729,,PMC12929474,https://pmc.ncbi.nlm.nih.gov/articles/PMC12929474/,https://pmc-oa-opendata.s3.amazonaws.com/PMC12929474.1/PMC12929474.1.pdf?md5=e7764521e40c7c297ca077269c9619b4,PMC12929474.pdf,2026-08-08,CC BY,https://creativecommons.org/licenses/by/4.0/,approved_open_access,included,"Bulk PMC Open Access Subset acquisition matching this corpus's scope vocabulary (NSCLC + PD-1/PD-L1 checkpoint-inhibitor terms), deterministic identity/license/full-text adjudication, and a documented rule-based title scope screen excluding wrong cancer types, preclinical/mechanism-only studies, off-topic diagnostic/surgical-technique papers, and single-patient case reports. Not yet individually reviewed for the golden evidence map.",,sha256:014f5d604bc739ef2ef793e05b83c3f6bc3569394cff23d3ab103faf5f2c539b,paper,,,,,,"Acquired via bulk PMC OA ingestion pipeline (work/oncology/acquisition_receipt.json), not individually hand-curated. study_type/population/intervention/comparator left blank pending evidence-record-level review."
oncology-li-2026-multi-omics-analysis-identifie,Multi-omics analysis identifies TLRscore for prognostic prediction and highlights TLR8 in macrophage-mediated antitumor immunity of lung adenocarcinoma.,Ang Li; Jiawei Liu; Hongjiao Wu; Ye Jin; Hongmei Zhang; Zhi Zhang; Shunli Jiang; Xuemei Zhang,2026,Frontiers in immunology,10.3389/fimmu.2026.1711401,41743724,,PMC12929545,https://pmc.ncbi.nlm.nih.gov/articles/PMC12929545/,https://pmc-oa-opendata.s3.amazonaws.com/PMC12929545.1/PMC12929545.1.pdf?md5=b8c6bf133b196c96c58c94d6cdf63d6f,PMC12929545.pdf,2026-08-08,CC BY,https://creativecommons.org/licenses/by/4.0/,approved_open_access,included,"Bulk PMC Open Access Subset acquisition matching this corpus's scope vocabulary (NSCLC + PD-1/PD-L1 checkpoint-inhibitor terms), deterministic identity/license/full-text adjudication, and a documented rule-based title scope screen excluding wrong cancer types, preclinical/mechanism-only studies, off-topic diagnostic/surgical-technique papers, and single-patient case reports. Not yet individually reviewed for the golden evidence map.",,sha256:2ca22e79d9eec53fe9fae11e7545a367ba752b762f3ade7ec93b7cd5b34acd16,paper,,,,,,"Acquired via bulk PMC OA ingestion pipeline (work/oncology/acquisition_receipt.json), not individually hand-curated. study_type/population/intervention/comparator left blank pending evidence-record-level review."
oncology-tacchi-2026-immune-related-adverse-events,Immune-Related Adverse Events Associated with Immune Checkpoint Inhibitors: A Scoping Review.,Costanza Tacchi; Irma Convertino; Guido Bocci,2026,"Pharmaceuticals (Basel, Switzerland)",10.3390/ph19020276,41754815,,PMC12943639,https://pmc.ncbi.nlm.nih.gov/articles/PMC12943639/,https://pmc-oa-opendata.s3.amazonaws.com/PMC12943639.1/PMC12943639.1.pdf?md5=ce07ec3615d7d73196d9e0330d544a3f,PMC12943639.pdf,2026-08-08,CC BY,https://creativecommons.org/licenses/by/4.0/,approved_open_access,included,"Bulk PMC Open Access Subset acquisition matching this corpus's scope vocabulary (NSCLC + PD-1/PD-L1 checkpoint-inhibitor terms), deterministic identity/license/full-text adjudication, and a documented rule-based title scope screen excluding wrong cancer types, preclinical/mechanism-only studies, off-topic diagnostic/surgical-technique papers, and single-patient case reports. Not yet individually reviewed for the golden evidence map.",,sha256:96b4fbe371a8577cd93b8b01381d94679df6e267c9695c810faef93b8ed2c30a,paper,,,,,,"Acquired via bulk PMC OA ingestion pipeline (work/oncology/acquisition_receipt.json), not individually hand-curated. study_type/population/intervention/comparator left blank pending evidence-record-level review."
oncology-liang-2026-the-impact-of-p53-mutation-on,The impact of p53 mutation on tumor immune evasion: mechanistic insights and clinical implications.,Luo Liang; Weidong Wang,2026,Frontiers in immunology,10.3389/fimmu.2026.1753215,41727427,,PMC12920560,https://pmc.ncbi.nlm.nih.gov/articles/PMC12920560/,https://pmc-oa-opendata.s3.amazonaws.com/PMC12920560.1/PMC12920560.1.pdf?md5=dae6d3a2f1e311ef356e26d53e0487ef,PMC12920560.pdf,2026-08-08,CC BY,https://creativecommons.org/licenses/by/4.0/,approved_open_access,included,"Bulk PMC Open Access Subset acquisition matching this corpus's scope vocabulary (NSCLC + PD-1/PD-L1 checkpoint-inhibitor terms), deterministic identity/license/full-text adjudication, and a documented rule-based title scope screen excluding wrong cancer types, preclinical/mechanism-only studies, off-topic diagnostic/surgical-technique papers, and single-patient case reports. Not yet individually reviewed for the golden evidence map.",,sha256:cefe279bc0d3fcbf04d2b239f39dcc751aa5a85c8ca5d1dfe974ee95cbde5200,paper,,,,,,"Acquired via bulk PMC OA ingestion pipeline (work/oncology/acquisition_receipt.json), not individually hand-curated. study_type/population/intervention/comparator left blank pending evidence-record-level review."
oncology-delmonte-2026-real-world-treatment-patterns,Real-World Treatment Patterns and Survival in Patients with Advanced Non-Small Cell Lung Cancer: An Italian Retrospective Cohort Study.,Angelo Delmonte; Nicola Gentili; Andrea Roncadori; Roberta Maltoni; Valentina Danesi; Pooja Hindocha; Cátia Leal; Stavros Oikonomou; Marta Mella; Sarah Lay-Flurrie; Gabrielle Emanuel; Caroline Rault; Mrudula B Glassberg; Adam Lee; Yong Yuan; Ilaria Massa,2026,Cancers,10.3390/cancers18030538,41682008,,PMC12897191,https://pmc.ncbi.nlm.nih.gov/articles/PMC12897191/,https://pmc-oa-opendata.s3.amazonaws.com/PMC12897191.1/PMC12897191.1.pdf?md5=636abf4aa3347bae97b5d663da7de3ab,PMC12897191.pdf,2026-08-08,CC BY,https://creativecommons.org/licenses/by/4.0/,approved_open_access,included,"Bulk PMC Open Access Subset acquisition matching this corpus's scope vocabulary (NSCLC + PD-1/PD-L1 checkpoint-inhibitor terms), deterministic identity/license/full-text adjudication, and a documented rule-based title scope screen excluding wrong cancer types, preclinical/mechanism-only studies, off-topic diagnostic/surgical-technique papers, and single-patient case reports. Not yet individually reviewed for the golden evidence map.",,sha256:748553ae8b81b60f736a0ced4ab1a39b174e1c48f39df844a5cd581cdaa99ae0,paper,,,,,,"Acquired via bulk PMC OA ingestion pipeline (work/oncology/acquisition_receipt.json), not individually hand-curated. study_type/population/intervention/comparator left blank pending evidence-record-level review."
oncology-zhuang-2026-from-local-control-to-immune-m,From local control to immune modulation: hypofractionated radiotherapy as a backbone for cancer immunotherapy.,Xiaoxuan Zhuang; Yao Sun; Dayong Zhuang,2026,Frontiers in oncology,10.3389/fonc.2026.1750519,41727645,,PMC12916358,https://pmc.ncbi.nlm.nih.gov/articles/PMC12916358/,https://pmc-oa-opendata.s3.amazonaws.com/PMC12916358.1/PMC12916358.1.pdf?md5=7409e59e6c18d82f5c6aec6574c08f1c,PMC12916358.pdf,2026-08-08,CC BY,https://creativecommons.org/licenses/by/4.0/,approved_open_access,included,"Bulk PMC Open Access Subset acquisition matching this corpus's scope vocabulary (NSCLC + PD-1/PD-L1 checkpoint-inhibitor terms), deterministic identity/license/full-text adjudication, and a documented rule-based title scope screen excluding wrong cancer types, preclinical/mechanism-only studies, off-topic diagnostic/surgical-technique papers, and single-patient case reports. Not yet individually reviewed for the golden evidence map.",,sha256:89ef6a1965f7d074be212f37520913c7711c7e63a4da813bf17c0bf8f93a3b30,paper,,,,,,"Acquired via bulk PMC OA ingestion pipeline (work/oncology/acquisition_receipt.json), not individually hand-curated. study_type/population/intervention/comparator left blank pending evidence-record-level review."
oncology-kim-2026-dual-targeting-of-hif-1-and-dl,Dual Targeting of HIF-1α and DLL4 by Isoxanthohumol Potentiates Immune Checkpoint Blockade.,Doyoung Kim; Jihye You; So Hee Bae; Ji-Hak Jeong; Jong Hwa Jung; Jeong Ah Kim; You Mie Lee,2026,International journal of molecular sciences,10.3390/ijms27031576,41683994,,PMC12898662,https://pmc.ncbi.nlm.nih.gov/articles/PMC12898662/,https://pmc-oa-opendata.s3.amazonaws.com/PMC12898662.1/PMC12898662.1.pdf?md5=1af80276b34834b17e8fd6ffd160e8f0,PMC12898662.pdf,2026-08-08,CC BY,https://creativecommons.org/licenses/by/4.0/,approved_open_access,included,"Bulk PMC Open Access Subset acquisition matching this corpus's scope vocabulary (NSCLC + PD-1/PD-L1 checkpoint-inhibitor terms), deterministic identity/license/full-text adjudication, and a documented rule-based title scope screen excluding wrong cancer types, preclinical/mechanism-only studies, off-topic diagnostic/surgical-technique papers, and single-patient case reports. Not yet individually reviewed for the golden evidence map.",,sha256:83896ec4218933950547b8e2e542c8b4e5f617b809a3110d184e1d86e5670d32,paper,,,,,,"Acquired via bulk PMC OA ingestion pipeline (work/oncology/acquisition_receipt.json), not individually hand-curated. study_type/population/intervention/comparator left blank pending evidence-record-level review."
oncology-rossi-2026-pik3ca-alterations-in-nsclc-cl,"PIK3CA Alterations in NSCLC: Clinical Characteristics of a ""Neglected"" Population of Oncogene-Addicted Patients.",Sabrina Rossi; Arianna Pagliaro; Silvia Masini; Giovanna Finocchiaro; Luca Toschi; Emilio Bria; Vitale Antonio; Stefani Alessio; Alessandro Inno; Stefania Gori; Ettore D'Argento; Armando Santoro,2026,Biomedicines,10.3390/biomedicines14020362,41751261,,PMC12937597,https://pmc.ncbi.nlm.nih.gov/articles/PMC12937597/,https://pmc-oa-opendata.s3.amazonaws.com/PMC12937597.1/PMC12937597.1.pdf?md5=4d46cd94d6ed327a68484cbab3cdbfb9,PMC12937597.pdf,2026-08-08,CC BY,https://creativecommons.org/licenses/by/4.0/,approved_open_access,included,"Bulk PMC Open Access Subset acquisition matching this corpus's scope vocabulary (NSCLC + PD-1/PD-L1 checkpoint-inhibitor terms), deterministic identity/license/full-text adjudication, and a documented rule-based title scope screen excluding wrong cancer types, preclinical/mechanism-only studies, off-topic diagnostic/surgical-technique papers, and single-patient case reports. Not yet individually reviewed for the golden evidence map.",,sha256:f2b2362f5d15cf8409817acd73d7b09d2e5ce03ed3cacc7727794bf8eca5afbb,paper,,,,,,"Acquired via bulk PMC OA ingestion pipeline (work/oncology/acquisition_receipt.json), not individually hand-curated. study_type/population/intervention/comparator left blank pending evidence-record-level review."
oncology-krykbaeva-2026-recruitment-of-neutrophils-by,"Recruitment of neutrophils by granulocyte colony-stimulating factor in cancer patients undergoing immunotherapy: the good, the bad, and the unknown.",Irina Krykbaeva; Karishma Vijay Rupani; Johnson M Liu,2026,Frontiers in immunology,10.3389/fimmu.2026.1718838,41716400,,PMC12913084,https://pmc.ncbi.nlm.nih.gov/articles/PMC12913084/,https://pmc-oa-opendata.s3.amazonaws.com/PMC12913084.1/PMC12913084.1.pdf?md5=12f5c28a3f76929317d7b92e1e3a0e5b,PMC12913084.pdf,2026-08-08,CC BY,https://creativecommons.org/licenses/by/4.0/,approved_open_access,included,"Bulk PMC Open Access Subset acquisition matching this corpus's scope vocabulary (NSCLC + PD-1/PD-L1 checkpoint-inhibitor terms), deterministic identity/license/full-text adjudication, and a documented rule-based title scope screen excluding wrong cancer types, preclinical/mechanism-only studies, off-topic diagnostic/surgical-technique papers, and single-patient case reports. Not yet individually reviewed for the golden evidence map.",,sha256:758e2bc0d36847cfc70c422b28907d51e03684df33d5ccdd40e2ee45a30f7f56,paper,,,,,,"Acquired via bulk PMC OA ingestion pipeline (work/oncology/acquisition_receipt.json), not individually hand-curated. study_type/population/intervention/comparator left blank pending evidence-record-level review."
oncology-yakobson-2026-impact-of-statin-use-on-immuno,Impact of Statin Use on Immunotherapy Outcomes and Efficacy in Non-Small Cell Lung Cancer Patients.,Alexander Yakobson; Abed Agbarya; Yulia Dudnik; Itamar Gothelf; Asmah Miari; Ronen Brenner; Ashraf Abu Jama; Nashat Abu Yasin; Abd El Nazer Dabah; Amichay Meirovitz; Natalie Maimon Rabinovich; Walid Shalata,2026,International journal of molecular sciences,10.3390/ijms27031541,41683960,,PMC12898650,https://pmc.ncbi.nlm.nih.gov/articles/PMC12898650/,https://pmc-oa-opendata.s3.amazonaws.com/PMC12898650.1/PMC12898650.1.pdf?md5=bacea80c7f82773ae100f1241382ef54,PMC12898650.pdf,2026-08-08,CC BY,https://creativecommons.org/licenses/by/4.0/,approved_open_access,included,"Bulk PMC Open Access Subset acquisition matching this corpus's scope vocabulary (NSCLC + PD-1/PD-L1 checkpoint-inhibitor terms), deterministic identity/license/full-text adjudication, and a documented rule-based title scope screen excluding wrong cancer types, preclinical/mechanism-only studies, off-topic diagnostic/surgical-technique papers, and single-patient case reports. Not yet individually reviewed for the golden evidence map.",,sha256:5ed39633d0a4a18c311bf4358690cc868723aae71b09d12a0f423524df9978f7,paper,,,,,,"Acquired via bulk PMC OA ingestion pipeline (work/oncology/acquisition_receipt.json), not individually hand-curated. study_type/population/intervention/comparator left blank pending evidence-record-level review."
oncology-dai-2026-efficacy-and-safety-of-ivonesc,Efficacy and safety of ivonescimab in non-small cell lung cancer: a systematic review and meta-analysis of emerging clinical data.,Youran Dai; Chenwei Xiao; Qi Chen; Liang Wang; Ruiqing Bo; Zerun Cheng; Guofeng Pan,2026,Frontiers in pharmacology,10.3389/fphar.2026.1770637,41710928,,PMC12909539,https://pmc.ncbi.nlm.nih.gov/articles/PMC12909539/,https://pmc-oa-opendata.s3.amazonaws.com/PMC12909539.1/PMC12909539.1.pdf?md5=d1256a47ca6d129fb3d227f8b2289cd9,PMC12909539.pdf,2026-08-08,CC BY,https://creativecommons.org/licenses/by/4.0/,approved_open_access,included,"Bulk PMC Open Access Subset acquisition matching this corpus's scope vocabulary (NSCLC + PD-1/PD-L1 checkpoint-inhibitor terms), deterministic identity/license/full-text adjudication, and a documented rule-based title scope screen excluding wrong cancer types, preclinical/mechanism-only studies, off-topic diagnostic/surgical-technique papers, and single-patient case reports. Not yet individually reviewed for the golden evidence map.",,sha256:687b93231791aa46b556e924ba7b5d66f6eef0b16897999e07faa90c40404139,paper,,,,,,"Acquired via bulk PMC OA ingestion pipeline (work/oncology/acquisition_receipt.json), not individually hand-curated. study_type/population/intervention/comparator left blank pending evidence-record-level review."
oncology-he-2026-global-research-trends-and-foc,Global research trends and focus on biomarkers in lung cancer immunotherapy: a comprehensive bibliometric insight and visualization analysis (2001-2025).,Jiangbo He; Chaoyuan Liu; Fang Ma; Yiguang Zhou; Xianling Liu,2026,Frontiers in immunology,10.3389/fimmu.2026.1622573,41710876,,PMC12909568,https://pmc.ncbi.nlm.nih.gov/articles/PMC12909568/,https://pmc-oa-opendata.s3.amazonaws.com/PMC12909568.1/PMC12909568.1.pdf?md5=11f4e7fe19989885d74abb450eabf6c5,PMC12909568.pdf,2026-08-08,CC BY,https://creativecommons.org/licenses/by/4.0/,approved_open_access,included,"Bulk PMC Open Access Subset acquisition matching this corpus's scope vocabulary (NSCLC + PD-1/PD-L1 checkpoint-inhibitor terms), deterministic identity/license/full-text adjudication, and a documented rule-based title scope screen excluding wrong cancer types, preclinical/mechanism-only studies, off-topic diagnostic/surgical-technique papers, and single-patient case reports. Not yet individually reviewed for the golden evidence map.",,sha256:c75f98379ac68be4f5f05d5305225ea2635a43f43a19c3faa59011afb60da9dc,paper,,,,,,"Acquired via bulk PMC OA ingestion pipeline (work/oncology/acquisition_receipt.json), not individually hand-curated. study_type/population/intervention/comparator left blank pending evidence-record-level review."
oncology-pham-2026-bcl2a1high-cd8-t-cells-are-a-s,BCL2A1high CD8+ T Cells Are a Survival-Associated Predictor of Immune Checkpoint Blockade Response in Lung Adenocarcinoma.,Hoang Minh Quan Pham; Po-Hao Feng; Chia-Ling Chen; Kang-Yun Lee; Chiou-Feng Lin,2026,"Diagnostics (Basel, Switzerland)",10.3390/diagnostics16030475,41681793,,PMC12896543,https://pmc.ncbi.nlm.nih.gov/articles/PMC12896543/,https://pmc-oa-opendata.s3.amazonaws.com/PMC12896543.1/PMC12896543.1.pdf?md5=9fdccee09e0730670bf77aada86e119f,PMC12896543.pdf,2026-08-08,CC BY,https://creativecommons.org/licenses/by/4.0/,approved_open_access,included,"Bulk PMC Open Access Subset acquisition matching this corpus's scope vocabulary (NSCLC + PD-1/PD-L1 checkpoint-inhibitor terms), deterministic identity/license/full-text adjudication, and a documented rule-based title scope screen excluding wrong cancer types, preclinical/mechanism-only studies, off-topic diagnostic/surgical-technique papers, and single-patient case reports. Not yet individually reviewed for the golden evidence map.",,sha256:677989ce01b73cadefceba3974df7be24096dd41d15209f745eaa6bb4196dba3,paper,,,,,,"Acquired via bulk PMC OA ingestion pipeline (work/oncology/acquisition_receipt.json), not individually hand-curated. study_type/population/intervention/comparator left blank pending evidence-record-level review."
oncology-hu-2026-timeless-promotes-luad-growth,TIMELESS Promotes LUAD Growth via Suppressing Transferrin-Mediated Ferroptosis and Reprograms the Tumor Microenvironment against Anti-PD-1 Immunotherapy.,Chenchen Hu; Feiming Hu; Changjian Shao; Yuanli He; Liping Su; Daimei Shi; Lingying Yu; Yuanjie Sun; Jing Wang; Xiyang Zhang; Hongtao Duan; Junqi Zhang; Yubo Sun; Dongbo Jiang; Xiaolong Yan; Shuya Yang; Kun Yang,2026,"Cancer communications (London, England)",10.34133/cancomm.0009,41641368,,PMC12864654,https://pmc.ncbi.nlm.nih.gov/articles/PMC12864654/,https://pmc-oa-opendata.s3.amazonaws.com/PMC12864654.1/PMC12864654.1.pdf?md5=4eebfe08fa3cd61669f4f388502e8852,PMC12864654.pdf,2026-08-08,CC BY,https://creativecommons.org/licenses/by/4.0/,approved_open_access,included,"Bulk PMC Open Access Subset acquisition matching this corpus's scope vocabulary (NSCLC + PD-1/PD-L1 checkpoint-inhibitor terms), deterministic identity/license/full-text adjudication, and a documented rule-based title scope screen excluding wrong cancer types, preclinical/mechanism-only studies, off-topic diagnostic/surgical-technique papers, and single-patient case reports. Not yet individually reviewed for the golden evidence map.",,sha256:c68415975ac9f2aa5be5f64b768a1eb84e7c4789c5d7b7f649c9315a086ebfbd,paper,,,,,,"Acquired via bulk PMC OA ingestion pipeline (work/oncology/acquisition_receipt.json), not individually hand-curated. study_type/population/intervention/comparator left blank pending evidence-record-level review."
oncology-tang-2026-lung-cancer-vaccines-to-enhanc,Lung cancer vaccines to enhance immune checkpoint inhibitor therapy: evidence and future perspectives.,Zhiting Tang; Linjun Zha; Ruqiang Liang; Tianhong Li,2026,Journal of hematology & oncology,10.1186/s13045-026-01778-7,41634728,,PMC12896110,https://pmc.ncbi.nlm.nih.gov/articles/PMC12896110/,https://pmc-oa-opendata.s3.amazonaws.com/PMC12896110.1/PMC12896110.1.pdf?md5=f78f33777c4bef8c9992ab5167997fc8,PMC12896110.pdf,2026-08-08,CC BY,https://creativecommons.org/licenses/by/4.0/,approved_open_access,included,"Bulk PMC Open Access Subset acquisition matching this corpus's scope vocabulary (NSCLC + PD-1/PD-L1 checkpoint-inhibitor terms), deterministic identity/license/full-text adjudication, and a documented rule-based title scope screen excluding wrong cancer types, preclinical/mechanism-only studies, off-topic diagnostic/surgical-technique papers, and single-patient case reports. Not yet individually reviewed for the golden evidence map.",,sha256:64520a988e3bf75866f41339f5655ef5a873fdaa1b86a4ac4c50eca42af28260,paper,,,,,,"Acquired via bulk PMC OA ingestion pipeline (work/oncology/acquisition_receipt.json), not individually hand-curated. study_type/population/intervention/comparator left blank pending evidence-record-level review."
oncology-veccia-2026-chemoimmunotherapy-combination,Chemoimmunotherapy Combinations in Elderly Patients with Metastatic Non-Small Cell Lung Cancer and PD-L1 Expression < 50%: Results from an Italian Real-World Study.,Antonello Veccia; Ettore D'Argento; Floriana Morgillo; Elio Gregory Pizzutilo; Fabiana Vitiello; Alberto Pavan; Fiorella Lombardo; Marco Russano; Alessandro Morabito; Eleonora Gariazzo; Carlo Genova; Rita Chiari; Antonella Cristofano; Alessandro Delconte; Emanuela Vattemi; Alessandra Dessi; Daniele Galanti; Simona Busato; Giovanni Palazzolo; Clementina Savastano; Giuseppe Azzarello; Francesco Verderame; Cristina Mazzi; Daniela Bencardino; Mariachiara Dipasquale; Alessandro Scala; Carminia Maria Della Corte; Daniele Piscazzi; Marina Gilli; Emilio Bria; Orazio Caffo; Stefania Gori; Alessandro Inno,2026,Journal of clinical medicine,10.3390/jcm15031165,41682846,,PMC12898390,https://pmc.ncbi.nlm.nih.gov/articles/PMC12898390/,https://pmc-oa-opendata.s3.amazonaws.com/PMC12898390.1/PMC12898390.1.pdf?md5=ad9b855f5e41b76f5e26b3558fa9f748,PMC12898390.pdf,2026-08-08,CC BY,https://creativecommons.org/licenses/by/4.0/,approved_open_access,included,"Bulk PMC Open Access Subset acquisition matching this corpus's scope vocabulary (NSCLC + PD-1/PD-L1 checkpoint-inhibitor terms), deterministic identity/license/full-text adjudication, and a documented rule-based title scope screen excluding wrong cancer types, preclinical/mechanism-only studies, off-topic diagnostic/surgical-technique papers, and single-patient case reports. Not yet individually reviewed for the golden evidence map.",,sha256:735ca5167124089ecd78efeda3332279e4049eccd50b7791b91c181ce68c56ba,paper,,,,,,"Acquired via bulk PMC OA ingestion pipeline (work/oncology/acquisition_receipt.json), not individually hand-curated. study_type/population/intervention/comparator left blank pending evidence-record-level review."
oncology-park-2026-phase-1-study-of-inbrx-105-a-t,"Phase 1 Study of INBRX-105, a TNFRSF9 (4-1BB) and PD-L1 Bispecific Antibody, in Patients with Select Solid Tumors.",Jong Chul Park; David Berz; Manish R Sharma; Jyoti Malhotra; Anthony W Tolcher; Ralph J Hauke; Justin A Call; John T Hamm; Rachel E Sanborn; Naomi B Haas; Frank Tsai; Doug R Adkins; D Ross Camidge; Alexander I Spira; Lane Senne; James Kalabus; Brianne O'Neill; Heather Kinkead; Josep Garcia; Erminia Massarelli,2026,Cancer research communications,10.1158/2767-9764.CRC-25-0577,41724817,,PMC13143200,https://pmc.ncbi.nlm.nih.gov/articles/PMC13143200/,https://pmc-oa-opendata.s3.amazonaws.com/PMC13143200.1/PMC13143200.1.pdf?md5=0b53b4c04da013bb1347b876ae7bf6fa,PMC13143200.pdf,2026-08-08,CC BY,https://creativecommons.org/licenses/by/4.0/,approved_open_access,included,"Bulk PMC Open Access Subset acquisition matching this corpus's scope vocabulary (NSCLC + PD-1/PD-L1 checkpoint-inhibitor terms), deterministic identity/license/full-text adjudication, and a documented rule-based title scope screen excluding wrong cancer types, preclinical/mechanism-only studies, off-topic diagnostic/surgical-technique papers, and single-patient case reports. Not yet individually reviewed for the golden evidence map.",,sha256:e2510b24fc8483f22d9de9979ddb00a40e3392965646f51a60e5716e26d91a79,paper,,,,,,"Acquired via bulk PMC OA ingestion pipeline (work/oncology/acquisition_receipt.json), not individually hand-curated. study_type/population/intervention/comparator left blank pending evidence-record-level review."
oncology-sumi-2026-pd-l1-expression-and-histopath,PD-L1 Expression and Histopathological Features in EGFR-Mutated Non-Small Cell Lung Cancer: Implications for Immune Checkpoint Inhibitors After EGFR-Tyrosine Kinase Inhibitors Resistance.,Toshiyuki Sumi; Taiki Ishigooka; Keigo Matsuura; Takumi Ikeda; Yuichi Yamada; Kotomi Arioka; Hirofumi Chiba,2026,Thoracic cancer,10.1111/1759-7714.70252,41663093,,PMC12885618,https://pmc.ncbi.nlm.nih.gov/articles/PMC12885618/,https://pmc-oa-opendata.s3.amazonaws.com/PMC12885618.1/PMC12885618.1.pdf?md5=0e18e300c449e9a47a83b0739849d8dc,PMC12885618.pdf,2026-08-08,CC BY,https://creativecommons.org/licenses/by/4.0/,approved_open_access,included,"Bulk PMC Open Access Subset acquisition matching this corpus's scope vocabulary (NSCLC + PD-1/PD-L1 checkpoint-inhibitor terms), deterministic identity/license/full-text adjudication, and a documented rule-based title scope screen excluding wrong cancer types, preclinical/mechanism-only studies, off-topic diagnostic/surgical-technique papers, and single-patient case reports. Not yet individually reviewed for the golden evidence map.",,sha256:d60818be1fc4461de9fdde6e1a09bc08c419a0177c7fc3859f96b035e422c5f9,paper,,,,,,"Acquired via bulk PMC OA ingestion pipeline (work/oncology/acquisition_receipt.json), not individually hand-curated. study_type/population/intervention/comparator left blank pending evidence-record-level review."
oncology-moinard-butot-2026-prediction-of-survival-and-out,Prediction of survival and outcomes with depth of response at 6 months in metastatic non-small-cell lung cancer patients treated with chemotherapy and immunotherapy combination: SPORE trial.,F Moinard-Butot; J-B Barbe-Richaud; J Lasvergnas; J Ancel; G Justeau; H Le Floch; L Somme; C Chouaid; O Bylicki; R Schott,2026,ESMO open,10.1016/j.esmoop.2025.106042,41616390,,PMC12874283,https://pmc.ncbi.nlm.nih.gov/articles/PMC12874283/,https://pmc-oa-opendata.s3.amazonaws.com/PMC12874283.1/PMC12874283.1.pdf?md5=41cade7c372b53ea493df161c43a19df,PMC12874283.pdf,2026-08-08,CC BY,https://creativecommons.org/licenses/by/4.0/,approved_open_access,included,"Bulk PMC Open Access Subset acquisition matching this corpus's scope vocabulary (NSCLC + PD-1/PD-L1 checkpoint-inhibitor terms), deterministic identity/license/full-text adjudication, and a documented rule-based title scope screen excluding wrong cancer types, preclinical/mechanism-only studies, off-topic diagnostic/surgical-technique papers, and single-patient case reports. Not yet individually reviewed for the golden evidence map.",,sha256:a96d53e6e5082156a625c9886d7fc86390852926513153366593220a2729e32e,paper,,,,,,"Acquired via bulk PMC OA ingestion pipeline (work/oncology/acquisition_receipt.json), not individually hand-curated. study_type/population/intervention/comparator left blank pending evidence-record-level review."
oncology-dijk-2026-checkpoint-inhibitor-effective,Checkpoint inhibitor effectiveness after corticosteroids and second-line immunosuppressants for immune-related adverse events in non-small-cell lung cancer.,E J van Dijk; M M Smeenk; F Bensch; A M Sadowska; M V Verschueren; M Verhaert; A Llobell; Y Suzuki; D F L Liew; A Takeji; A T J Maria; B J M Peters; J S Garcia Morillo; K Chatzidionysiou; M Lidar; E C van der Hout; S Aspeslagh; G J M Herder; E M W van de Garde; L E L Hendriks; L B M Hijmering-Kappelle; W S M E Theelen; K P M Suijkerbuijk; R J Verheijden,2026,ESMO open,10.1016/j.esmoop.2025.106052,41564819,,PMC12857322,https://pmc.ncbi.nlm.nih.gov/articles/PMC12857322/,https://pmc-oa-opendata.s3.amazonaws.com/PMC12857322.1/PMC12857322.1.pdf?md5=869562786d6273963ffa11c3ae1b97b3,PMC12857322.pdf,2026-08-08,CC BY,https://creativecommons.org/licenses/by/4.0/,approved_open_access,included,"Bulk PMC Open Access Subset acquisition matching this corpus's scope vocabulary (NSCLC + PD-1/PD-L1 checkpoint-inhibitor terms), deterministic identity/license/full-text adjudication, and a documented rule-based title scope screen excluding wrong cancer types, preclinical/mechanism-only studies, off-topic diagnostic/surgical-technique papers, and single-patient case reports. Not yet individually reviewed for the golden evidence map.",,sha256:a4958ddb98778b499e15949e3e304a40d8d641fe96f09ddb66d0ac0409840082,paper,,,,,,"Acquired via bulk PMC OA ingestion pipeline (work/oncology/acquisition_receipt.json), not individually hand-curated. study_type/population/intervention/comparator left blank pending evidence-record-level review."
oncology-weber-2026-comparison-of-real-world-effic,Comparison of real-world efficacy and safety of nivolumab plus ipilimumab or pembrolizumab combined with platinum-based chemotherapy as first-line treatment for advanced non-small cell lung cancer in a German population.,Moritz Weber; Alexander Freiherr von Hammerstein-Equord; Manuela Weinreich; Stefan Andreas; Achim Rittmeyer,2026,"Cancer immunology, immunotherapy : CII",10.1007/s00262-025-04244-4,41619000,,PMC12860776,https://pmc.ncbi.nlm.nih.gov/articles/PMC12860776/,https://pmc-oa-opendata.s3.amazonaws.com/PMC12860776.1/PMC12860776.1.pdf?md5=9939bbd9170bc26509423564479b64ee,PMC12860776.pdf,2026-08-08,CC BY,https://creativecommons.org/licenses/by/4.0/,approved_open_access,included,"Bulk PMC Open Access Subset acquisition matching this corpus's scope vocabulary (NSCLC + PD-1/PD-L1 checkpoint-inhibitor terms), deterministic identity/license/full-text adjudication, and a documented rule-based title scope screen excluding wrong cancer types, preclinical/mechanism-only studies, off-topic diagnostic/surgical-technique papers, and single-patient case reports. Not yet individually reviewed for the golden evidence map.",,sha256:4278c93d9d9308da671d9faff52d3fd123140df543fc5d8e752cd2531e71f3fb,paper,,,,,,"Acquired via bulk PMC OA ingestion pipeline (work/oncology/acquisition_receipt.json), not individually hand-curated. study_type/population/intervention/comparator left blank pending evidence-record-level review."
oncology-ghiringhelli-2026-the-promise-of-il-1-modulation,The promise of IL-1β modulation in NSCLC clinical context.,François Ghiringhelli; Cédric Rébé,2026,Frontiers in immunology,10.3389/fimmu.2026.1773253,41694383,,PMC12901384,https://pmc.ncbi.nlm.nih.gov/articles/PMC12901384/,https://pmc-oa-opendata.s3.amazonaws.com/PMC12901384.1/PMC12901384.1.pdf?md5=c6db8b1efd444873c90838887e13d069,PMC12901384.pdf,2026-08-08,CC BY,https://creativecommons.org/licenses/by/4.0/,approved_open_access,included,"Bulk PMC Open Access Subset acquisition matching this corpus's scope vocabulary (NSCLC + PD-1/PD-L1 checkpoint-inhibitor terms), deterministic identity/license/full-text adjudication, and a documented rule-based title scope screen excluding wrong cancer types, preclinical/mechanism-only studies, off-topic diagnostic/surgical-technique papers, and single-patient case reports. Not yet individually reviewed for the golden evidence map.",,sha256:dd32359cf179a0b11179859ff6ba9345176accbf378477505404f2b338511613,paper,,,,,,"Acquired via bulk PMC OA ingestion pipeline (work/oncology/acquisition_receipt.json), not individually hand-curated. study_type/population/intervention/comparator left blank pending evidence-record-level review."
oncology-japelj-2026-timing-and-intensity-of-proton,Timing and intensity of proton pump inhibitor exposure hampers overall survival in patients with metastatic non-small cell lung cancer treated with immune checkpoint inhibitors: a retrospective cohort study.,Nuša Japelj; Nejc Horvat; Janja Jazbar; Mitja Kos; Veronika Pelicon Kapušin; Lea Knez,2026,Frontiers in immunology,10.3389/fimmu.2026.1682723,41685328,,PMC12891114,https://pmc.ncbi.nlm.nih.gov/articles/PMC12891114/,https://pmc-oa-opendata.s3.amazonaws.com/PMC12891114.1/PMC12891114.1.pdf?md5=4603d7fa1e32d08c4ce5402b519f5cd9,PMC12891114.pdf,2026-08-08,CC BY,https://creativecommons.org/licenses/by/4.0/,approved_open_access,included,"Bulk PMC Open Access Subset acquisition matching this corpus's scope vocabulary (NSCLC + PD-1/PD-L1 checkpoint-inhibitor terms), deterministic identity/license/full-text adjudication, and a documented rule-based title scope screen excluding wrong cancer types, preclinical/mechanism-only studies, off-topic diagnostic/surgical-technique papers, and single-patient case reports. Not yet individually reviewed for the golden evidence map.",,sha256:69ff2ad6ee9ec00b8ffd8a24d2ddc382302a266fa8269a875234c9051ff95631,paper,,,,,,"Acquired via bulk PMC OA ingestion pipeline (work/oncology/acquisition_receipt.json), not individually hand-curated. study_type/population/intervention/comparator left blank pending evidence-record-level review."
oncology-ebzee-2026-comparative-risks-of-pneumonit,Comparative Risks of Pneumonitis Amongst Immune Checkpoint Inhibitors in Patients with Lung Cancer: A Network Meta-Analysis of Randomized Clinical Trials.,Ruba Abdel Razzaq Ebzee; Ibrahim Yusuf Abubeker; Ahmed Aboughalia; Mohammed I Danjuma,2026,"Pharmaceuticals (Basel, Switzerland)",10.3390/ph19020219,41754762,,PMC12943493,https://pmc.ncbi.nlm.nih.gov/articles/PMC12943493/,https://pmc-oa-opendata.s3.amazonaws.com/PMC12943493.1/PMC12943493.1.pdf?md5=14522031aabfe64cb976a92c454591f1,PMC12943493.pdf,2026-08-08,CC BY,https://creativecommons.org/licenses/by/4.0/,approved_open_access,included,"Bulk PMC Open Access Subset acquisition matching this corpus's scope vocabulary (NSCLC + PD-1/PD-L1 checkpoint-inhibitor terms), deterministic identity/license/full-text adjudication, and a documented rule-based title scope screen excluding wrong cancer types, preclinical/mechanism-only studies, off-topic diagnostic/surgical-technique papers, and single-patient case reports. Not yet individually reviewed for the golden evidence map.",,sha256:7110a64fb5a4ca73953d12a27898b43f253e659837caafbfde012afb4b3fb115,paper,,,,,,"Acquired via bulk PMC OA ingestion pipeline (work/oncology/acquisition_receipt.json), not individually hand-curated. study_type/population/intervention/comparator left blank pending evidence-record-level review."
oncology-xu-2026-paroxetine-repurposing-enhance,Paroxetine repurposing enhances antitumor immunity via SPOP-mediated PD-L1 ubiquitination and proteasomal degradation.,Mengting Xu; Saisai Tian; Hanchi Xu; Xinying Xue; Qing Zhang; Hongmei Hu; Gaosong Wu; Xiangxin Geng; Dianping Yu; Hanchen Xu; Mei Xie; Linyang Li; Xinru Li; Simeng Li; Shize Xie; Xuwen Lin; Shuzhen Lyu; Yutong Xie; Biao Zhang; Haiyang Zhou; Qun Wang; Weidong Zhang; Sanhong Liu,2026,Journal of experimental & clinical cancer research : CR,10.1186/s13046-026-03648-z,41593769,,PMC12918487,https://pmc.ncbi.nlm.nih.gov/articles/PMC12918487/,https://pmc-oa-opendata.s3.amazonaws.com/PMC12918487.1/PMC12918487.1.pdf?md5=90c1b36de41f4b7860e49d150de52aef,PMC12918487.pdf,2026-08-08,CC BY,https://creativecommons.org/licenses/by/4.0/,approved_open_access,included,"Bulk PMC Open Access Subset acquisition matching this corpus's scope vocabulary (NSCLC + PD-1/PD-L1 checkpoint-inhibitor terms), deterministic identity/license/full-text adjudication, and a documented rule-based title scope screen excluding wrong cancer types, preclinical/mechanism-only studies, off-topic diagnostic/surgical-technique papers, and single-patient case reports. Not yet individually reviewed for the golden evidence map.",,sha256:a4263059be19e8a8ad8b37dc7b3e838f42969425b6358af26e24f27c9714078b,paper,,,,,,"Acquired via bulk PMC OA ingestion pipeline (work/oncology/acquisition_receipt.json), not individually hand-curated. study_type/population/intervention/comparator left blank pending evidence-record-level review."
oncology-newsom-davis-2025-tropion-lung10-a-phase-3-study,TROPION-Lung10: a phase 3 study of datopotamab deruxtecan and rilvegostomig in patients with treatment-naïve locally advanced or metastatic nonsquamous non-small cell lung cancer with high PD-L1 expression and without actionable genomic alterations.,Thomas Newsom-Davis; Barbara Melosky; Rebecca S Heist; Shun Lu; Giulia Pasello; Xiwei Chen; Marta Stachowiak; Pavlo Lyfar; Alessandra Forcina; Suresh S Ramalingam,2025,Frontiers in oncology,10.3389/fonc.2025.1721624,41669261,,PMC12883807,https://pmc.ncbi.nlm.nih.gov/articles/PMC12883807/,https://pmc-oa-opendata.s3.amazonaws.com/PMC12883807.1/PMC12883807.1.pdf?md5=3c4f9f159eea1a7433d03b0ec3dd98ea,PMC12883807.pdf,2026-08-08,CC BY,https://creativecommons.org/licenses/by/4.0/,approved_open_access,included,"Bulk PMC Open Access Subset acquisition matching this corpus's scope vocabulary (NSCLC + PD-1/PD-L1 checkpoint-inhibitor terms), deterministic identity/license/full-text adjudication, and a documented rule-based title scope screen excluding wrong cancer types, preclinical/mechanism-only studies, off-topic diagnostic/surgical-technique papers, and single-patient case reports. Not yet individually reviewed for the golden evidence map.",,sha256:e6e96bd81d9fd529ed2b8c08226384dd4b4791303d215ee367ad891ec5918228,paper,,,,,,"Acquired via bulk PMC OA ingestion pipeline (work/oncology/acquisition_receipt.json), not individually hand-curated. study_type/population/intervention/comparator left blank pending evidence-record-level review."
oncology-qiao-2026-clinical-predictors-of-prognos,Clinical predictors of prognosis in patients with advanced non-small cell lung cancer receiving immunotherapy.,Zhian Qiao; Lin Pang; Hongxin Zheng,2026,Medicine,10.1097/MD.0000000000046949,41578581,,PMC12851775,https://pmc.ncbi.nlm.nih.gov/articles/PMC12851775/,https://pmc-oa-opendata.s3.amazonaws.com/PMC12851775.1/PMC12851775.1.pdf?md5=0fb7fceda66930dba781778442e41a6c,PMC12851775.pdf,2026-08-08,CC BY,https://creativecommons.org/licenses/by/4.0/,approved_open_access,included,"Bulk PMC Open Access Subset acquisition matching this corpus's scope vocabulary (NSCLC + PD-1/PD-L1 checkpoint-inhibitor terms), deterministic identity/license/full-text adjudication, and a documented rule-based title scope screen excluding wrong cancer types, preclinical/mechanism-only studies, off-topic diagnostic/surgical-technique papers, and single-patient case reports. Not yet individually reviewed for the golden evidence map.",,sha256:55bbfa3ae85f034e6d5df96408c3e951447082224df0c4d17a11010197be56c7,paper,,,,,,"Acquired via bulk PMC OA ingestion pipeline (work/oncology/acquisition_receipt.json), not individually hand-curated. study_type/population/intervention/comparator left blank pending evidence-record-level review."
oncology-lee-2026-neoprecis-enhancing-immunother,NeoPrecis: enhancing immunotherapy response prediction through integration of qualified immunogenicity and clonality-aware neoantigen landscapes.,Ko-Han Lee; Timothy J Sears; Maurizio Zanetti; Hannah Carter,2026,Nature communications,10.1038/s41467-026-68651-6,41577704,,PMC12932759,https://pmc.ncbi.nlm.nih.gov/articles/PMC12932759/,https://pmc-oa-opendata.s3.amazonaws.com/PMC12932759.1/PMC12932759.1.pdf?md5=07ac5d801d6e1dc7e71f85c8447da3d1,PMC12932759.pdf,2026-08-08,CC BY,https://creativecommons.org/licenses/by/4.0/,approved_open_access,included,"Bulk PMC Open Access Subset acquisition matching this corpus's scope vocabulary (NSCLC + PD-1/PD-L1 checkpoint-inhibitor terms), deterministic identity/license/full-text adjudication, and a documented rule-based title scope screen excluding wrong cancer types, preclinical/mechanism-only studies, off-topic diagnostic/surgical-technique papers, and single-patient case reports. Not yet individually reviewed for the golden evidence map.",,sha256:d0244d93d7f7746c14deae45c9704ae46209e58e854b2b990442824c4cb112ed,paper,,,,,,"Acquired via bulk PMC OA ingestion pipeline (work/oncology/acquisition_receipt.json), not individually hand-curated. study_type/population/intervention/comparator left blank pending evidence-record-level review."
oncology-zhang-2026-targeted-induction-of-cancer-c,Targeted Induction of Cancer Cell Necroptosis Potentiates Anti-PD-1 Immunotherapy via CD80 Activation.,Xu Zhang; Detian Zhang; Zhe Zhou; Waner Liu; Susi Zhu; Siyu Xiong; Xiang Chen; Cong Peng,2026,International journal of biological sciences,10.7150/ijbs.121690,41694588,,PMC12905644,https://pmc.ncbi.nlm.nih.gov/articles/PMC12905644/,https://pmc-oa-opendata.s3.amazonaws.com/PMC12905644.1/PMC12905644.1.pdf?md5=3c21c0d79492b011ef27efd73be11312,PMC12905644.pdf,2026-08-08,CC BY,https://creativecommons.org/licenses/by/4.0/,approved_open_access,included,"Bulk PMC Open Access Subset acquisition matching this corpus's scope vocabulary (NSCLC + PD-1/PD-L1 checkpoint-inhibitor terms), deterministic identity/license/full-text adjudication, and a documented rule-based title scope screen excluding wrong cancer types, preclinical/mechanism-only studies, off-topic diagnostic/surgical-technique papers, and single-patient case reports. Not yet individually reviewed for the golden evidence map.",,sha256:5468bab0812f0e30fae97a66ecb6b95e9de1b7fd11e899903ecb8a0d5dba6530,paper,,,,,,"Acquired via bulk PMC OA ingestion pipeline (work/oncology/acquisition_receipt.json), not individually hand-curated. study_type/population/intervention/comparator left blank pending evidence-record-level review."
oncology-ntostoglou-2026-immunophenotyping-tcf1-express,Immunophenotyping TCF1-expressing TILs: spatial profiling and prognostic value in operable non-small cell lung cancer.,Konstantinos Ntostoglou; Georgios Christodoulopoulos; Katie Stoker; Jean Descarpentrie; Anastasia Xagara; Dora Chatzidaki; Vasiliki Anastasopoulou; Ilias P Nikas; Argyro Ioanna Ieronimaki; Lucy Booth; Sophia Tsoka; Ioannis Vamvakaris; Apostolos Klinakis; Eleni Patsea; Sophia N Karagiannis; Ioannis G Panayiotides; Teresa Frisan; Vassilis Georgoulias; Athanasios Kotsakis; Ioannis S Pateras,2026,Frontiers in immunology,10.3389/fimmu.2026.1731337,41659881,,PMC12872492,https://pmc.ncbi.nlm.nih.gov/articles/PMC12872492/,https://pmc-oa-opendata.s3.amazonaws.com/PMC12872492.1/PMC12872492.1.pdf?md5=97be3abaaf7df24eb2972c46a5b4a76e,PMC12872492.pdf,2026-08-08,CC BY,https://creativecommons.org/licenses/by/4.0/,approved_open_access,included,"Bulk PMC Open Access Subset acquisition matching this corpus's scope vocabulary (NSCLC + PD-1/PD-L1 checkpoint-inhibitor terms), deterministic identity/license/full-text adjudication, and a documented rule-based title scope screen excluding wrong cancer types, preclinical/mechanism-only studies, off-topic diagnostic/surgical-technique papers, and single-patient case reports. Not yet individually reviewed for the golden evidence map.",,sha256:5ec7d42b4f5b5b8d5338188a1af18fc76272c01b7cb1d1161d0361a1b618cece,paper,,,,,,"Acquired via bulk PMC OA ingestion pipeline (work/oncology/acquisition_receipt.json), not individually hand-curated. study_type/population/intervention/comparator left blank pending evidence-record-level review."
oncology-sharma-2026-brain-metastases-from-non-smal,Brain metastases from non-small cell lung cancer: molecular subtypes and emerging CNS-directed precision therapies.,Mehek Sharma; Anvay Shah; Kimberly A Rivera-Caraballo; Girindra Raval; Balveen Kaur; Gerald C Wallace,2026,Frontiers in oncology,10.3389/fonc.2026.1717432,41659723,,PMC12872532,https://pmc.ncbi.nlm.nih.gov/articles/PMC12872532/,https://pmc-oa-opendata.s3.amazonaws.com/PMC12872532.1/PMC12872532.1.pdf?md5=34196c54d7599081386891ef1eb6d879,PMC12872532.pdf,2026-08-08,CC BY,https://creativecommons.org/licenses/by/4.0/,approved_open_access,included,"Bulk PMC Open Access Subset acquisition matching this corpus's scope vocabulary (NSCLC + PD-1/PD-L1 checkpoint-inhibitor terms), deterministic identity/license/full-text adjudication, and a documented rule-based title scope screen excluding wrong cancer types, preclinical/mechanism-only studies, off-topic diagnostic/surgical-technique papers, and single-patient case reports. Not yet individually reviewed for the golden evidence map.",,sha256:c2771fb2089659d47f51e6261fa85398ce83315b3cac1b3b51930d81d1bc22e7,paper,,,,,,"Acquired via bulk PMC OA ingestion pipeline (work/oncology/acquisition_receipt.json), not individually hand-curated. study_type/population/intervention/comparator left blank pending evidence-record-level review."
oncology-yang-2025-prognostic-value-of-prognostic,Prognostic value of Prognostic Nutritional Index in cancer: an umbrella review of systematic review and meta-analysis.,Jiyu Yang; Cuixue Wang; Jian Xue; Xiao Ma; Yingze Hou; Haoran Yuan; Kaiyan Xia; Long Piao; Xianchun Zhou,2025,Frontiers in nutrition,10.3389/fnut.2025.1706534,41648751,,PMC12867775,https://pmc.ncbi.nlm.nih.gov/articles/PMC12867775/,https://pmc-oa-opendata.s3.amazonaws.com/PMC12867775.1/PMC12867775.1.pdf?md5=eb51c6eca7be76089240bfc06c2bdeac,PMC12867775.pdf,2026-08-08,CC BY,https://creativecommons.org/licenses/by/4.0/,approved_open_access,included,"Bulk PMC Open Access Subset acquisition matching this corpus's scope vocabulary (NSCLC + PD-1/PD-L1 checkpoint-inhibitor terms), deterministic identity/license/full-text adjudication, and a documented rule-based title scope screen excluding wrong cancer types, preclinical/mechanism-only studies, off-topic diagnostic/surgical-technique papers, and single-patient case reports. Not yet individually reviewed for the golden evidence map.",,sha256:e03538eab5b14ce764a4808c506db5332ac859edb865d0d37220f8e5600e22a2,paper,,,,,,"Acquired via bulk PMC OA ingestion pipeline (work/oncology/acquisition_receipt.json), not individually hand-curated. study_type/population/intervention/comparator left blank pending evidence-record-level review."
oncology-yin-2026-appropriate-duration-of-first,[Appropriate Duration of First-line Immunotherapy for Advanced NSCLC and Predictive Factors].,Yue Yin; Xiaotong Guo; Jing Ai; Jibo Yue; Lili Deng,2026,Zhongguo fei ai za zhi = Chinese journal of lung cancer,10.3779/j.issn.1009-3419.2026.106.01,41916913,,PMC13046445,https://pmc.ncbi.nlm.nih.gov/articles/PMC13046445/,https://pmc-oa-opendata.s3.amazonaws.com/PMC13046445.1/PMC13046445.1.pdf?md5=1c800f89a0bd9f99000ef0ef7913a075,PMC13046445.pdf,2026-08-08,CC BY,https://creativecommons.org/licenses/by/4.0/,approved_open_access,included,"Bulk PMC Open Access Subset acquisition matching this corpus's scope vocabulary (NSCLC + PD-1/PD-L1 checkpoint-inhibitor terms), deterministic identity/license/full-text adjudication, and a documented rule-based title scope screen excluding wrong cancer types, preclinical/mechanism-only studies, off-topic diagnostic/surgical-technique papers, and single-patient case reports. Not yet individually reviewed for the golden evidence map.",,sha256:6b38f539e860035bc19af1bc53f13e28a4cecc761a56703b48c985049e75881e,paper,,,,,,"Acquired via bulk PMC OA ingestion pipeline (work/oncology/acquisition_receipt.json), not individually hand-curated. study_type/population/intervention/comparator left blank pending evidence-record-level review."
